time,open,high,low,close,tick_volume,spread,real_volume,near_support,near_resistance,at_key_level,level_strength
2025-12-09 16:00:00,1.16286,1.16374,1.16284,1.16353,627,8,0,0,0,0,0.0
2025-12-09 16:15:00,1.16355,1.16399,1.16343,1.16382,621,8,0,0,0,0,0.0
2025-12-09 16:30:00,1.16382,1.16409,1.16354,1.1636199999999999,520,8,0,0,0,0,0.0
2025-12-09 16:45:00,1.16363,1.16388,1.16361,1.16378,467,8,0,0,0,0,0.0
2025-12-09 17:00:00,1.16381,1.16392,1.16332,1.1633499999999999,496,8,0,0,0,0,0.0
2025-12-09 17:15:00,1.16338,1.16345,1.16267,1.16279,526,8,0,0,0,0,0.0
2025-12-09 17:30:00,1.16278,1.16294,1.16246,1.1625,377,8,0,0,0,0,0.0
2025-12-09 17:45:00,1.16249,1.16261,1.16217,1.16237,441,8,0,0,0,0,0.0
2025-12-09 18:00:00,1.16237,1.16246,1.16192,1.16199,444,8,0,0,0,0,0.0
2025-12-09 18:15:00,1.162,1.16222,1.16166,1.16219,389,8,0,0,0,0,0.0
2025-12-09 18:30:00,1.16217,1.1623999999999999,1.16192,1.16217,406,8,0,0,0,0,0.0
2025-12-09 18:45:00,1.16219,1.16245,1.16216,1.16238,278,8,0,0,0,0,0.0
2025-12-09 19:00:00,1.1623999999999999,1.16248,1.16218,1.16241,276,8,0,0,0,0,0.0
2025-12-09 19:15:00,1.16241,1.1628,1.16231,1.16279,319,8,0,0,0,0,0.0
2025-12-09 19:30:00,1.16279,1.16294,1.16261,1.16261,267,8,0,0,0,0,0.0
2025-12-09 19:45:00,1.16261,1.16297,1.16253,1.16281,298,8,0,0,0,0,0.0
2025-12-09 20:00:00,1.16282,1.16316,1.16276,1.16305,283,8,0,0,0,0,0.0
2025-12-09 20:15:00,1.16305,1.16318,1.16289,1.16297,225,8,0,0,0,0,0.0
2025-12-09 20:30:00,1.16297,1.16297,1.16277,1.16278,237,8,0,0,0,0,0.0
2025-12-09 20:45:00,1.16278,1.16283,1.16262,1.1626400000000001,280,8,0,0,0,0,0.0
2025-12-09 21:00:00,1.1626400000000001,1.16286,1.16256,1.1626,201,8,0,0,0,0,0.0
2025-12-09 21:15:00,1.16261,1.16262,1.16246,1.16256,150,8,0,0,0,0,0.0
2025-12-09 21:30:00,1.16254,1.16284,1.16254,1.16279,100,8,0,0,0,0,0.0
2025-12-09 21:45:00,1.16279,1.16289,1.16234,1.16254,252,8,0,0,0,0,0.0
2025-12-09 22:00:00,1.16251,1.16256,1.16233,1.16235,87,20,0,0,0,0,0.0
2025-12-09 22:15:00,1.16236,1.16253,1.16235,1.16247,131,48,0,0,0,0,0.0
2025-12-09 22:30:00,1.16248,1.16268,1.16244,1.16267,128,20,0,0,0,0,0.0
2025-12-09 22:45:00,1.16268,1.16271,1.1623999999999999,1.16263,100,20,0,0,0,0,0.0
2025-12-09 23:00:00,1.16268,1.16281,1.16246,1.1626400000000001,156,8,0,0,0,0,0.0
2025-12-09 23:15:00,1.1626400000000001,1.16267,1.16256,1.1626,96,8,0,0,0,0,0.0
2025-12-09 23:30:00,1.1626,1.16278,1.16256,1.16271,145,8,0,0,0,0,0.0
2025-12-09 23:45:00,1.16271,1.16284,1.16269,1.16278,109,8,0,0,0,0,0.0
2025-12-10 00:00:00,1.16278,1.16286,1.16263,1.16281,176,8,0,0,0,0,0.0
2025-12-10 00:15:00,1.16281,1.16287,1.1625,1.16252,196,8,0,0,0,0,0.0
2025-12-10 00:30:00,1.16252,1.16268,1.1623999999999999,1.16265,205,8,0,0,0,0,0.0
2025-12-10 00:45:00,1.16265,1.16273,1.16247,1.16259,337,8,0,0,0,0,0.0
2025-12-10 01:00:00,1.1626,1.1628,1.16245,1.16271,304,8,0,0,0,0,0.0
2025-12-10 01:15:00,1.16271,1.16283,1.1623999999999999,1.16241,228,8,0,0,0,0,0.0
2025-12-10 01:30:00,1.16242,1.16257,1.16222,1.16233,315,8,0,0,0,0,0.0
2025-12-10 01:45:00,1.16234,1.16254,1.1623,1.16236,233,8,0,0,0,0,0.0
2025-12-10 02:00:00,1.16234,1.16277,1.1623,1.16276,314,8,0,0,0,0,0.0
2025-12-10 02:15:00,1.16277,1.1628,1.16257,1.16265,229,8,0,0,0,0,0.0
2025-12-10 02:30:00,1.16265,1.16277,1.1623999999999999,1.16243,200,8,0,0,0,0,0.0
2025-12-10 02:45:00,1.16243,1.16251,1.1623,1.16236,184,8,0,0,0,0,0.0
2025-12-10 03:00:00,1.16235,1.16251,1.1621299999999999,1.16249,211,8,0,0,0,0,0.0
2025-12-10 03:15:00,1.16249,1.16257,1.16227,1.16235,276,8,0,0,0,0,0.0
2025-12-10 03:30:00,1.16234,1.16268,1.16232,1.1626,205,8,0,0,0,0,0.0
2025-12-10 03:45:00,1.1626,1.16265,1.16236,1.1626,193,8,0,0,0,0,0.0
2025-12-10 04:00:00,1.16262,1.16269,1.16247,1.16263,197,8,0,0,0,0,0.0
2025-12-10 04:15:00,1.16263,1.16271,1.16252,1.16262,123,8,0,0,0,0,0.0
2025-12-10 04:30:00,1.16262,1.16282,1.16254,1.16278,143,8,0,0,0,0,0.0
2025-12-10 04:45:00,1.16278,1.16288,1.1627,1.1627,182,8,0,0,0,0,0.0
2025-12-10 05:00:00,1.16268,1.16281,1.16263,1.1627,177,8,0,0,0,0,0.0
2025-12-10 05:15:00,1.1627,1.16282,1.16261,1.16267,157,8,0,0,0,0,0.0
2025-12-10 05:30:00,1.16267,1.16292,1.1626400000000001,1.1629,200,8,0,0,0,0,0.0
2025-12-10 05:45:00,1.1629,1.16306,1.16285,1.16292,246,8,0,0,0,0,0.0
2025-12-10 06:00:00,1.16292,1.16318,1.16283,1.16313,202,8,0,0,0,0,0.0
2025-12-10 06:15:00,1.16313,1.16331,1.16309,1.16314,204,8,0,0,0,0,0.0
2025-12-10 06:30:00,1.16314,1.16327,1.16293,1.16311,231,8,0,0,0,0,0.0
2025-12-10 06:45:00,1.16312,1.16351,1.16312,1.16347,255,8,0,0,0,0,0.0
2025-12-10 07:00:00,1.16347,1.16382,1.16339,1.16368,341,8,0,0,0,0,0.0
2025-12-10 07:15:00,1.16369,1.16394,1.16364,1.16378,300,8,0,0,0,0,0.0
2025-12-10 07:30:00,1.16378,1.16398,1.16357,1.16382,346,8,0,0,0,0,0.0
2025-12-10 07:45:00,1.16382,1.16491,1.16361,1.16476,826,8,0,0,0,0,0.0
2025-12-10 08:00:00,1.16477,1.16488,1.16432,1.16449,705,8,0,1,0,1,14.0
2025-12-10 08:15:00,1.16449,1.165,1.16437,1.165,466,8,0,0,0,0,0.0
2025-12-10 08:30:00,1.16496,1.16572,1.16472,1.16553,635,8,0,0,1,1,9.0
2025-12-10 08:45:00,1.16554,1.16573,1.16515,1.16521,551,8,0,0,0,0,0.0
2025-12-10 09:00:00,1.16523,1.16528,1.16428,1.16431,619,8,0,1,0,1,14.0
2025-12-10 09:15:00,1.16431,1.16437,1.16365,1.16408,568,8,0,1,0,1,14.0
2025-12-10 09:30:00,1.1641,1.1643,1.16387,1.16395,477,8,0,1,0,1,14.0
2025-12-10 09:45:00,1.16395,1.16421,1.16353,1.1636,510,8,0,0,0,0,0.0
2025-12-10 10:00:00,1.1635900000000001,1.16372,1.16324,1.16372,449,8,0,0,0,0,0.0
2025-12-10 10:15:00,1.16373,1.16393,1.16353,1.1636199999999999,451,8,0,0,0,0,0.0
2025-12-10 10:30:00,1.16363,1.16365,1.16297,1.16306,539,8,0,0,0,0,0.0
2025-12-10 10:45:00,1.16306,1.16354,1.16273,1.16341,656,8,0,0,0,0,0.0
2025-12-10 11:00:00,1.1634,1.1635900000000001,1.16307,1.16321,583,8,0,0,0,0,0.0
2025-12-10 11:15:00,1.16321,1.1638,1.16318,1.16351,446,8,0,0,0,0,0.0
2025-12-10 11:30:00,1.16351,1.16351,1.16313,1.16348,339,8,0,0,0,0,0.0
2025-12-10 11:45:00,1.16345,1.16355,1.16297,1.16346,427,8,0,0,0,0,0.0
2025-12-10 12:00:00,1.16348,1.16367,1.16332,1.1636,354,8,0,0,0,0,0.0
2025-12-10 12:15:00,1.16361,1.16381,1.16326,1.16376,369,8,0,0,0,0,0.0
2025-12-10 12:30:00,1.16377,1.16403,1.16372,1.164,355,8,0,1,0,1,14.0
2025-12-10 12:45:00,1.164,1.16418,1.16376,1.16391,458,8,0,1,0,1,14.0
2025-12-10 13:00:00,1.16391,1.16416,1.16311,1.16329,700,8,0,0,0,0,0.0
2025-12-10 13:15:00,1.1633,1.16351,1.16272,1.16341,582,8,0,0,0,0,0.0
2025-12-10 13:30:00,1.16344,1.16368,1.16321,1.16349,691,8,0,0,0,0,0.0
2025-12-10 13:45:00,1.16349,1.16417,1.16346,1.16397,707,8,0,1,0,1,14.0
2025-12-10 14:00:00,1.16395,1.16441,1.16364,1.1639,896,8,0,1,0,1,14.0
2025-12-10 14:15:00,1.16392,1.16432,1.1633499999999999,1.16352,703,8,0,0,0,0,0.0
2025-12-10 14:30:00,1.16352,1.16398,1.16337,1.16371,659,8,0,0,0,0,0.0
2025-12-10 14:45:00,1.16373,1.16446,1.1635900000000001,1.16429,891,8,0,1,0,1,14.0
2025-12-10 15:00:00,1.16428,1.16509,1.16428,1.1645699999999999,770,8,0,0,0,0,0.0
2025-12-10 15:15:00,1.16458,1.1646,1.16393,1.16398,582,8,0,1,0,1,14.0
2025-12-10 15:30:00,1.16395,1.16425,1.16364,1.16387,677,8,0,1,0,1,14.0
2025-12-10 15:45:00,1.16385,1.16419,1.16343,1.16415,781,8,0,1,0,1,14.0
2025-12-10 16:00:00,1.16412,1.16454,1.16369,1.16444,598,8,0,1,0,1,14.0
2025-12-10 16:15:00,1.16442,1.16493,1.16431,1.16465,487,8,0,0,0,0,0.0
2025-12-10 16:30:00,1.16466,1.1648,1.16451,1.16453,454,8,0,1,0,1,14.0
2025-12-10 16:45:00,1.16453,1.16495,1.16435,1.16495,458,8,0,0,0,0,0.0
2025-12-10 17:00:00,1.16494,1.16509,1.16453,1.16507,448,8,0,0,0,0,0.0
2025-12-10 17:15:00,1.1650800000000001,1.16545,1.16507,1.16537,468,8,0,0,0,0,0.0
2025-12-10 17:30:00,1.16537,1.16555,1.16528,1.16552,393,8,0,0,1,1,9.0
2025-12-10 17:45:00,1.16552,1.16599,1.16535,1.16583,471,8,0,0,1,1,9.0
2025-12-10 18:00:00,1.16581,1.16596,1.16561,1.16568,330,8,0,0,1,1,9.0
2025-12-10 18:15:00,1.16568,1.16596,1.16545,1.16595,324,8,0,0,1,1,9.0
2025-12-10 18:30:00,1.16593,1.16606,1.16536,1.16564,429,8,0,0,1,1,9.0
2025-12-10 18:45:00,1.16563,1.16595,1.16535,1.16554,458,8,0,0,1,1,9.0
2025-12-10 19:00:00,1.16552,1.16758,1.16472,1.16689,2691,8,0,0,0,0,0.0
2025-12-10 19:15:00,1.1669,1.16747,1.16616,1.16641,1420,8,0,0,0,0,0.0
2025-12-10 19:30:00,1.16643,1.16809,1.16464,1.16515,7470,8,0,0,0,0,0.0
2025-12-10 19:45:00,1.16512,1.16805,1.1649,1.16778,3775,8,0,0,0,0,0.0
2025-12-10 20:00:00,1.16776,1.16992,1.16733,1.16985,2355,8,0,0,0,0,0.0
2025-12-10 20:15:00,1.16983,1.16993,1.16876,1.16938,1727,8,0,0,0,0,0.0
2025-12-10 20:30:00,1.16937,1.16967,1.16881,1.16922,1033,8,0,0,0,0,0.0
2025-12-10 20:45:00,1.1692,1.16964,1.16912,1.16936,721,8,0,0,0,0,0.0
2025-12-10 21:00:00,1.1693500000000001,1.16944,1.16893,1.16915,428,8,0,0,0,0,0.0
2025-12-10 21:15:00,1.16916,1.16944,1.16895,1.16928,339,8,0,0,0,0,0.0
2025-12-10 21:30:00,1.16928,1.16931,1.16896,1.16905,273,8,0,0,0,0,0.0
2025-12-10 21:45:00,1.16905,1.1695,1.16892,1.16948,366,8,0,0,0,0,0.0
2025-12-10 22:00:00,1.16948,1.16948,1.16875,1.16894,176,20,0,0,0,0,0.0
2025-12-10 22:15:00,1.16891,1.16907,1.1688,1.16901,212,58,0,0,0,0,0.0
2025-12-10 22:30:00,1.169,1.16904,1.16892,1.16897,240,63,0,0,0,0,0.0
2025-12-10 22:45:00,1.16896,1.1693500000000001,1.16893,1.16923,220,8,0,0,0,0,0.0
2025-12-10 23:00:00,1.16944,1.16983,1.16942,1.16974,201,8,0,0,0,0,0.0
2025-12-10 23:15:00,1.16973,1.16998,1.1697,1.16984,139,8,0,0,0,0,0.0
2025-12-10 23:30:00,1.16984,1.1702,1.16982,1.17012,187,8,0,0,1,1,12.0
2025-12-10 23:45:00,1.17011,1.17023,1.16995,1.17011,207,8,0,0,1,1,12.0
2025-12-11 00:00:00,1.17011,1.17044,1.16988,1.1703000000000001,357,8,0,0,1,1,12.0
2025-12-11 00:15:00,1.17028,1.17034,1.1698,1.16983,281,8,0,0,0,0,0.0
2025-12-11 00:30:00,1.16983,1.16995,1.16968,1.16981,343,8,0,0,0,0,0.0
2025-12-11 00:45:00,1.16983,1.17017,1.16976,1.17016,519,8,0,0,1,1,12.0
2025-12-11 01:00:00,1.17016,1.17071,1.1700599999999999,1.17047,497,8,0,0,1,1,12.0
2025-12-11 01:15:00,1.17049,1.17058,1.17023,1.17036,423,8,0,0,1,1,12.0
2025-12-11 01:30:00,1.17036,1.17044,1.17008,1.17036,417,8,0,0,1,1,12.0
2025-12-11 01:45:00,1.17036,1.17042,1.17,1.17014,336,8,0,0,1,1,12.0
2025-12-11 02:00:00,1.17015,1.17057,1.16999,1.17002,374,8,0,0,1,1,12.0
2025-12-11 02:15:00,1.17002,1.17025,1.16988,1.17019,307,8,0,0,1,1,12.0
2025-12-11 02:30:00,1.17018,1.1702,1.16981,1.16993,424,8,0,0,1,1,12.0
2025-12-11 02:45:00,1.16992,1.16999,1.16929,1.16936,372,8,0,0,0,0,0.0
2025-12-11 03:00:00,1.16936,1.16973,1.16928,1.1693500000000001,450,8,0,0,0,0,0.0
2025-12-11 03:15:00,1.16934,1.16949,1.16904,1.16914,403,8,0,0,0,0,0.0
2025-12-11 03:30:00,1.16913,1.16938,1.16899,1.16932,306,8,0,0,0,0,0.0
2025-12-11 03:45:00,1.16932,1.16942,1.16902,1.16904,216,8,0,0,0,0,0.0
2025-12-11 04:00:00,1.16905,1.16914,1.1689,1.16893,238,8,0,0,0,0,0.0
2025-12-11 04:15:00,1.16892,1.169,1.16852,1.16862,244,8,0,1,0,1,14.0
2025-12-11 04:30:00,1.16862,1.16886,1.16859,1.16862,210,8,0,1,0,1,14.0
2025-12-11 04:45:00,1.16861,1.16904,1.1686,1.16898,283,8,0,0,0,0,0.0
2025-12-11 05:00:00,1.16898,1.16917,1.1688,1.1688399999999999,266,8,0,0,0,0,0.0
2025-12-11 05:15:00,1.1688399999999999,1.16899,1.16867,1.16886,260,8,0,0,0,0,0.0
2025-12-11 05:30:00,1.16886,1.16896,1.16872,1.1688,210,8,0,0,0,0,0.0
2025-12-11 05:45:00,1.1688,1.16887,1.16845,1.16853,330,8,0,1,0,1,14.0
2025-12-11 06:00:00,1.16855,1.16861,1.16833,1.1684,332,8,0,1,0,1,14.0
2025-12-11 06:15:00,1.16841,1.16853,1.16819,1.16835,330,8,0,1,0,1,14.0
2025-12-11 06:30:00,1.16836,1.16871,1.16831,1.16867,333,8,0,1,0,1,14.0
2025-12-11 06:45:00,1.16867,1.16894,1.16856,1.16885,278,8,0,0,0,0,0.0
2025-12-11 07:00:00,1.16888,1.1693500000000001,1.16871,1.16915,503,8,0,0,0,0,0.0
2025-12-11 07:15:00,1.16914,1.16952,1.169,1.1695,452,8,0,0,0,0,0.0
2025-12-11 07:30:00,1.16952,1.17001,1.16923,1.17,496,8,0,0,1,1,12.0
2025-12-11 07:45:00,1.16998,1.1700599999999999,1.16927,1.16933,592,8,0,0,0,0,0.0
2025-12-11 08:00:00,1.16933,1.17024,1.16933,1.16998,700,8,0,0,1,1,12.0
2025-12-11 08:15:00,1.16998,1.17017,1.16962,1.17016,573,8,0,0,1,1,12.0
2025-12-11 08:30:00,1.17016,1.17054,1.17011,1.17025,565,8,0,0,1,1,12.0
2025-12-11 08:45:00,1.17026,1.17063,1.16967,1.1696900000000001,566,8,0,0,0,0,0.0
2025-12-11 09:00:00,1.16971,1.1697899999999999,1.16886,1.16899,736,8,0,0,0,0,0.0
2025-12-11 09:15:00,1.16899,1.16939,1.1687,1.16924,583,8,0,0,0,0,0.0
2025-12-11 09:30:00,1.16924,1.16985,1.16923,1.16966,587,8,0,0,0,0,0.0
2025-12-11 09:45:00,1.16966,1.17031,1.16966,1.17017,460,8,0,0,1,1,12.0
2025-12-11 10:00:00,1.17018,1.17038,1.16984,1.17037,584,8,0,0,1,1,12.0
2025-12-11 10:15:00,1.17037,1.17062,1.17023,1.17026,508,8,0,0,1,1,12.0
2025-12-11 10:30:00,1.17026,1.17049,1.17005,1.17009,427,8,0,0,1,1,12.0
2025-12-11 10:45:00,1.17008,1.17074,1.17003,1.1706699999999999,454,8,0,0,0,0,0.0
2025-12-11 11:00:00,1.17066,1.17147,1.17056,1.17131,528,8,0,0,0,0,0.0
2025-12-11 11:15:00,1.17131,1.1717,1.17107,1.1716199999999999,437,8,0,1,0,1,21.0
2025-12-11 11:30:00,1.17161,1.17174,1.17109,1.17141,470,8,0,1,0,1,21.0
2025-12-11 11:45:00,1.17142,1.17155,1.17124,1.1712500000000001,396,8,0,0,0,0,0.0
2025-12-11 12:00:00,1.17124,1.17161,1.17095,1.17156,501,8,0,1,0,1,21.0
2025-12-11 12:15:00,1.17155,1.1719,1.17147,1.17168,452,8,0,1,0,1,21.0
2025-12-11 12:30:00,1.17168,1.17171,1.17133,1.17159,431,8,0,1,0,1,21.0
2025-12-11 12:45:00,1.1716,1.17178,1.171,1.17164,604,8,0,1,0,1,21.0
2025-12-11 13:00:00,1.17166,1.17188,1.1713,1.17148,748,8,0,1,0,1,21.0
2025-12-11 13:15:00,1.1715,1.17215,1.17136,1.17199,608,8,0,1,0,1,21.0
2025-12-11 13:30:00,1.17201,1.17294,1.17153,1.1728,1216,8,0,0,0,0,0.0
2025-12-11 13:45:00,1.1728,1.1736,1.1728,1.17307,931,8,0,0,0,0,0.0
2025-12-11 14:00:00,1.17305,1.17404,1.17298,1.17391,901,8,0,0,1,1,21.0
2025-12-11 14:15:00,1.17393,1.17469,1.17393,1.17449,712,8,0,0,1,1,21.0
2025-12-11 14:30:00,1.17452,1.1748,1.1741,1.17434,885,8,0,0,1,1,21.0
2025-12-11 14:45:00,1.17432,1.17438,1.1734499999999999,1.17371,922,8,0,0,0,0,0.0
2025-12-11 15:00:00,1.17372,1.17473,1.17316,1.17461,1031,8,0,0,0,0,0.0
2025-12-11 15:15:00,1.17461,1.17487,1.17423,1.17484,895,8,0,0,0,0,0.0
2025-12-11 15:30:00,1.17483,1.17513,1.17456,1.17506,750,8,0,0,0,0,0.0
2025-12-11 15:45:00,1.17505,1.17568,1.17497,1.17557,768,8,0,0,0,0,0.0
2025-12-11 16:00:00,1.17557,1.17592,1.17516,1.17581,765,8,0,0,0,0,0.0
2025-12-11 16:15:00,1.17581,1.17593,1.1746699999999999,1.17468,714,8,0,0,0,0,0.0
2025-12-11 16:30:00,1.1746699999999999,1.1751800000000001,1.17459,1.17488,632,8,0,0,0,0,0.0
2025-12-11 16:45:00,1.17488,1.17568,1.17488,1.1755,624,8,0,0,0,0,0.0
2025-12-11 17:00:00,1.17549,1.17624,1.17548,1.1758899999999999,679,8,0,0,0,0,0.0
2025-12-11 17:15:00,1.1758899999999999,1.1762,1.17563,1.17569,595,8,0,0,0,0,0.0
2025-12-11 17:30:00,1.1757,1.1757,1.17494,1.17561,632,8,0,0,0,0,0.0
2025-12-11 17:45:00,1.17561,1.17571,1.17536,1.17547,446,8,0,0,0,0,0.0
2025-12-11 18:00:00,1.17546,1.1758,1.17529,1.1755,386,8,0,0,0,0,0.0
2025-12-11 18:15:00,1.1755,1.17591,1.1751800000000001,1.17538,456,8,0,0,0,0,0.0
2025-12-11 18:30:00,1.17538,1.17547,1.17507,1.17545,415,8,0,0,0,0,0.0
2025-12-11 18:45:00,1.17545,1.17551,1.17522,1.17531,345,8,0,0,0,0,0.0
2025-12-11 19:00:00,1.17531,1.17531,1.1746699999999999,1.17492,428,8,0,0,0,0,0.0
2025-12-11 19:15:00,1.17492,1.17533,1.17475,1.17526,324,8,0,0,0,0,0.0
2025-12-11 19:30:00,1.17526,1.17529,1.17465,1.17468,355,8,0,0,0,0,0.0
2025-12-11 19:45:00,1.1746699999999999,1.17478,1.17401,1.17408,485,8,0,0,1,1,21.0
2025-12-11 20:00:00,1.17408,1.17408,1.17363,1.1738,518,8,0,0,1,1,21.0
2025-12-11 20:15:00,1.17381,1.17433,1.17376,1.17433,322,8,0,0,1,1,21.0
2025-12-11 20:30:00,1.17433,1.17454,1.17413,1.1743000000000001,347,8,0,0,1,1,21.0
2025-12-11 20:45:00,1.1743000000000001,1.17445,1.17404,1.17408,245,8,0,0,1,1,21.0
2025-12-11 21:00:00,1.17407,1.1743000000000001,1.17394,1.1743000000000001,262,8,0,0,1,1,21.0
2025-12-11 21:15:00,1.17429,1.1743000000000001,1.1739600000000001,1.17415,211,8,0,0,1,1,21.0
2025-12-11 21:30:00,1.17416,1.17416,1.17393,1.17404,194,8,0,0,1,1,21.0
2025-12-11 21:45:00,1.17404,1.17404,1.17356,1.17356,295,8,0,0,0,0,0.0
2025-12-11 22:00:00,1.17357,1.1738,1.17354,1.17368,96,20,0,0,0,0,0.0
2025-12-11 22:15:00,1.17367,1.17375,1.1736,1.17373,79,48,0,0,0,0,0.0
2025-12-11 22:30:00,1.17374,1.17393,1.17367,1.17367,119,20,0,0,0,0,0.0
2025-12-11 22:45:00,1.17367,1.17394,1.17363,1.17394,107,8,0,0,1,1,21.0
2025-12-11 23:00:00,1.17394,1.17417,1.17385,1.17397,205,8,0,0,1,1,21.0
2025-12-11 23:15:00,1.17397,1.174,1.17392,1.17395,118,8,0,0,1,1,21.0
2025-12-11 23:30:00,1.1739600000000001,1.1739600000000001,1.1736900000000001,1.17382,164,8,0,0,1,1,21.0
2025-12-11 23:45:00,1.17382,1.1740599999999999,1.17381,1.17404,134,8,0,0,1,1,21.0
2025-12-12 00:00:00,1.1740599999999999,1.17439,1.1740599999999999,1.17435,338,8,0,0,1,1,21.0
2025-12-12 00:15:00,1.17434,1.17442,1.17422,1.1743000000000001,280,8,0,0,1,1,21.0
2025-12-12 00:30:00,1.17429,1.17439,1.17411,1.17428,296,8,0,0,1,1,21.0
2025-12-12 00:45:00,1.17429,1.17441,1.17386,1.17402,427,8,0,0,1,1,21.0
2025-12-12 01:00:00,1.17402,1.17414,1.17376,1.1740599999999999,397,8,0,0,1,1,21.0
2025-12-12 01:15:00,1.1740599999999999,1.17459,1.1740599999999999,1.17453,326,8,0,0,0,0,0.0
2025-12-12 01:30:00,1.17453,1.17454,1.17363,1.17366,348,8,0,0,0,0,0.0
2025-12-12 01:45:00,1.17364,1.17377,1.17322,1.17346,359,8,0,0,0,0,0.0
2025-12-12 02:00:00,1.17346,1.17364,1.1731,1.17361,425,8,0,0,0,0,0.0
2025-12-12 02:15:00,1.17361,1.17362,1.17328,1.1733,297,8,0,0,0,0,0.0
2025-12-12 02:30:00,1.1733,1.17374,1.17325,1.17363,260,8,0,0,0,0,0.0
2025-12-12 02:45:00,1.17363,1.17363,1.1734499999999999,1.17357,235,8,0,0,0,0,0.0
2025-12-12 03:00:00,1.17357,1.17358,1.17329,1.17343,210,8,0,0,0,0,0.0
2025-12-12 03:15:00,1.17343,1.17372,1.1734,1.17358,186,8,0,0,0,0,0.0
2025-12-12 03:30:00,1.17359,1.17367,1.1734499999999999,1.1735,159,8,0,0,0,0,0.0
2025-12-12 03:45:00,1.1735,1.17367,1.17338,1.17339,169,8,0,0,0,0,0.0
2025-12-12 04:00:00,1.17339,1.17343,1.17315,1.17316,172,8,0,0,0,0,0.0
2025-12-12 04:15:00,1.17316,1.17348,1.1731,1.17342,202,8,0,0,0,0,0.0
2025-12-12 04:30:00,1.17342,1.17352,1.17331,1.17341,226,8,0,0,0,0,0.0
2025-12-12 04:45:00,1.17341,1.17353,1.17313,1.17316,213,8,0,0,0,0,0.0
2025-12-12 05:00:00,1.17316,1.1734,1.17314,1.17339,225,8,0,0,0,0,0.0
2025-12-12 05:15:00,1.17339,1.17355,1.17333,1.17338,156,8,0,0,0,0,0.0
2025-12-12 05:30:00,1.17337,1.17371,1.17337,1.17363,208,8,0,0,0,0,0.0
2025-12-12 05:45:00,1.17361,1.1739,1.17356,1.17384,244,8,0,0,1,1,21.0
2025-12-12 06:00:00,1.17384,1.17414,1.1736900000000001,1.17404,319,8,0,0,1,1,21.0
2025-12-12 06:15:00,1.17405,1.17405,1.17368,1.17381,284,8,0,0,1,1,21.0
2025-12-12 06:30:00,1.1738,1.17386,1.1733500000000001,1.17358,300,8,0,0,0,0,0.0
2025-12-12 06:45:00,1.17358,1.1739,1.17347,1.17385,332,8,0,0,1,1,21.0
2025-12-12 07:00:00,1.17382,1.17402,1.17353,1.17386,551,8,0,0,1,1,21.0
2025-12-12 07:15:00,1.17386,1.17395,1.17355,1.17388,420,8,0,0,1,1,21.0
2025-12-12 07:30:00,1.1739,1.1743000000000001,1.1738,1.17395,458,8,0,0,1,1,21.0
2025-12-12 07:45:00,1.17393,1.17412,1.17362,1.17376,473,8,0,0,0,0,0.0
2025-12-12 08:00:00,1.17377,1.1742,1.17349,1.17365,764,8,0,0,0,0,0.0
2025-12-12 08:15:00,1.17362,1.17418,1.17354,1.17388,618,8,0,0,1,1,21.0
2025-12-12 08:30:00,1.17388,1.17399,1.17353,1.17368,617,8,0,0,0,0,0.0
2025-12-12 08:45:00,1.17367,1.17371,1.17278,1.17278,606,8,0,0,0,0,0.0
2025-12-12 09:00:00,1.17276,1.1732,1.17266,1.17318,579,8,0,0,0,0,0.0
2025-12-12 09:15:00,1.1732,1.1732,1.17287,1.17297,391,8,0,0,0,0,0.0
2025-12-12 09:30:00,1.17296,1.17321,1.17278,1.17304,458,8,0,0,0,0,0.0
2025-12-12 09:45:00,1.17304,1.1734499999999999,1.17295,1.17325,477,8,0,0,0,0,0.0
2025-12-12 10:00:00,1.17325,1.17325,1.17296,1.17305,430,8,0,0,0,0,0.0
2025-12-12 10:15:00,1.17306,1.1733,1.17253,1.17256,456,8,0,0,0,0,0.0
2025-12-12 10:30:00,1.17254,1.17277,1.17248,1.17251,356,8,0,0,0,0,0.0
2025-12-12 10:45:00,1.17249,1.17273,1.17241,1.17272,396,8,0,0,0,0,0.0
2025-12-12 11:00:00,1.17272,1.17286,1.17258,1.17259,371,8,0,0,0,0,0.0
2025-12-12 11:15:00,1.17258,1.17289,1.1722299999999999,1.17231,364,8,0,0,0,0,0.0
2025-12-12 11:30:00,1.17231,1.17243,1.17221,1.17241,276,8,0,0,0,0,0.0
2025-12-12 11:45:00,1.17241,1.17286,1.17241,1.17265,364,8,0,0,0,0,0.0
2025-12-12 12:00:00,1.17265,1.17278,1.17216,1.17228,510,8,0,0,0,0,0.0
2025-12-12 12:15:00,1.17228,1.17257,1.17219,1.17229,341,8,0,0,0,0,0.0
2025-12-12 12:30:00,1.17232,1.1724,1.17198,1.17202,348,8,0,1,0,1,21.0
2025-12-12 12:45:00,1.17202,1.17251,1.17192,1.17248,451,8,0,0,0,0,0.0
2025-12-12 13:00:00,1.1724700000000001,1.17325,1.17234,1.17294,646,8,0,0,0,0,0.0
2025-12-12 13:15:00,1.17295,1.17323,1.17262,1.17311,530,8,0,0,0,0,0.0
2025-12-12 13:30:00,1.1730800000000001,1.17348,1.17302,1.17326,537,8,0,0,0,0,0.0
2025-12-12 13:45:00,1.17325,1.17331,1.17258,1.17272,594,8,0,0,0,0,0.0
2025-12-12 14:00:00,1.17271,1.17292,1.17228,1.17257,757,8,0,0,0,0,0.0
2025-12-12 14:15:00,1.17259,1.1732,1.17259,1.1732,740,8,0,0,0,0,0.0
2025-12-12 14:30:00,1.17319,1.17388,1.17311,1.17372,757,8,0,0,0,0,0.0
2025-12-12 14:45:00,1.17374,1.17431,1.17362,1.17416,706,8,0,0,1,1,21.0
2025-12-12 15:00:00,1.17415,1.17446,1.17368,1.17376,744,8,0,0,0,0,0.0
2025-12-12 15:15:00,1.17375,1.17377,1.17291,1.17355,845,8,0,0,0,0,0.0
2025-12-12 15:30:00,1.17356,1.17398,1.17336,1.17354,869,8,0,0,0,0,0.0
2025-12-12 15:45:00,1.17356,1.1739,1.17327,1.17378,828,8,0,0,0,0,0.0
2025-12-12 16:00:00,1.17377,1.17429,1.17366,1.17375,806,8,0,0,0,0,0.0
2025-12-12 16:15:00,1.17377,1.1741,1.17352,1.17361,625,8,0,0,0,0,0.0
2025-12-12 16:30:00,1.17361,1.17363,1.17259,1.1728,727,8,0,0,0,0,0.0
2025-12-12 16:45:00,1.17279,1.17328,1.17272,1.17307,540,8,0,0,0,0,0.0
2025-12-12 17:00:00,1.17307,1.17332,1.17295,1.17325,489,8,0,0,0,0,0.0
2025-12-12 17:15:00,1.17324,1.17425,1.17315,1.17425,516,8,0,0,1,1,21.0
2025-12-12 17:30:00,1.17425,1.17478,1.1740599999999999,1.17476,438,8,0,0,0,0,0.0
2025-12-12 17:45:00,1.17475,1.17477,1.17442,1.17471,383,8,0,0,0,0,0.0
2025-12-12 18:00:00,1.17472,1.17483,1.17441,1.17459,457,8,0,0,0,0,0.0
2025-12-12 18:15:00,1.1746,1.17488,1.17454,1.17475,391,8,0,0,0,0,0.0
2025-12-12 18:30:00,1.17477,1.17494,1.1746,1.17461,318,8,0,0,0,0,0.0
2025-12-12 18:45:00,1.17461,1.17466,1.17403,1.17411,336,8,0,0,1,1,21.0
2025-12-12 19:00:00,1.17413,1.17413,1.17371,1.17391,375,8,0,0,1,1,21.0
2025-12-12 19:15:00,1.17388,1.17408,1.17372,1.17379,272,8,0,0,1,1,21.0
2025-12-12 19:30:00,1.17379,1.17407,1.17375,1.17378,315,8,0,0,0,0,0.0
2025-12-12 19:45:00,1.17377,1.17408,1.1735,1.174,387,8,0,0,1,1,21.0
2025-12-12 20:00:00,1.17399,1.17463,1.17397,1.17446,413,8,0,0,1,1,21.0
2025-12-12 20:15:00,1.17447,1.17449,1.1741,1.1742,276,8,0,0,1,1,21.0
2025-12-12 20:30:00,1.1742,1.1743999999999999,1.1741,1.17423,248,8,0,0,1,1,21.0
2025-12-12 20:45:00,1.17423,1.17431,1.17366,1.17391,839,8,0,0,1,1,21.0
2025-12-12 21:00:00,1.17389,1.17446,1.1738,1.17429,234,8,0,0,1,1,21.0
2025-12-12 21:15:00,1.17427,1.17433,1.17394,1.17397,158,8,0,0,1,1,21.0
2025-12-12 21:30:00,1.17395,1.17429,1.17389,1.17414,189,8,0,0,1,1,21.0
2025-12-12 21:45:00,1.17414,1.17421,1.17381,1.1739600000000001,267,8,0,0,1,1,21.0
2025-12-14 22:00:00,1.17378,1.17378,1.17322,1.17354,105,48,0,0,0,0,0.0
2025-12-14 22:15:00,1.17355,1.1736,1.1735,1.17359,113,48,0,0,0,0,0.0
2025-12-14 22:30:00,1.17356,1.17362,1.17343,1.17348,164,48,0,0,0,0,0.0
2025-12-14 22:45:00,1.17347,1.17359,1.17347,1.17351,104,48,0,0,0,0,0.0
2025-12-14 23:00:00,1.17364,1.17395,1.17352,1.17389,264,8,0,0,1,1,21.0
2025-12-14 23:15:00,1.1739,1.17402,1.17379,1.17387,195,8,0,0,1,1,21.0
2025-12-14 23:30:00,1.17386,1.174,1.17373,1.17393,147,8,0,0,1,1,21.0
2025-12-14 23:45:00,1.17393,1.17399,1.17362,1.17366,172,8,0,0,0,0,0.0
2025-12-15 00:00:00,1.17368,1.17368,1.17317,1.17318,289,8,0,0,0,0,0.0
2025-12-15 00:15:00,1.17318,1.17321,1.17285,1.17285,225,8,0,0,0,0,0.0
2025-12-15 00:30:00,1.17285,1.17314,1.17282,1.17302,243,8,0,0,0,0,0.0
2025-12-15 00:45:00,1.17302,1.17339,1.17296,1.17328,392,8,0,0,0,0,0.0
2025-12-15 01:00:00,1.17327,1.17337,1.17293,1.17309,363,8,0,0,0,0,0.0
2025-12-15 01:15:00,1.1730800000000001,1.1733,1.1729,1.17329,355,8,0,0,0,0,0.0
2025-12-15 01:30:00,1.1733,1.17394,1.17319,1.17387,344,8,0,0,1,1,21.0
2025-12-15 01:45:00,1.17387,1.17421,1.17372,1.17409,382,8,0,0,1,1,21.0
2025-12-15 02:00:00,1.17408,1.17426,1.17368,1.17391,411,8,0,0,1,1,21.0
2025-12-15 02:15:00,1.1739,1.17409,1.17373,1.17405,367,8,0,0,1,1,21.0
2025-12-15 02:30:00,1.17407,1.17423,1.17384,1.17416,415,8,0,0,1,1,21.0
2025-12-15 02:45:00,1.17416,1.17445,1.17397,1.17409,365,8,0,0,1,1,21.0
2025-12-15 03:00:00,1.1741,1.17445,1.17388,1.17393,310,8,0,0,1,1,21.0
2025-12-15 03:15:00,1.17394,1.17409,1.17376,1.17376,348,8,0,0,0,0,0.0
2025-12-15 03:30:00,1.17376,1.17389,1.17355,1.17364,310,8,0,0,0,0,0.0
2025-12-15 03:45:00,1.17365,1.17366,1.17317,1.1734,250,8,0,0,0,0,0.0
2025-12-15 04:00:00,1.1734,1.17348,1.17326,1.17331,217,8,0,0,0,0,0.0
2025-12-15 04:15:00,1.17331,1.17349,1.17317,1.17349,243,8,0,0,0,0,0.0
2025-12-15 04:30:00,1.17351,1.17355,1.17334,1.17348,254,8,0,0,0,0,0.0
2025-12-15 04:45:00,1.17347,1.17351,1.1732,1.17321,203,8,0,0,0,0,0.0
2025-12-15 05:00:00,1.17322,1.1734,1.17318,1.17339,198,8,0,0,0,0,0.0
2025-12-15 05:15:00,1.1734,1.17343,1.17322,1.17328,201,8,0,0,0,0,0.0
2025-12-15 05:30:00,1.17328,1.1735,1.17324,1.17334,302,8,0,0,0,0,0.0
2025-12-15 05:45:00,1.17334,1.17356,1.17328,1.17341,271,8,0,0,0,0,0.0
2025-12-15 06:00:00,1.1734,1.17344,1.17298,1.17328,312,8,0,0,0,0,0.0
2025-12-15 06:15:00,1.17329,1.17353,1.17285,1.17348,461,8,0,0,0,0,0.0
2025-12-15 06:30:00,1.17349,1.17353,1.17304,1.17329,334,8,0,0,0,0,0.0
2025-12-15 06:45:00,1.17329,1.17361,1.17317,1.1735,361,8,0,0,0,0,0.0
2025-12-15 07:00:00,1.17351,1.17379,1.17307,1.1732,497,8,0,0,0,0,0.0
2025-12-15 07:15:00,1.1732,1.17366,1.17309,1.1734,416,8,0,0,0,0,0.0
2025-12-15 07:30:00,1.1734,1.17358,1.17312,1.1732,404,8,0,0,0,0,0.0
2025-12-15 07:45:00,1.1732,1.17336,1.17275,1.17281,493,8,0,0,0,0,0.0
2025-12-15 08:00:00,1.1728,1.17311,1.17259,1.17299,603,8,0,0,0,0,0.0
2025-12-15 08:15:00,1.17299,1.17341,1.17289,1.17326,591,8,0,0,0,0,0.0
2025-12-15 08:30:00,1.17324,1.17384,1.17321,1.17354,560,8,0,0,0,0,0.0
2025-12-15 08:45:00,1.17354,1.17363,1.17311,1.17311,558,8,0,0,0,0,0.0
2025-12-15 09:00:00,1.1731,1.17425,1.17301,1.17415,599,8,0,0,1,1,21.0
2025-12-15 09:15:00,1.17415,1.17424,1.17383,1.17419,495,8,0,0,1,1,21.0
2025-12-15 09:30:00,1.17418,1.17428,1.17388,1.17414,453,8,0,0,1,1,21.0
2025-12-15 09:45:00,1.17413,1.17432,1.1739600000000001,1.17429,392,8,0,0,1,1,21.0
2025-12-15 10:00:00,1.17428,1.17438,1.17412,1.17412,382,8,0,0,1,1,21.0
2025-12-15 10:15:00,1.17413,1.17465,1.17407,1.17428,452,8,0,0,1,1,21.0
2025-12-15 10:30:00,1.17427,1.1743000000000001,1.17388,1.17419,468,8,0,0,1,1,21.0
2025-12-15 10:45:00,1.17418,1.17431,1.17402,1.17425,309,8,0,0,1,1,21.0
2025-12-15 11:00:00,1.17425,1.17456,1.17409,1.17451,275,8,0,0,0,0,0.0
2025-12-15 11:15:00,1.17451,1.17484,1.17449,1.1746699999999999,289,8,0,0,0,0,0.0
2025-12-15 11:30:00,1.17468,1.17486,1.17459,1.17481,316,8,0,0,0,0,0.0
2025-12-15 11:45:00,1.17481,1.17496,1.17448,1.17484,354,8,0,0,0,0,0.0
2025-12-15 12:00:00,1.17484,1.17523,1.17478,1.17503,381,8,0,0,0,0,0.0
2025-12-15 12:15:00,1.17503,1.17545,1.17503,1.17542,331,8,0,0,0,0,0.0
2025-12-15 12:30:00,1.17542,1.17549,1.17521,1.17536,332,8,0,0,0,0,0.0
2025-12-15 12:45:00,1.17536,1.1758899999999999,1.17519,1.17525,544,8,0,0,0,0,0.0
2025-12-15 13:00:00,1.17523,1.17563,1.17514,1.17554,542,8,0,0,0,0,0.0
2025-12-15 13:15:00,1.17554,1.17559,1.1752,1.17545,421,8,0,0,0,0,0.0
2025-12-15 13:30:00,1.17543,1.17595,1.17543,1.17559,536,8,0,0,0,0,0.0
2025-12-15 13:45:00,1.1756,1.1757900000000001,1.17469,1.17472,680,8,0,0,0,0,0.0
2025-12-15 14:00:00,1.1747,1.17478,1.17437,1.17463,657,8,0,0,0,0,0.0
2025-12-15 14:15:00,1.17463,1.17506,1.17446,1.17503,574,8,0,0,0,0,0.0
2025-12-15 14:30:00,1.17503,1.17586,1.17503,1.17573,766,8,0,0,0,0,0.0
2025-12-15 14:45:00,1.17572,1.17638,1.1756199999999999,1.17631,801,8,0,0,1,1,15.0
2025-12-15 15:00:00,1.17633,1.17685,1.17614,1.17636,925,8,0,0,1,1,15.0
2025-12-15 15:15:00,1.17635,1.1768399999999999,1.1756,1.17585,1477,8,0,0,0,0,0.0
2025-12-15 15:30:00,1.17582,1.17629,1.17544,1.17608,986,8,0,0,1,1,15.0
2025-12-15 15:45:00,1.1761,1.1764999999999999,1.17581,1.17625,829,8,0,0,1,1,15.0
2025-12-15 16:00:00,1.17626,1.17626,1.17584,1.17607,637,8,0,0,1,1,15.0
2025-12-15 16:15:00,1.17606,1.17642,1.1758899999999999,1.1758899999999999,660,8,0,0,0,0,0.0
2025-12-15 16:30:00,1.1758899999999999,1.17596,1.1752,1.17535,719,8,0,0,0,0,0.0
2025-12-15 16:45:00,1.17537,1.17583,1.1753,1.1755200000000001,658,8,0,0,0,0,0.0
2025-12-15 17:00:00,1.17551,1.17554,1.1751800000000001,1.1752799999999999,539,8,0,0,0,0,0.0
2025-12-15 17:15:00,1.17529,1.1753,1.17484,1.17496,345,8,0,0,0,0,0.0
2025-12-15 17:30:00,1.17495,1.17513,1.17454,1.17462,481,8,0,0,0,0,0.0
2025-12-15 17:45:00,1.17462,1.17476,1.17444,1.17456,399,8,0,0,0,0,0.0
2025-12-15 18:00:00,1.17456,1.1748,1.17437,1.17448,426,8,0,0,1,1,21.0
2025-12-15 18:15:00,1.17448,1.17449,1.17397,1.1740599999999999,341,8,0,0,1,1,21.0
2025-12-15 18:30:00,1.1740599999999999,1.17425,1.17398,1.1742,333,8,0,0,1,1,21.0
2025-12-15 18:45:00,1.17421,1.17441,1.17389,1.1743000000000001,316,8,0,0,1,1,21.0
2025-12-15 19:00:00,1.17429,1.17435,1.17391,1.17393,276,8,0,0,1,1,21.0
2025-12-15 19:15:00,1.17393,1.17399,1.1738,1.17387,216,8,0,0,1,1,21.0
2025-12-15 19:30:00,1.17387,1.17449,1.17386,1.17449,218,8,0,0,1,1,21.0
2025-12-15 19:45:00,1.17449,1.17495,1.17439,1.17483,289,8,0,0,0,0,0.0
2025-12-15 20:00:00,1.17482,1.17496,1.17471,1.17485,263,8,0,0,0,0,0.0
2025-12-15 20:15:00,1.17485,1.175,1.1748,1.17487,247,8,0,0,0,0,0.0
2025-12-15 20:30:00,1.17488,1.17514,1.17476,1.1751,248,8,0,0,0,0,0.0
2025-12-15 20:45:00,1.1751,1.17515,1.17487,1.17508,203,8,0,0,0,0,0.0
2025-12-15 21:00:00,1.17506,1.17513,1.17485,1.17511,218,8,0,0,0,0,0.0
2025-12-15 21:15:00,1.17511,1.17521,1.17492,1.17505,162,8,0,0,0,0,0.0
2025-12-15 21:30:00,1.17505,1.17521,1.17496,1.17506,128,8,0,0,0,0,0.0
2025-12-15 21:45:00,1.17506,1.17531,1.1749,1.17523,223,8,0,0,0,0,0.0
2025-12-15 22:00:00,1.17524,1.17531,1.17486,1.1749,205,20,0,0,0,0,0.0
2025-12-15 22:15:00,1.1749,1.17509,1.17483,1.17497,129,48,0,0,0,0,0.0
2025-12-15 22:30:00,1.17498,1.17514,1.17492,1.17507,156,20,0,0,0,0,0.0
2025-12-15 22:45:00,1.17508,1.17514,1.1750099999999999,1.17509,97,20,0,0,0,0,0.0
2025-12-15 23:00:00,1.17512,1.17554,1.17512,1.17541,188,8,0,0,0,0,0.0
2025-12-15 23:15:00,1.17539,1.17541,1.17523,1.17537,106,8,0,0,0,0,0.0
2025-12-15 23:30:00,1.17537,1.17545,1.17519,1.17535,121,8,0,0,0,0,0.0
2025-12-15 23:45:00,1.17535,1.17544,1.17529,1.1753,100,8,0,0,0,0,0.0
2025-12-16 00:00:00,1.1753,1.17576,1.1753,1.1757,315,8,0,0,0,0,0.0
2025-12-16 00:15:00,1.17571,1.17575,1.1754,1.17541,240,8,0,0,0,0,0.0
2025-12-16 00:30:00,1.1754,1.17545,1.17519,1.1753,199,8,0,0,0,0,0.0
2025-12-16 00:45:00,1.1753,1.17531,1.17479,1.17495,321,8,0,0,0,0,0.0
2025-12-16 01:00:00,1.17495,1.17521,1.17482,1.17486,409,8,0,0,0,0,0.0
2025-12-16 01:15:00,1.17486,1.17496,1.17473,1.17476,281,8,0,0,0,0,0.0
2025-12-16 01:30:00,1.17475,1.17549,1.1747,1.17524,387,8,0,0,0,0,0.0
2025-12-16 01:45:00,1.17524,1.17529,1.17464,1.17515,482,8,0,0,0,0,0.0
2025-12-16 02:00:00,1.17515,1.17536,1.17496,1.17536,335,8,0,0,0,0,0.0
2025-12-16 02:15:00,1.17536,1.17551,1.17519,1.17543,308,8,0,0,0,0,0.0
2025-12-16 02:30:00,1.17544,1.17558,1.17536,1.17558,227,8,0,0,0,0,0.0
2025-12-16 02:45:00,1.17558,1.1756199999999999,1.1754,1.17551,260,8,0,0,0,0,0.0
2025-12-16 03:00:00,1.1755200000000001,1.17588,1.17533,1.17538,328,8,0,0,0,0,0.0
2025-12-16 03:15:00,1.17538,1.1755,1.17516,1.17519,291,8,0,0,0,0,0.0
2025-12-16 03:30:00,1.17519,1.17521,1.17499,1.175,282,8,0,0,0,0,0.0
2025-12-16 03:45:00,1.175,1.17522,1.17499,1.17515,176,8,0,0,0,0,0.0
2025-12-16 04:00:00,1.17515,1.17531,1.17496,1.17498,178,8,0,0,0,0,0.0
2025-12-16 04:15:00,1.17498,1.17535,1.17496,1.1752799999999999,171,8,0,0,0,0,0.0
2025-12-16 04:30:00,1.1752799999999999,1.17534,1.17515,1.17526,165,8,0,0,0,0,0.0
2025-12-16 04:45:00,1.17526,1.17531,1.17503,1.17507,181,8,0,0,0,0,0.0
2025-12-16 05:00:00,1.17507,1.17529,1.17498,1.1751,205,8,0,0,0,0,0.0
2025-12-16 05:15:00,1.17509,1.17525,1.17503,1.17519,210,8,0,0,0,0,0.0
2025-12-16 05:30:00,1.1752,1.17532,1.17488,1.17519,287,8,0,0,0,0,0.0
2025-12-16 05:45:00,1.17519,1.17538,1.17494,1.1750099999999999,291,8,0,0,0,0,0.0
2025-12-16 06:00:00,1.175,1.17511,1.17481,1.17493,295,8,0,0,0,0,0.0
2025-12-16 06:15:00,1.17493,1.17493,1.17463,1.17472,310,8,0,0,0,0,0.0
2025-12-16 06:30:00,1.17473,1.17509,1.1747,1.17508,268,8,0,0,0,0,0.0
2025-12-16 06:45:00,1.17508,1.17533,1.175,1.17524,272,8,0,0,0,0,0.0
2025-12-16 07:00:00,1.17521,1.1754,1.1743999999999999,1.17469,504,8,0,0,0,0,0.0
2025-12-16 07:15:00,1.1747,1.17495,1.17461,1.17489,377,8,0,0,0,0,0.0
2025-12-16 07:30:00,1.17487,1.1752799999999999,1.17472,1.17515,431,8,0,0,0,0,0.0
2025-12-16 07:45:00,1.17513,1.17521,1.17486,1.17519,477,8,0,0,0,0,0.0
2025-12-16 08:00:00,1.17521,1.1758899999999999,1.17521,1.17573,601,8,0,0,0,0,0.0
2025-12-16 08:15:00,1.17574,1.17636,1.17541,1.17575,632,8,0,0,0,0,0.0
2025-12-16 08:30:00,1.17574,1.17574,1.17463,1.1749100000000001,740,8,0,0,0,0,0.0
2025-12-16 08:45:00,1.1749,1.17559,1.17484,1.1754,631,8,0,0,0,0,0.0
2025-12-16 09:00:00,1.17539,1.17558,1.17499,1.17558,551,8,0,0,0,0,0.0
2025-12-16 09:15:00,1.17558,1.17558,1.17498,1.17511,555,8,0,0,0,0,0.0
2025-12-16 09:30:00,1.1751,1.17611,1.175,1.17576,632,8,0,0,0,0,0.0
2025-12-16 09:45:00,1.17577,1.17615,1.17543,1.17558,542,8,0,0,0,0,0.0
2025-12-16 10:00:00,1.17558,1.17614,1.17558,1.17592,555,8,0,0,1,1,15.0
2025-12-16 10:15:00,1.17593,1.17593,1.1755200000000001,1.17576,396,8,0,0,0,0,0.0
2025-12-16 10:30:00,1.17576,1.17591,1.17533,1.1759,560,8,0,0,1,1,15.0
2025-12-16 10:45:00,1.17588,1.17602,1.17541,1.17569,461,8,0,0,0,0,0.0
2025-12-16 11:00:00,1.17568,1.17571,1.17538,1.1755,328,8,0,0,0,0,0.0
2025-12-16 11:15:00,1.17549,1.17554,1.17514,1.17547,361,8,0,0,0,0,0.0
2025-12-16 11:30:00,1.17546,1.17594,1.17546,1.17586,336,8,0,0,0,0,0.0
2025-12-16 11:45:00,1.17585,1.17629,1.17575,1.17627,381,8,0,0,1,1,15.0
2025-12-16 12:00:00,1.17629,1.17645,1.17603,1.17624,422,8,0,0,1,1,15.0
2025-12-16 12:15:00,1.17625,1.17695,1.1762299999999999,1.17664,505,8,0,0,0,0,0.0
2025-12-16 12:30:00,1.17665,1.17681,1.17639,1.17671,417,8,0,0,0,0,0.0
2025-12-16 12:45:00,1.17669,1.17779,1.17657,1.17774,545,8,0,0,0,0,0.0
2025-12-16 13:00:00,1.17776,1.17781,1.17727,1.17736,741,8,0,0,0,0,0.0
2025-12-16 13:15:00,1.1773500000000001,1.17776,1.17703,1.17704,1099,8,0,0,0,0,0.0
2025-12-16 13:30:00,1.17704,1.17943,1.17615,1.17631,3778,8,0,0,1,1,15.0
2025-12-16 13:45:00,1.17632,1.17763,1.17567,1.17753,2006,8,0,0,0,0,0.0
2025-12-16 14:00:00,1.17751,1.17787,1.17717,1.17744,1465,8,0,0,0,0,0.0
2025-12-16 14:15:00,1.17743,1.17837,1.17686,1.17826,1226,8,0,0,0,0,0.0
2025-12-16 14:30:00,1.17824,1.1786699999999999,1.17813,1.17835,992,8,0,0,0,0,0.0
2025-12-16 14:45:00,1.17838,1.17995,1.17835,1.17991,1150,8,0,0,0,0,0.0
2025-12-16 15:00:00,1.17992,1.18038,1.17856,1.17873,1276,8,0,1,0,1,2.0
2025-12-16 15:15:00,1.17875,1.17879,1.17768,1.17815,1150,8,0,0,0,0,0.0
2025-12-16 15:30:00,1.17815,1.17837,1.17751,1.17759,1046,8,0,0,0,0,0.0
2025-12-16 15:45:00,1.17761,1.17793,1.17671,1.17698,976,8,0,0,0,0,0.0
2025-12-16 16:00:00,1.177,1.17717,1.17608,1.17687,938,8,0,0,0,0,0.0
2025-12-16 16:15:00,1.17687,1.17755,1.17663,1.17726,766,8,0,0,0,0,0.0
2025-12-16 16:30:00,1.17724,1.17729,1.17641,1.17672,750,8,0,0,0,0,0.0
2025-12-16 16:45:00,1.17671,1.17691,1.17645,1.17686,563,8,0,0,0,0,0.0
2025-12-16 17:00:00,1.17688,1.17764,1.17679,1.17752,606,8,0,0,0,0,0.0
2025-12-16 17:15:00,1.17752,1.17757,1.17717,1.17731,470,8,0,0,0,0,0.0
2025-12-16 17:30:00,1.17731,1.17775,1.17713,1.17742,445,8,0,0,0,0,0.0
2025-12-16 17:45:00,1.17742,1.1776200000000001,1.17621,1.17637,558,8,0,0,1,1,15.0
2025-12-16 18:00:00,1.17637,1.17637,1.17527,1.17553,763,8,0,0,0,0,0.0
2025-12-16 18:15:00,1.17553,1.17554,1.17455,1.1745700000000001,598,8,0,0,0,0,0.0
2025-12-16 18:30:00,1.17459,1.17531,1.17448,1.17521,495,8,0,0,0,0,0.0
2025-12-16 18:45:00,1.17521,1.17551,1.17519,1.17527,410,8,0,0,0,0,0.0
2025-12-16 19:00:00,1.17525,1.17525,1.17459,1.17478,407,8,0,0,0,0,0.0
2025-12-16 19:15:00,1.17478,1.17509,1.17343,1.17451,1244,8,0,0,0,0,0.0
2025-12-16 19:30:00,1.17453,1.17588,1.17453,1.17583,755,8,0,0,0,0,0.0
2025-12-16 19:45:00,1.17583,1.1762,1.1756,1.17573,576,8,0,0,0,0,0.0
2025-12-16 20:00:00,1.17571,1.17625,1.17568,1.17591,528,8,0,0,1,1,15.0
2025-12-16 20:15:00,1.1759,1.17592,1.17535,1.17563,371,8,0,0,0,0,0.0
2025-12-16 20:30:00,1.17564,1.17596,1.17549,1.17571,396,8,0,0,0,0,0.0
2025-12-16 20:45:00,1.17571,1.1759,1.17461,1.17476,594,8,0,0,0,0,0.0
2025-12-16 21:00:00,1.17473,1.17509,1.17455,1.17481,396,8,0,0,0,0,0.0
2025-12-16 21:15:00,1.17482,1.17482,1.17461,1.1747,167,8,0,0,0,0,0.0
2025-12-16 21:30:00,1.17468,1.17495,1.17466,1.17482,180,8,0,0,0,0,0.0
2025-12-16 21:45:00,1.17482,1.17506,1.17459,1.17465,205,8,0,0,0,0,0.0
2025-12-16 22:00:00,1.17463,1.17465,1.17442,1.1745,59,20,0,0,0,0,0.0
2025-12-16 22:15:00,1.17449,1.17469,1.17448,1.1745700000000001,119,20,0,0,0,0,0.0
2025-12-16 22:30:00,1.17456,1.17472,1.17455,1.17455,140,20,0,0,0,0,0.0
2025-12-16 22:45:00,1.17454,1.17481,1.17453,1.17481,62,8,0,0,0,0,0.0
2025-12-16 23:00:00,1.17481,1.17503,1.17481,1.17492,151,8,0,0,0,0,0.0
2025-12-16 23:15:00,1.17492,1.175,1.17484,1.17488,96,8,0,0,0,0,0.0
2025-12-16 23:30:00,1.17488,1.17509,1.17487,1.17507,96,8,0,0,0,0,0.0
2025-12-16 23:45:00,1.17507,1.17507,1.17486,1.17489,100,8,0,0,0,0,0.0
2025-12-17 00:00:00,1.1749,1.17492,1.17455,1.17458,209,8,0,0,0,0,0.0
2025-12-17 00:15:00,1.17458,1.17469,1.17449,1.1746699999999999,128,8,0,0,0,0,0.0
2025-12-17 00:30:00,1.1746699999999999,1.17482,1.17458,1.17482,215,8,0,0,0,0,0.0
2025-12-17 00:45:00,1.17483,1.17513,1.17476,1.175,365,8,0,0,0,0,0.0
2025-12-17 01:00:00,1.175,1.1751800000000001,1.17479,1.17496,455,8,0,0,0,0,0.0
2025-12-17 01:15:00,1.17498,1.1752,1.17493,1.17498,271,8,0,0,0,0,0.0
2025-12-17 01:30:00,1.17498,1.17499,1.17451,1.17464,329,8,0,0,0,0,0.0
2025-12-17 01:45:00,1.17464,1.17474,1.17447,1.1747,280,8,0,0,0,0,0.0
2025-12-17 02:00:00,1.1747,1.17477,1.17393,1.17402,399,8,0,0,1,1,21.0
2025-12-17 02:15:00,1.17402,1.1741,1.17371,1.17397,348,8,0,0,1,1,21.0
2025-12-17 02:30:00,1.17399,1.17405,1.17377,1.1739600000000001,340,8,0,0,1,1,21.0
2025-12-17 02:45:00,1.1739600000000001,1.17399,1.1737,1.1739600000000001,297,8,0,0,1,1,21.0
2025-12-17 03:00:00,1.17397,1.17403,1.17366,1.17377,265,8,0,0,0,0,0.0
2025-12-17 03:15:00,1.17375,1.17385,1.1737,1.17376,214,8,0,0,0,0,0.0
2025-12-17 03:30:00,1.17376,1.17391,1.1737,1.17389,223,8,0,0,1,1,21.0
2025-12-17 03:45:00,1.17389,1.17398,1.17378,1.17387,221,8,0,0,1,1,21.0
2025-12-17 04:00:00,1.17387,1.17393,1.17339,1.17344,240,8,0,0,0,0,0.0
2025-12-17 04:15:00,1.17344,1.1735,1.17296,1.173,236,8,0,0,0,0,0.0
2025-12-17 04:30:00,1.17299,1.17317,1.1727400000000001,1.17291,310,8,0,0,0,0,0.0
2025-12-17 04:45:00,1.17291,1.17317,1.17283,1.17294,310,8,0,0,0,0,0.0
2025-12-17 05:00:00,1.17294,1.17303,1.17275,1.17296,239,8,0,0,0,0,0.0
2025-12-17 05:15:00,1.17296,1.17307,1.17271,1.1728,224,8,0,0,0,0,0.0
2025-12-17 05:30:00,1.17281,1.17285,1.17248,1.17273,318,8,0,0,0,0,0.0
2025-12-17 05:45:00,1.1727400000000001,1.1729,1.17246,1.17288,409,8,0,0,0,0,0.0
2025-12-17 06:00:00,1.17289,1.17305,1.17232,1.17235,445,8,0,0,0,0,0.0
2025-12-17 06:15:00,1.17235,1.17242,1.17211,1.17218,399,8,0,0,0,0,0.0
2025-12-17 06:30:00,1.17216,1.17246,1.17202,1.17208,300,8,0,0,0,0,0.0
2025-12-17 06:45:00,1.17208,1.17227,1.17062,1.17095,689,8,0,0,0,0,0.0
2025-12-17 07:00:00,1.17096,1.17109,1.17047,1.17104,1033,8,0,0,0,0,0.0
2025-12-17 07:15:00,1.17105,1.17115,1.17028,1.17097,897,8,0,0,0,0,0.0
2025-12-17 07:30:00,1.17097,1.17123,1.1703999999999999,1.17052,734,8,0,0,1,1,12.0
2025-12-17 07:45:00,1.17053,1.17131,1.17046,1.17126,783,8,0,0,0,0,0.0
2025-12-17 08:00:00,1.17126,1.17151,1.17056,1.17083,725,8,0,0,0,0,0.0
2025-12-17 08:15:00,1.17084,1.17174,1.17074,1.17163,744,8,0,1,0,1,21.0
2025-12-17 08:30:00,1.17163,1.17206,1.17146,1.17153,630,8,0,1,0,1,21.0
2025-12-17 08:45:00,1.17153,1.17198,1.1713,1.17182,560,8,0,1,0,1,21.0
2025-12-17 09:00:00,1.17182,1.17204,1.17121,1.17132,703,8,0,0,0,0,0.0
2025-12-17 09:15:00,1.17132,1.17174,1.17111,1.17155,561,8,0,1,0,1,21.0
2025-12-17 09:30:00,1.17155,1.17175,1.17144,1.17151,473,8,0,1,0,1,21.0
2025-12-17 09:45:00,1.1715200000000001,1.172,1.17129,1.17156,508,8,0,1,0,1,21.0
2025-12-17 10:00:00,1.17157,1.17201,1.17131,1.17165,455,8,0,1,0,1,21.0
2025-12-17 10:15:00,1.17163,1.17171,1.1712500000000001,1.1715,466,8,0,1,0,1,21.0
2025-12-17 10:30:00,1.1715,1.1718,1.17139,1.1717,482,8,0,1,0,1,21.0
2025-12-17 10:45:00,1.1717,1.17249,1.17169,1.1724700000000001,583,8,0,0,0,0,0.0
2025-12-17 11:00:00,1.1724999999999999,1.17269,1.17195,1.17206,495,8,0,0,0,0,0.0
2025-12-17 11:15:00,1.17206,1.17218,1.17142,1.17149,485,8,0,1,0,1,21.0
2025-12-17 11:30:00,1.17149,1.1716199999999999,1.17075,1.17094,503,8,0,0,0,0,0.0
2025-12-17 11:45:00,1.17092,1.17117,1.17076,1.1709,525,8,0,0,0,0,0.0
2025-12-17 12:00:00,1.1709100000000001,1.17159,1.1708,1.17157,540,8,0,1,0,1,21.0
2025-12-17 12:15:00,1.17157,1.17179,1.17144,1.17147,437,8,0,1,0,1,21.0
2025-12-17 12:30:00,1.17147,1.17175,1.17124,1.17155,479,8,0,1,0,1,21.0
2025-12-17 12:45:00,1.17155,1.17271,1.17144,1.17261,650,8,0,0,0,0,0.0
2025-12-17 13:00:00,1.17262,1.1728,1.17194,1.17205,820,8,0,0,0,0,0.0
2025-12-17 13:15:00,1.17208,1.17324,1.17206,1.17238,1025,8,0,0,0,0,0.0
2025-12-17 13:30:00,1.17242,1.17273,1.1721,1.1724,728,8,0,0,0,0,0.0
2025-12-17 13:45:00,1.1724,1.17329,1.17238,1.17315,767,8,0,0,0,0,0.0
2025-12-17 14:00:00,1.17314,1.17375,1.1731,1.17331,741,8,0,0,0,0,0.0
2025-12-17 14:15:00,1.17331,1.17344,1.17281,1.1728399999999999,653,8,0,0,0,0,0.0
2025-12-17 14:30:00,1.1728399999999999,1.17397,1.17279,1.17382,811,8,0,0,1,1,21.0
2025-12-17 14:45:00,1.17383,1.17439,1.17379,1.17408,748,8,0,0,1,1,21.0
2025-12-17 15:00:00,1.17408,1.17504,1.17398,1.1749,792,8,0,0,0,0,0.0
2025-12-17 15:15:00,1.1749,1.17511,1.17439,1.17471,792,8,0,0,0,0,0.0
2025-12-17 15:30:00,1.17471,1.17577,1.1747,1.17535,906,8,0,0,0,0,0.0
2025-12-17 15:45:00,1.17536,1.17551,1.17482,1.17527,1131,8,0,0,0,0,0.0
2025-12-17 16:00:00,1.17524,1.1756,1.17495,1.17506,852,8,0,0,0,0,0.0
2025-12-17 16:15:00,1.17504,1.17557,1.17482,1.1750099999999999,706,8,0,0,0,0,0.0
2025-12-17 16:30:00,1.175,1.17539,1.17477,1.17478,728,8,0,0,0,0,0.0
2025-12-17 16:45:00,1.17477,1.17495,1.17451,1.17468,525,8,0,0,0,0,0.0
2025-12-17 17:00:00,1.17469,1.17543,1.17461,1.17499,475,8,0,0,0,0,0.0
2025-12-17 17:15:00,1.17498,1.17521,1.17478,1.17478,448,8,0,0,0,0,0.0
2025-12-17 17:30:00,1.17477,1.17499,1.17461,1.1748,374,8,0,0,0,0,0.0
2025-12-17 17:45:00,1.17481,1.17516,1.17453,1.17489,562,8,0,0,0,0,0.0
2025-12-17 18:00:00,1.17489,1.17553,1.17489,1.17499,542,8,0,0,0,0,0.0
2025-12-17 18:15:00,1.17499,1.1750099999999999,1.17463,1.17463,385,8,0,0,0,0,0.0
2025-12-17 18:30:00,1.17463,1.1746699999999999,1.17431,1.17434,414,8,0,0,1,1,21.0
2025-12-17 18:45:00,1.17434,1.17455,1.17421,1.17436,402,8,0,0,1,1,21.0
2025-12-17 19:00:00,1.17436,1.17468,1.17429,1.17439,379,8,0,0,1,1,21.0
2025-12-17 19:15:00,1.17439,1.17471,1.17439,1.17454,291,8,0,0,0,0,0.0
2025-12-17 19:30:00,1.17454,1.17459,1.17414,1.17416,321,8,0,0,1,1,21.0
2025-12-17 19:45:00,1.17416,1.17451,1.17412,1.17446,326,8,0,0,1,1,21.0
2025-12-17 20:00:00,1.17445,1.17455,1.17421,1.17427,300,8,0,0,1,1,21.0
2025-12-17 20:15:00,1.17427,1.17436,1.1740599999999999,1.17413,244,8,0,0,1,1,21.0
2025-12-17 20:30:00,1.17412,1.17432,1.17411,1.17431,222,8,0,0,1,1,21.0
2025-12-17 20:45:00,1.17432,1.17459,1.17382,1.17395,312,8,0,0,1,1,21.0
2025-12-17 21:00:00,1.17394,1.17411,1.17383,1.17388,195,8,0,0,1,1,21.0
2025-12-17 21:15:00,1.17388,1.17409,1.17386,1.17393,121,8,0,0,1,1,21.0
2025-12-17 21:30:00,1.17393,1.17412,1.17385,1.1739,152,8,0,0,1,1,21.0
2025-12-17 21:45:00,1.17391,1.17412,1.17384,1.17386,197,8,0,0,1,1,21.0
2025-12-17 22:00:00,1.17386,1.1739600000000001,1.17375,1.17393,55,20,0,0,1,1,21.0
2025-12-17 22:15:00,1.17394,1.17401,1.17389,1.17401,85,48,0,0,1,1,21.0
2025-12-17 22:30:00,1.17401,1.17415,1.17389,1.17392,78,20,0,0,1,1,21.0
2025-12-17 22:45:00,1.17389,1.17397,1.1737,1.17385,187,20,0,0,1,1,21.0
2025-12-17 23:00:00,1.17393,1.17425,1.17393,1.17414,176,8,0,0,1,1,21.0
2025-12-17 23:15:00,1.17414,1.17415,1.17404,1.17411,97,8,0,0,1,1,21.0
2025-12-17 23:30:00,1.17411,1.17431,1.1741,1.17427,107,8,0,0,1,1,21.0
2025-12-17 23:45:00,1.17426,1.1743000000000001,1.17414,1.17414,92,8,0,0,1,1,21.0
2025-12-18 00:00:00,1.17414,1.17421,1.17405,1.17415,199,8,0,0,1,1,21.0
2025-12-18 00:15:00,1.17415,1.17429,1.17404,1.17429,191,8,0,0,1,1,21.0
2025-12-18 00:30:00,1.1743000000000001,1.17455,1.17411,1.17412,224,8,0,0,1,1,21.0
2025-12-18 00:45:00,1.17411,1.17442,1.17399,1.17438,335,8,0,0,1,1,21.0
2025-12-18 01:00:00,1.17438,1.17451,1.17414,1.17425,317,8,0,0,1,1,21.0
2025-12-18 01:15:00,1.17425,1.17434,1.17383,1.17409,359,8,0,0,1,1,21.0
2025-12-18 01:30:00,1.17409,1.17429,1.17362,1.17366,400,8,0,0,0,0,0.0
2025-12-18 01:45:00,1.17367,1.17386,1.17348,1.1738,393,8,0,0,1,1,21.0
2025-12-18 02:00:00,1.1738,1.17408,1.17376,1.17381,399,8,0,0,1,1,21.0
2025-12-18 02:15:00,1.17381,1.17418,1.17363,1.17412,380,8,0,0,1,1,21.0
2025-12-18 02:30:00,1.17415,1.17424,1.1737,1.1737,252,8,0,0,0,0,0.0
2025-12-18 02:45:00,1.17371,1.17412,1.17368,1.17404,207,8,0,0,1,1,21.0
2025-12-18 03:00:00,1.17404,1.17417,1.17389,1.17403,233,8,0,0,1,1,21.0
2025-12-18 03:15:00,1.17403,1.17405,1.17382,1.17394,234,8,0,0,1,1,21.0
2025-12-18 03:30:00,1.17394,1.17401,1.17373,1.17385,179,8,0,0,1,1,21.0
2025-12-18 03:45:00,1.17385,1.17395,1.17372,1.17389,221,8,0,0,1,1,21.0
2025-12-18 04:00:00,1.17389,1.17401,1.1738,1.17399,188,8,0,0,1,1,21.0
2025-12-18 04:15:00,1.17399,1.17403,1.17389,1.17398,134,8,0,0,1,1,21.0
2025-12-18 04:30:00,1.17398,1.1741,1.17382,1.17399,186,8,0,0,1,1,21.0
2025-12-18 04:45:00,1.17399,1.17426,1.1739600000000001,1.17425,187,8,0,0,1,1,21.0
2025-12-18 05:00:00,1.17424,1.17441,1.17417,1.17438,236,8,0,0,1,1,21.0
2025-12-18 05:15:00,1.17438,1.17442,1.17407,1.1743000000000001,258,8,0,0,1,1,21.0
2025-12-18 05:30:00,1.1743000000000001,1.1743999999999999,1.17419,1.17426,201,8,0,0,1,1,21.0
2025-12-18 05:45:00,1.17424,1.17464,1.17419,1.1745700000000001,241,8,0,0,0,0,0.0
2025-12-18 06:00:00,1.1745700000000001,1.17468,1.17422,1.17436,365,8,0,0,1,1,21.0
2025-12-18 06:15:00,1.17436,1.1743999999999999,1.17385,1.17424,359,8,0,0,1,1,21.0
2025-12-18 06:30:00,1.17423,1.1745,1.17412,1.17442,286,8,0,0,1,1,21.0
2025-12-18 06:45:00,1.1743999999999999,1.17464,1.17437,1.17437,312,8,0,0,1,1,21.0
2025-12-18 07:00:00,1.17437,1.17493,1.17426,1.17438,408,8,0,0,1,1,21.0
2025-12-18 07:15:00,1.17439,1.17471,1.17413,1.17439,369,8,0,0,1,1,21.0
2025-12-18 07:30:00,1.17441,1.17441,1.17393,1.1743000000000001,431,8,0,0,1,1,21.0
2025-12-18 07:45:00,1.17432,1.1745,1.17333,1.17334,821,8,0,0,0,0,0.0
2025-12-18 08:00:00,1.17332,1.17368,1.17298,1.1735,654,8,0,0,0,0,0.0
2025-12-18 08:15:00,1.1735,1.17368,1.17325,1.17328,523,8,0,0,0,0,0.0
2025-12-18 08:30:00,1.17328,1.17337,1.17278,1.1732,511,8,0,0,0,0,0.0
2025-12-18 08:45:00,1.17321,1.17321,1.17278,1.17318,547,8,0,0,0,0,0.0
2025-12-18 09:00:00,1.17316,1.17324,1.17253,1.17265,584,8,0,0,0,0,0.0
2025-12-18 09:15:00,1.17266,1.1727400000000001,1.1717,1.17191,663,8,0,1,0,1,21.0
2025-12-18 09:30:00,1.17191,1.17216,1.17184,1.17214,472,8,0,0,0,0,0.0
2025-12-18 09:45:00,1.17214,1.1726,1.17203,1.17216,604,8,0,0,0,0,0.0
2025-12-18 10:00:00,1.17215,1.17239,1.17171,1.1718899999999999,596,8,0,1,0,1,21.0
2025-12-18 10:15:00,1.1719,1.17227,1.17175,1.17215,377,8,0,0,0,0,0.0
2025-12-18 10:30:00,1.17215,1.17251,1.17199,1.17249,331,8,0,0,0,0,0.0
2025-12-18 10:45:00,1.17251,1.17264,1.17221,1.17245,418,8,0,0,0,0,0.0
2025-12-18 11:00:00,1.1724700000000001,1.17261,1.17211,1.17212,401,8,0,0,0,0,0.0
2025-12-18 11:15:00,1.17214,1.17256,1.17208,1.17252,340,8,0,0,0,0,0.0
2025-12-18 11:30:00,1.17251,1.17271,1.1721,1.17222,409,8,0,0,0,0,0.0
2025-12-18 11:45:00,1.17221,1.17244,1.17199,1.17201,415,8,0,1,0,1,21.0
2025-12-18 12:00:00,1.172,1.17231,1.17176,1.17179,922,8,0,1,0,1,21.0
2025-12-18 12:15:00,1.17179,1.17188,1.17118,1.17174,549,8,0,1,0,1,21.0
2025-12-18 12:30:00,1.17174,1.1718899999999999,1.17131,1.17137,542,8,0,1,0,1,21.0
2025-12-18 12:45:00,1.17138,1.1715200000000001,1.17127,1.17137,492,8,0,1,0,1,21.0
2025-12-18 13:00:00,1.17137,1.17237,1.17129,1.17231,699,8,0,0,0,0,0.0
2025-12-18 13:15:00,1.1723,1.17393,1.17226,1.17288,1263,8,0,0,0,0,0.0
2025-12-18 13:30:00,1.17287,1.17558,1.17266,1.17389,2877,8,0,0,1,1,21.0
2025-12-18 13:45:00,1.1739,1.17625,1.17386,1.17465,2232,8,0,0,0,0,0.0
2025-12-18 14:00:00,1.17463,1.17553,1.17408,1.17416,2531,8,0,0,1,1,21.0
2025-12-18 14:15:00,1.17415,1.17459,1.17349,1.17384,1511,8,0,0,1,1,21.0
2025-12-18 14:30:00,1.17385,1.17434,1.17329,1.17334,1258,8,0,0,0,0,0.0
2025-12-18 14:45:00,1.17334,1.17397,1.17323,1.17343,1018,8,0,0,0,0,0.0
2025-12-18 15:00:00,1.17343,1.17401,1.17304,1.17343,1036,8,0,0,0,0,0.0
2025-12-18 15:15:00,1.17342,1.17346,1.17193,1.17231,1051,8,0,0,0,0,0.0
2025-12-18 15:30:00,1.1723,1.17317,1.17157,1.1728,1601,8,0,0,0,0,0.0
2025-12-18 15:45:00,1.17283,1.17315,1.17203,1.17269,1176,8,0,0,0,0,0.0
2025-12-18 16:00:00,1.17268,1.17438,1.17256,1.1741,904,8,0,0,1,1,21.0
2025-12-18 16:15:00,1.17411,1.17456,1.17359,1.17376,755,8,0,0,0,0,0.0
2025-12-18 16:30:00,1.17377,1.17381,1.17292,1.17322,847,8,0,0,0,0,0.0
2025-12-18 16:45:00,1.1732,1.1733,1.17252,1.17277,716,8,0,0,0,0,0.0
2025-12-18 17:00:00,1.17279,1.17286,1.17194,1.17195,793,8,0,1,0,1,21.0
2025-12-18 17:15:00,1.17195,1.17216,1.17148,1.17194,729,8,0,1,0,1,21.0
2025-12-18 17:30:00,1.17193,1.17246,1.1717,1.17237,529,8,0,0,0,0,0.0
2025-12-18 17:45:00,1.17238,1.17243,1.17161,1.17184,488,8,0,1,0,1,21.0
2025-12-18 18:00:00,1.17185,1.17244,1.17149,1.1724,556,8,0,0,0,0,0.0
2025-12-18 18:15:00,1.1724,1.17244,1.17172,1.17203,460,8,0,1,0,1,21.0
2025-12-18 18:30:00,1.17204,1.17222,1.17198,1.17199,300,8,0,1,0,1,21.0
2025-12-18 18:45:00,1.17199,1.1721,1.17181,1.17194,434,8,0,1,0,1,21.0
2025-12-18 19:00:00,1.17194,1.17235,1.17173,1.1721,493,8,0,0,0,0,0.0
2025-12-18 19:15:00,1.1721,1.17236,1.17205,1.1723,316,8,0,0,0,0,0.0
2025-12-18 19:30:00,1.1723,1.1726,1.17221,1.1726,345,8,0,0,0,0,0.0
2025-12-18 19:45:00,1.17259,1.17272,1.17231,1.17246,367,8,0,0,0,0,0.0
2025-12-18 20:00:00,1.17245,1.17273,1.17236,1.1724999999999999,360,8,0,0,0,0,0.0
2025-12-18 20:15:00,1.17249,1.17261,1.17234,1.1724999999999999,299,8,0,0,0,0,0.0
2025-12-18 20:30:00,1.17251,1.17268,1.1724,1.17255,247,8,0,0,0,0,0.0
2025-12-18 20:45:00,1.17255,1.17255,1.172,1.17219,297,8,0,0,0,0,0.0
2025-12-18 21:00:00,1.17218,1.1724999999999999,1.17214,1.17243,220,8,0,0,0,0,0.0
2025-12-18 21:15:00,1.17243,1.17244,1.1723,1.17236,125,8,0,0,0,0,0.0
2025-12-18 21:30:00,1.17236,1.17236,1.1722,1.17226,97,8,0,0,0,0,0.0
2025-12-18 21:45:00,1.17226,1.1724700000000001,1.17221,1.17232,185,8,0,0,0,0,0.0
2025-12-18 22:00:00,1.17233,1.17234,1.17177,1.17206,253,20,0,0,0,0,0.0
2025-12-18 22:15:00,1.17206,1.17234,1.17205,1.17234,231,20,0,0,0,0,0.0
2025-12-18 22:30:00,1.17233,1.17239,1.17201,1.17203,171,20,0,1,0,1,21.0
2025-12-18 22:45:00,1.17205,1.17242,1.17204,1.17236,136,20,0,0,0,0,0.0
2025-12-18 23:00:00,1.17237,1.17272,1.17237,1.17245,182,8,0,0,0,0,0.0
2025-12-18 23:15:00,1.17244,1.17255,1.17237,1.17252,95,8,0,0,0,0,0.0
2025-12-18 23:30:00,1.1724999999999999,1.1726,1.17234,1.17238,107,8,0,0,0,0,0.0
2025-12-18 23:45:00,1.17238,1.17256,1.17238,1.17244,130,8,0,0,0,0,0.0
2025-12-19 00:00:00,1.17243,1.17256,1.17219,1.17222,188,8,0,0,0,0,0.0
2025-12-19 00:15:00,1.17222,1.1723,1.17215,1.17222,141,8,0,0,0,0,0.0
2025-12-19 00:30:00,1.17222,1.17238,1.17214,1.17225,237,8,0,0,0,0,0.0
2025-12-19 00:45:00,1.17224,1.17265,1.17221,1.17261,369,8,0,0,0,0,0.0
2025-12-19 01:00:00,1.17263,1.1728,1.17241,1.1727,245,8,0,0,0,0,0.0
2025-12-19 01:15:00,1.17269,1.17283,1.17228,1.17234,282,8,0,0,0,0,0.0
2025-12-19 01:30:00,1.17234,1.17235,1.172,1.17216,361,8,0,0,0,0,0.0
2025-12-19 01:45:00,1.17217,1.1724999999999999,1.1721,1.17238,283,8,0,0,0,0,0.0
2025-12-19 02:00:00,1.17238,1.17281,1.17238,1.17272,255,8,0,0,0,0,0.0
2025-12-19 02:15:00,1.17273,1.1728,1.17242,1.17254,201,8,0,0,0,0,0.0
2025-12-19 02:30:00,1.17254,1.17258,1.17215,1.17229,213,8,0,0,0,0,0.0
2025-12-19 02:45:00,1.17229,1.17237,1.1721,1.1722299999999999,238,8,0,0,0,0,0.0
2025-12-19 03:00:00,1.17225,1.17246,1.17208,1.17238,262,8,0,0,0,0,0.0
2025-12-19 03:15:00,1.17238,1.17254,1.17187,1.17225,616,8,0,0,0,0,0.0
2025-12-19 03:30:00,1.17224,1.17224,1.17178,1.17183,302,8,0,1,0,1,21.0
2025-12-19 03:45:00,1.17183,1.17217,1.1718,1.17208,270,8,0,0,0,0,0.0
2025-12-19 04:00:00,1.17209,1.1722299999999999,1.17184,1.17194,276,8,0,1,0,1,21.0
2025-12-19 04:15:00,1.17194,1.17194,1.1715200000000001,1.17157,210,8,0,1,0,1,21.0
2025-12-19 04:30:00,1.17157,1.1718,1.17154,1.17167,199,8,0,1,0,1,21.0
2025-12-19 04:45:00,1.17166,1.17177,1.1715200000000001,1.17176,205,8,0,1,0,1,21.0
2025-12-19 05:00:00,1.17176,1.17194,1.17173,1.17183,225,8,0,1,0,1,21.0
2025-12-19 05:15:00,1.17183,1.17199,1.17182,1.17195,177,8,0,1,0,1,21.0
2025-12-19 05:30:00,1.17195,1.17202,1.17174,1.17183,205,8,0,1,0,1,21.0
2025-12-19 05:45:00,1.17183,1.17204,1.17178,1.17196,229,8,0,1,0,1,21.0
2025-12-19 06:00:00,1.17196,1.17212,1.17182,1.172,251,8,0,1,0,1,21.0
2025-12-19 06:15:00,1.172,1.17212,1.17187,1.17193,274,8,0,1,0,1,21.0
2025-12-19 06:30:00,1.17195,1.17208,1.17121,1.17123,654,8,0,0,0,0,0.0
2025-12-19 06:45:00,1.17123,1.17198,1.17114,1.17195,607,8,0,1,0,1,21.0
2025-12-19 07:00:00,1.17196,1.17202,1.17129,1.17137,531,8,0,1,0,1,21.0
2025-12-19 07:15:00,1.17138,1.17161,1.17085,1.17124,605,8,0,0,0,0,0.0
2025-12-19 07:30:00,1.17124,1.17141,1.1708,1.17081,517,8,0,0,0,0,0.0
2025-12-19 07:45:00,1.17083,1.17097,1.17029,1.17076,670,8,0,0,0,0,0.0
2025-12-19 08:00:00,1.17075,1.17131,1.17059,1.17129,645,8,0,0,0,0,0.0
2025-12-19 08:15:00,1.17129,1.17159,1.17106,1.17115,595,8,0,0,0,0,0.0
2025-12-19 08:30:00,1.17114,1.17134,1.17084,1.17106,557,8,0,0,0,0,0.0
2025-12-19 08:45:00,1.17104,1.17146,1.17082,1.17122,507,8,0,0,0,0,0.0
2025-12-19 09:00:00,1.17123,1.1716,1.17108,1.1712500000000001,513,8,0,0,0,0,0.0
2025-12-19 09:15:00,1.1712500000000001,1.17175,1.17112,1.17157,560,8,0,1,0,1,21.0
2025-12-19 09:30:00,1.17155,1.17155,1.17088,1.17132,566,8,0,0,0,0,0.0
2025-12-19 09:45:00,1.17132,1.17158,1.17085,1.17116,649,8,0,0,0,0,0.0
2025-12-19 10:00:00,1.17118,1.17155,1.17106,1.1715200000000001,542,8,0,1,0,1,21.0
2025-12-19 10:15:00,1.17153,1.17174,1.17133,1.17143,370,8,0,1,0,1,21.0
2025-12-19 10:30:00,1.17142,1.17144,1.17085,1.17115,529,8,0,0,0,0,0.0
2025-12-19 10:45:00,1.17115,1.17164,1.17105,1.17158,513,8,0,1,0,1,21.0
2025-12-19 11:00:00,1.17157,1.17174,1.17103,1.17104,433,8,0,0,0,0,0.0
2025-12-19 11:15:00,1.17102,1.1712500000000001,1.17073,1.17118,454,8,0,0,0,0,0.0
2025-12-19 11:30:00,1.17116,1.17129,1.17079,1.1711,470,8,0,0,0,0,0.0
2025-12-19 11:45:00,1.17112,1.17136,1.17103,1.17109,452,8,0,0,0,0,0.0
2025-12-19 12:00:00,1.17107,1.17123,1.1709,1.17123,444,8,0,0,0,0,0.0
2025-12-19 12:15:00,1.17123,1.17131,1.17073,1.17095,420,8,0,0,0,0,0.0
2025-12-19 12:30:00,1.17097,1.17137,1.17093,1.17119,376,8,0,0,0,0,0.0
2025-12-19 12:45:00,1.17119,1.17147,1.1709,1.17097,462,8,0,0,0,0,0.0
2025-12-19 13:00:00,1.17099,1.17123,1.17065,1.17085,636,8,0,0,0,0,0.0
2025-12-19 13:15:00,1.17084,1.1712799999999999,1.17018,1.1712,827,8,0,0,0,0,0.0
2025-12-19 13:30:00,1.17123,1.1718600000000001,1.17115,1.17134,830,8,0,1,0,1,21.0
2025-12-19 13:45:00,1.17135,1.1719,1.17129,1.1719,575,8,0,1,0,1,21.0
2025-12-19 14:00:00,1.17191,1.17337,1.17185,1.1733500000000001,942,8,0,0,0,0,0.0
2025-12-19 14:15:00,1.17333,1.17374,1.1731,1.17325,784,8,0,0,0,0,0.0
2025-12-19 14:30:00,1.17322,1.1735,1.17295,1.1734,790,8,0,0,0,0,0.0
2025-12-19 14:45:00,1.1734,1.17341,1.17258,1.17261,782,8,0,0,0,0,0.0
2025-12-19 15:00:00,1.17261,1.17281,1.17222,1.1723,857,8,0,0,0,0,0.0
2025-12-19 15:15:00,1.17229,1.17237,1.17165,1.17171,712,8,0,1,0,1,21.0
2025-12-19 15:30:00,1.17169,1.17211,1.1714,1.17172,718,8,0,1,0,1,21.0
2025-12-19 15:45:00,1.17173,1.1722,1.1709,1.17092,906,8,0,0,0,0,0.0
2025-12-19 16:00:00,1.17095,1.1715,1.17081,1.17145,617,8,0,1,0,1,21.0
2025-12-19 16:15:00,1.17146,1.17182,1.17116,1.17155,544,8,0,1,0,1,21.0
2025-12-19 16:30:00,1.17156,1.17195,1.1714,1.17169,535,8,0,1,0,1,21.0
2025-12-19 16:45:00,1.17169,1.17206,1.17129,1.17206,537,8,0,0,0,0,0.0
2025-12-19 17:00:00,1.17204,1.17205,1.17132,1.17143,407,8,0,1,0,1,21.0
2025-12-19 17:15:00,1.17142,1.1718600000000001,1.17142,1.1717,481,8,0,1,0,1,21.0
2025-12-19 17:30:00,1.17171,1.17192,1.17161,1.17178,347,8,0,1,0,1,21.0
2025-12-19 17:45:00,1.17178,1.17205,1.17173,1.1719,319,8,0,1,0,1,21.0
2025-12-19 18:00:00,1.1718899999999999,1.17248,1.17176,1.17246,369,8,0,0,0,0,0.0
2025-12-19 18:15:00,1.1724700000000001,1.17268,1.1723,1.17246,405,8,0,0,0,0,0.0
2025-12-19 18:30:00,1.1724700000000001,1.17253,1.17208,1.17212,483,8,0,0,0,0,0.0
2025-12-19 18:45:00,1.17211,1.17236,1.17191,1.17198,342,8,0,1,0,1,21.0
2025-12-19 19:00:00,1.17198,1.17207,1.17161,1.17206,373,8,0,0,0,0,0.0
2025-12-19 19:15:00,1.17205,1.17215,1.17178,1.17204,420,8,0,0,0,0,0.0
2025-12-19 19:30:00,1.17202,1.17207,1.1718,1.17197,275,8,0,1,0,1,21.0
2025-12-19 19:45:00,1.17197,1.1724700000000001,1.17194,1.17232,296,8,0,0,0,0,0.0
2025-12-19 20:00:00,1.17231,1.17252,1.17211,1.17216,275,8,0,0,0,0,0.0
2025-12-19 20:15:00,1.17216,1.17217,1.17191,1.17191,231,8,0,1,0,1,21.0
2025-12-19 20:30:00,1.17191,1.17193,1.17175,1.17178,211,8,0,1,0,1,21.0
2025-12-19 20:45:00,1.17178,1.17188,1.17061,1.17095,605,8,0,0,0,0,0.0
2025-12-19 21:00:00,1.17097,1.17135,1.17086,1.17114,298,8,0,0,0,0,0.0
2025-12-19 21:15:00,1.17114,1.1712799999999999,1.17105,1.17116,196,8,0,0,0,0,0.0
2025-12-19 21:30:00,1.17116,1.17119,1.17077,1.17106,216,8,0,0,0,0,0.0
2025-12-19 21:45:00,1.17106,1.17113,1.17055,1.17087,357,8,0,0,0,0,0.0
2025-12-21 22:00:00,1.17073,1.17136,1.17065,1.17126,117,61,0,0,0,0,0.0
2025-12-21 22:15:00,1.17129,1.17139,1.17088,1.17097,227,51,0,0,0,0,0.0
2025-12-21 22:30:00,1.17097,1.17143,1.1709,1.17116,316,48,0,0,0,0,0.0
2025-12-21 22:45:00,1.17115,1.17143,1.1710099999999999,1.1712500000000001,245,20,0,0,0,0,0.0
2025-12-21 23:00:00,1.1713,1.17149,1.1712,1.17138,267,8,0,1,0,1,21.0
2025-12-21 23:15:00,1.17138,1.17146,1.1712799999999999,1.17142,205,8,0,1,0,1,21.0
2025-12-21 23:30:00,1.17142,1.17142,1.1711,1.17111,253,8,0,0,0,0,0.0
2025-12-21 23:45:00,1.17111,1.17113,1.17059,1.17097,256,8,0,0,0,0,0.0
2025-12-22 00:00:00,1.17095,1.17156,1.17092,1.17137,791,8,0,1,0,1,21.0
2025-12-22 00:15:00,1.17137,1.17148,1.17104,1.17109,600,8,0,0,0,0,0.0
2025-12-22 00:30:00,1.17109,1.17137,1.17099,1.17122,397,8,0,0,0,0,0.0
2025-12-22 00:45:00,1.17122,1.17158,1.17112,1.17155,390,8,0,1,0,1,21.0
2025-12-22 01:00:00,1.17156,1.1718899999999999,1.17134,1.17165,486,8,0,1,0,1,21.0
2025-12-22 01:15:00,1.17165,1.17174,1.1715200000000001,1.17164,236,8,0,1,0,1,21.0
2025-12-22 01:30:00,1.17166,1.1719,1.17139,1.17183,340,8,0,1,0,1,21.0
2025-12-22 01:45:00,1.1718600000000001,1.1718600000000001,1.17148,1.1717,252,8,0,1,0,1,21.0
2025-12-22 02:00:00,1.1717,1.17191,1.17169,1.17183,145,8,0,1,0,1,21.0
2025-12-22 02:15:00,1.17185,1.1718899999999999,1.17168,1.17173,160,8,0,1,0,1,21.0
2025-12-22 02:30:00,1.17173,1.1718899999999999,1.17157,1.17169,155,8,0,1,0,1,21.0
2025-12-22 02:45:00,1.17169,1.17169,1.17149,1.1716,184,8,0,1,0,1,21.0
2025-12-22 03:00:00,1.17161,1.17172,1.17146,1.17156,195,8,0,1,0,1,21.0
2025-12-22 03:15:00,1.17158,1.17169,1.17132,1.17137,242,8,0,1,0,1,21.0
2025-12-22 03:30:00,1.17137,1.17165,1.17136,1.17161,211,8,0,1,0,1,21.0
2025-12-22 03:45:00,1.17161,1.17179,1.17161,1.1717,245,8,0,1,0,1,21.0
2025-12-22 04:00:00,1.1717,1.17184,1.17159,1.17177,199,8,0,1,0,1,21.0
2025-12-22 04:15:00,1.17178,1.17184,1.17168,1.17182,128,8,0,1,0,1,21.0
2025-12-22 04:30:00,1.17182,1.17196,1.17182,1.17194,133,8,0,1,0,1,21.0
2025-12-22 04:45:00,1.17196,1.1721300000000001,1.17192,1.17196,197,8,0,1,0,1,21.0
2025-12-22 05:00:00,1.17196,1.17215,1.17187,1.17214,171,8,0,0,0,0,0.0
2025-12-22 05:15:00,1.1721300000000001,1.17217,1.17197,1.172,142,8,0,1,0,1,21.0
2025-12-22 05:30:00,1.17199,1.17205,1.17153,1.17169,300,8,0,1,0,1,21.0
2025-12-22 05:45:00,1.17169,1.17179,1.17155,1.17171,203,8,0,1,0,1,21.0
2025-12-22 06:00:00,1.17171,1.1718,1.1715200000000001,1.17168,261,8,0,1,0,1,21.0
2025-12-22 06:15:00,1.17168,1.17187,1.17153,1.17165,282,8,0,1,0,1,21.0
2025-12-22 06:30:00,1.17165,1.1717,1.17138,1.1715200000000001,271,8,0,1,0,1,21.0
2025-12-22 06:45:00,1.1715200000000001,1.17158,1.17126,1.17154,246,8,0,1,0,1,21.0
2025-12-22 07:00:00,1.17154,1.17184,1.17146,1.1716,459,8,0,1,0,1,21.0
2025-12-22 07:15:00,1.1716,1.17208,1.17146,1.17198,383,8,0,1,0,1,21.0
2025-12-22 07:30:00,1.17199,1.17242,1.1718600000000001,1.17232,419,8,0,0,0,0,0.0
2025-12-22 07:45:00,1.17233,1.17307,1.17226,1.17285,473,8,0,0,0,0,0.0
2025-12-22 08:00:00,1.17283,1.17314,1.17228,1.17241,602,8,0,0,0,0,0.0
2025-12-22 08:15:00,1.17239,1.1729,1.17231,1.1729,426,8,0,0,0,0,0.0
2025-12-22 08:30:00,1.17292,1.1733500000000001,1.17261,1.17332,417,8,0,0,0,0,0.0
2025-12-22 08:45:00,1.17332,1.1738,1.17332,1.17352,491,8,0,0,0,0,0.0
2025-12-22 09:00:00,1.17355,1.1736,1.17317,1.17327,438,8,0,0,0,0,0.0
2025-12-22 09:15:00,1.17327,1.17327,1.17273,1.1730800000000001,422,8,0,0,0,0,0.0
2025-12-22 09:30:00,1.17309,1.17346,1.17291,1.17292,537,8,0,0,0,0,0.0
2025-12-22 09:45:00,1.17293,1.17326,1.17269,1.17298,553,8,0,0,0,0,0.0
2025-12-22 10:00:00,1.17297,1.17356,1.17286,1.17337,644,8,0,0,0,0,0.0
2025-12-22 10:15:00,1.17338,1.17377,1.17334,1.17366,473,8,0,0,0,0,0.0
2025-12-22 10:30:00,1.17367,1.17371,1.1732,1.17324,376,8,0,0,0,0,0.0
2025-12-22 10:45:00,1.17324,1.17356,1.17296,1.17327,463,8,0,0,0,0,0.0
2025-12-22 11:00:00,1.17329,1.17362,1.17318,1.17338,362,8,0,0,0,0,0.0
2025-12-22 11:15:00,1.17338,1.17356,1.17323,1.17338,310,8,0,0,0,0,0.0
2025-12-22 11:30:00,1.17338,1.1735,1.17283,1.17329,370,8,0,0,0,0,0.0
2025-12-22 11:45:00,1.1733,1.1734,1.17294,1.17331,362,8,0,0,0,0,0.0
2025-12-22 12:00:00,1.17331,1.17431,1.17328,1.17372,682,8,0,0,0,0,0.0
2025-12-22 12:15:00,1.17373,1.17385,1.1734499999999999,1.17354,446,8,0,0,0,0,0.0
2025-12-22 12:30:00,1.17354,1.17407,1.1735,1.17385,491,8,0,0,1,1,21.0
2025-12-22 12:45:00,1.17385,1.1743000000000001,1.17372,1.17411,475,8,0,0,1,1,21.0
2025-12-22 13:00:00,1.17413,1.17497,1.17413,1.17493,826,8,0,0,0,0,0.0
2025-12-22 13:15:00,1.17492,1.17495,1.17449,1.17466,621,8,0,0,0,0,0.0
2025-12-22 13:30:00,1.17466,1.17541,1.1745700000000001,1.17533,644,8,0,0,0,0,0.0
2025-12-22 13:45:00,1.17535,1.17539,1.17486,1.17502,584,8,0,0,0,0,0.0
2025-12-22 14:00:00,1.17502,1.17507,1.17445,1.17507,565,8,0,0,0,0,0.0
2025-12-22 14:15:00,1.17507,1.17575,1.17479,1.17568,562,8,0,0,0,0,0.0
2025-12-22 14:30:00,1.17569,1.17661,1.17566,1.17636,792,8,0,0,1,1,15.0
2025-12-22 14:45:00,1.17636,1.17637,1.17585,1.17597,639,8,0,0,1,1,15.0
2025-12-22 15:00:00,1.17595,1.17644,1.17591,1.17599,636,8,0,0,1,1,15.0
2025-12-22 15:15:00,1.17599,1.17638,1.17573,1.1761300000000001,578,8,0,0,1,1,15.0
2025-12-22 15:30:00,1.17612,1.17666,1.1761,1.17643,623,8,0,0,1,1,15.0
2025-12-22 15:45:00,1.17644,1.17691,1.17596,1.17634,781,8,0,0,1,1,15.0
2025-12-22 16:00:00,1.17634,1.17637,1.17601,1.17618,531,8,0,0,1,1,15.0
2025-12-22 16:15:00,1.17616,1.17626,1.17553,1.17587,539,8,0,0,0,0,0.0
2025-12-22 16:30:00,1.17587,1.17594,1.17515,1.1752,570,8,0,0,0,0,0.0
2025-12-22 16:45:00,1.17521,1.17531,1.1748,1.17494,361,8,0,0,0,0,0.0
2025-12-22 17:00:00,1.17494,1.17542,1.17489,1.17536,453,8,0,0,0,0,0.0
2025-12-22 17:15:00,1.17537,1.17578,1.17509,1.17578,396,8,0,0,0,0,0.0
2025-12-22 17:30:00,1.17578,1.17642,1.17578,1.17624,374,8,0,0,1,1,15.0
2025-12-22 17:45:00,1.17624,1.17628,1.17578,1.1758,364,8,0,0,0,0,0.0
2025-12-22 18:00:00,1.1757900000000001,1.1758,1.17512,1.17531,395,8,0,0,0,0,0.0
2025-12-22 18:15:00,1.17531,1.17543,1.1750099999999999,1.17502,329,8,0,0,0,0,0.0
2025-12-22 18:30:00,1.17502,1.17517,1.1749100000000001,1.17508,290,8,0,0,0,0,0.0
2025-12-22 18:45:00,1.17508,1.17542,1.17497,1.17524,301,8,0,0,0,0,0.0
2025-12-22 19:00:00,1.17524,1.17538,1.17508,1.17522,242,8,0,0,0,0,0.0
2025-12-22 19:15:00,1.17522,1.17526,1.17482,1.17516,309,8,0,0,0,0,0.0
2025-12-22 19:30:00,1.1751800000000001,1.17545,1.17517,1.17522,268,8,0,0,0,0,0.0
2025-12-22 19:45:00,1.17522,1.17556,1.17513,1.17549,317,8,0,0,0,0,0.0
2025-12-22 20:00:00,1.1755,1.17551,1.17517,1.17546,269,8,0,0,0,0,0.0
2025-12-22 20:15:00,1.17546,1.17566,1.17538,1.17566,183,8,0,0,0,0,0.0
2025-12-22 20:30:00,1.17566,1.17585,1.17559,1.1757900000000001,180,8,0,0,0,0,0.0
2025-12-22 20:45:00,1.17581,1.17583,1.17544,1.17549,246,8,0,0,0,0,0.0
2025-12-22 21:00:00,1.17549,1.17586,1.17542,1.17576,189,8,0,0,0,0,0.0
2025-12-22 21:15:00,1.17576,1.17604,1.17567,1.1758899999999999,163,8,0,0,0,0,0.0
2025-12-22 21:30:00,1.1759,1.1761,1.1759,1.17606,121,8,0,0,1,1,15.0
2025-12-22 21:45:00,1.17606,1.17619,1.17604,1.17607,155,8,0,0,1,1,15.0
2025-12-22 22:00:00,1.17607,1.17614,1.17564,1.17584,169,20,0,0,0,0,0.0
2025-12-22 22:15:00,1.17583,1.17598,1.17571,1.1757900000000001,320,48,0,0,0,0,0.0
2025-12-22 22:30:00,1.1758,1.17596,1.17576,1.17587,227,48,0,0,0,0,0.0
2025-12-22 22:45:00,1.17586,1.17596,1.17576,1.1758899999999999,189,20,0,0,0,0,0.0
2025-12-22 23:00:00,1.17595,1.17643,1.17585,1.17631,316,8,0,0,1,1,15.0
2025-12-22 23:15:00,1.1763,1.17646,1.1763,1.17637,178,8,0,0,1,1,15.0
2025-12-22 23:30:00,1.17637,1.17639,1.17624,1.17634,118,8,0,0,1,1,15.0
2025-12-22 23:45:00,1.17634,1.17652,1.17632,1.17632,137,8,0,0,1,1,15.0
2025-12-23 00:00:00,1.17632,1.17673,1.17624,1.17669,290,8,0,0,0,0,0.0
2025-12-23 00:15:00,1.17669,1.17676,1.17653,1.17675,156,8,0,0,0,0,0.0
2025-12-23 00:30:00,1.17675,1.17683,1.17666,1.1768,179,8,0,0,0,0,0.0
2025-12-23 00:45:00,1.17681,1.177,1.1767400000000001,1.17686,326,8,0,0,0,0,0.0
2025-12-23 01:00:00,1.1768399999999999,1.17703,1.17657,1.17703,341,8,0,0,0,0,0.0
2025-12-23 01:15:00,1.17702,1.17709,1.17657,1.17663,288,8,0,0,0,0,0.0
2025-12-23 01:30:00,1.17664,1.17747,1.17658,1.17725,341,8,0,0,0,0,0.0
2025-12-23 01:45:00,1.17725,1.17758,1.17716,1.17728,340,8,0,0,0,0,0.0
2025-12-23 02:00:00,1.17728,1.17771,1.17725,1.17763,305,8,0,0,0,0,0.0
2025-12-23 02:15:00,1.17763,1.17766,1.1772,1.17743,277,8,0,0,0,0,0.0
2025-12-23 02:30:00,1.17743,1.17768,1.1774,1.17759,277,8,0,0,0,0,0.0
2025-12-23 02:45:00,1.17757,1.17801,1.17757,1.1777199999999999,351,8,0,0,0,0,0.0
2025-12-23 03:00:00,1.17774,1.17789,1.17755,1.17761,294,8,0,0,0,0,0.0
2025-12-23 03:15:00,1.17761,1.17763,1.17727,1.17747,307,8,0,0,0,0,0.0
2025-12-23 03:30:00,1.17747,1.17769,1.17743,1.17758,238,8,0,0,0,0,0.0
2025-12-23 03:45:00,1.17758,1.17769,1.1774499999999999,1.1776,267,8,0,0,0,0,0.0
2025-12-23 04:00:00,1.1776,1.17786,1.17754,1.17785,319,8,0,0,0,0,0.0
2025-12-23 04:15:00,1.17785,1.17788,1.17753,1.17754,228,8,0,0,0,0,0.0
2025-12-23 04:30:00,1.17754,1.17784,1.17746,1.17755,237,8,0,0,0,0,0.0
2025-12-23 04:45:00,1.17755,1.1777199999999999,1.17731,1.17748,290,8,0,0,0,0,0.0
2025-12-23 05:00:00,1.17747,1.17786,1.1774,1.17767,270,8,0,0,0,0,0.0
2025-12-23 05:15:00,1.17767,1.17795,1.17765,1.17781,225,8,0,0,0,0,0.0
2025-12-23 05:30:00,1.17781,1.17783,1.17754,1.1776,237,8,0,0,0,0,0.0
2025-12-23 05:45:00,1.1776,1.1776200000000001,1.17739,1.1774499999999999,376,8,0,0,0,0,0.0
2025-12-23 06:00:00,1.1774499999999999,1.17761,1.1773500000000001,1.17739,310,8,0,0,0,0,0.0
2025-12-23 06:15:00,1.17739,1.17743,1.17718,1.17729,203,8,0,0,0,0,0.0
2025-12-23 06:30:00,1.17729,1.17733,1.17683,1.17719,339,8,0,0,0,0,0.0
2025-12-23 06:45:00,1.1772,1.17738,1.17702,1.17709,312,8,0,0,0,0,0.0
2025-12-23 07:00:00,1.1771,1.17742,1.17688,1.17722,552,8,0,0,0,0,0.0
2025-12-23 07:15:00,1.17721,1.17761,1.1771099999999999,1.17718,419,8,0,0,0,0,0.0
2025-12-23 07:30:00,1.17718,1.17785,1.17718,1.17736,522,8,0,0,0,0,0.0
2025-12-23 07:45:00,1.17737,1.1781,1.17713,1.17784,585,8,0,0,0,0,0.0
2025-12-23 08:00:00,1.17782,1.1783299999999999,1.17749,1.17824,807,8,0,0,0,0,0.0
2025-12-23 08:15:00,1.17825,1.17825,1.17761,1.17809,642,8,0,0,0,0,0.0
2025-12-23 08:30:00,1.17808,1.1783299999999999,1.17799,1.1782,495,8,0,0,0,0,0.0
2025-12-23 08:45:00,1.1782,1.17843,1.17795,1.17841,492,8,0,0,0,0,0.0
2025-12-23 09:00:00,1.1784,1.179,1.1783299999999999,1.17885,708,8,0,1,0,1,2.0
2025-12-23 09:15:00,1.17886,1.1789399999999999,1.17814,1.17824,601,8,0,0,0,0,0.0
2025-12-23 09:30:00,1.17824,1.1789,1.17824,1.1787,609,8,0,1,0,1,2.0
2025-12-23 09:45:00,1.1787,1.17925,1.17848,1.17922,627,8,0,1,0,1,2.0
2025-12-23 10:00:00,1.17924,1.17961,1.17912,1.17942,502,8,0,0,0,0,0.0
2025-12-23 10:15:00,1.17942,1.17974,1.17912,1.17963,452,8,0,0,0,0,0.0
2025-12-23 10:30:00,1.17963,1.1797900000000001,1.17941,1.17968,368,8,0,0,0,0,0.0
2025-12-23 10:45:00,1.17968,1.18,1.1795200000000001,1.17985,466,8,0,0,0,0,0.0
2025-12-23 11:00:00,1.17982,1.17997,1.17947,1.17974,470,8,0,0,0,0,0.0
2025-12-23 11:15:00,1.17973,1.17983,1.17936,1.1798,322,8,0,0,0,0,0.0
2025-12-23 11:30:00,1.17982,1.17991,1.17946,1.1797,378,8,0,0,0,0,0.0
2025-12-23 11:45:00,1.1797,1.17974,1.1792,1.1795200000000001,369,8,0,0,0,0,0.0
2025-12-23 12:00:00,1.17953,1.17996,1.17947,1.17984,389,8,0,0,0,0,0.0
2025-12-23 12:15:00,1.17984,1.18005,1.17963,1.17999,378,8,0,0,0,0,0.0
2025-12-23 12:30:00,1.17999,1.1801599999999999,1.17946,1.17948,418,8,0,0,0,0,0.0
2025-12-23 12:45:00,1.17948,1.17964,1.17886,1.17896,609,8,0,1,0,1,2.0
2025-12-23 13:00:00,1.1789399999999999,1.1791,1.17852,1.17878,610,8,0,1,0,1,2.0
2025-12-23 13:15:00,1.1788,1.17935,1.17874,1.179,600,8,0,1,0,1,2.0
2025-12-23 13:30:00,1.17898,1.17898,1.17795,1.17858,1152,8,0,0,0,0,0.0
2025-12-23 13:45:00,1.17855,1.17856,1.17739,1.1774499999999999,1133,8,0,0,0,0,0.0
2025-12-23 14:00:00,1.1774499999999999,1.17792,1.17726,1.17752,863,8,0,0,0,0,0.0
2025-12-23 14:15:00,1.17748,1.1775,1.1769,1.17731,757,8,0,0,0,0,0.0
2025-12-23 14:30:00,1.17732,1.17788,1.17698,1.17752,815,8,0,0,0,0,0.0
2025-12-23 14:45:00,1.17752,1.17777,1.17682,1.17693,777,8,0,0,0,0,0.0
2025-12-23 15:00:00,1.17692,1.17786,1.1767,1.17777,1013,8,0,0,0,0,0.0
2025-12-23 15:15:00,1.17775,1.17786,1.17716,1.17728,736,8,0,0,0,0,0.0
2025-12-23 15:30:00,1.17728,1.17753,1.17647,1.17659,663,8,0,0,1,1,15.0
2025-12-23 15:45:00,1.17659,1.17746,1.17636,1.17738,875,8,0,0,0,0,0.0
2025-12-23 16:00:00,1.17737,1.17769,1.17733,1.17747,675,8,0,0,0,0,0.0
2025-12-23 16:15:00,1.17748,1.17783,1.1773500000000001,1.17756,527,8,0,0,0,0,0.0
2025-12-23 16:30:00,1.17757,1.17778,1.17727,1.17757,478,8,0,0,0,0,0.0
2025-12-23 16:45:00,1.17758,1.17802,1.17752,1.17753,435,8,0,0,0,0,0.0
2025-12-23 17:00:00,1.17753,1.17785,1.17728,1.17731,478,8,0,0,0,0,0.0
2025-12-23 17:15:00,1.17731,1.17753,1.17703,1.17718,400,8,0,0,0,0,0.0
2025-12-23 17:30:00,1.17721,1.17744,1.17687,1.17727,373,8,0,0,0,0,0.0
2025-12-23 17:45:00,1.17727,1.1773500000000001,1.17689,1.17706,351,8,0,0,0,0,0.0
2025-12-23 18:00:00,1.17706,1.17731,1.17693,1.17724,342,8,0,0,0,0,0.0
2025-12-23 18:15:00,1.17722,1.17771,1.17714,1.17751,342,8,0,0,0,0,0.0
2025-12-23 18:30:00,1.17751,1.17774,1.17747,1.17767,267,8,0,0,0,0,0.0
2025-12-23 18:45:00,1.17768,1.17826,1.17768,1.17825,350,8,0,0,0,0,0.0
2025-12-23 19:00:00,1.17827,1.17878,1.17816,1.17877,369,8,0,1,0,1,2.0
2025-12-23 19:15:00,1.17877,1.17888,1.17851,1.17852,352,8,0,0,0,0,0.0
2025-12-23 19:30:00,1.17852,1.17881,1.17851,1.17865,254,8,0,1,0,1,2.0
2025-12-23 19:45:00,1.17865,1.1791,1.17859,1.17896,298,8,0,1,0,1,2.0
2025-12-23 20:00:00,1.17895,1.17899,1.17866,1.17899,314,8,0,1,0,1,2.0
2025-12-23 20:15:00,1.179,1.17926,1.17898,1.17905,278,8,0,1,0,1,2.0
2025-12-23 20:30:00,1.17905,1.17933,1.17902,1.17919,219,8,0,1,0,1,2.0
2025-12-23 20:45:00,1.17919,1.17921,1.17881,1.1789100000000001,252,8,0,1,0,1,2.0
2025-12-23 21:00:00,1.17892,1.17911,1.17884,1.17895,183,8,0,1,0,1,2.0
2025-12-23 21:15:00,1.17895,1.17906,1.1788,1.17904,134,8,0,1,0,1,2.0
2025-12-23 21:30:00,1.17903,1.17962,1.17902,1.1796,182,8,0,0,0,0,0.0
2025-12-23 21:45:00,1.1796,1.17967,1.17904,1.17906,244,8,0,1,0,1,2.0
2025-12-23 22:00:00,1.17909,1.17925,1.17908,1.17909,147,48,0,1,0,1,2.0
2025-12-23 22:15:00,1.1791,1.17921,1.17908,1.17919,75,48,0,1,0,1,2.0
2025-12-23 22:30:00,1.1791800000000001,1.17942,1.17912,1.17938,107,20,0,0,0,0,0.0
2025-12-23 22:45:00,1.17937,1.17937,1.17909,1.17935,87,20,0,0,0,0,0.0
2025-12-23 23:00:00,1.17943,1.17964,1.17929,1.17948,231,8,0,0,0,0,0.0
2025-12-23 23:15:00,1.17948,1.1795200000000001,1.1793,1.1794,146,8,0,0,0,0,0.0
2025-12-23 23:30:00,1.1794,1.17965,1.17931,1.17948,139,8,0,0,0,0,0.0
2025-12-23 23:45:00,1.17948,1.17967,1.17938,1.17942,186,8,0,0,0,0,0.0
2025-12-24 00:00:00,1.17942,1.17984,1.17942,1.17957,339,8,0,0,0,0,0.0
2025-12-24 00:15:00,1.17958,1.17967,1.17912,1.1793,291,8,0,1,0,1,2.0
2025-12-24 00:30:00,1.1793,1.17939,1.17899,1.17938,266,8,0,0,0,0,0.0
2025-12-24 00:45:00,1.17938,1.17987,1.17924,1.17986,356,8,0,0,0,0,0.0
2025-12-24 01:00:00,1.17984,1.1799,1.17963,1.17971,345,8,0,0,0,0,0.0
2025-12-24 01:15:00,1.17971,1.18035,1.17971,1.18017,388,8,0,0,0,0,0.0
2025-12-24 01:30:00,1.18015,1.18057,1.18012,1.1804999999999999,448,8,0,0,1,1,3.0
2025-12-24 01:45:00,1.18048,1.1806,1.18039,1.18048,300,8,0,0,1,1,3.0
2025-12-24 02:00:00,1.18048,1.18076,1.18048,1.1807,302,8,0,0,1,1,3.0
2025-12-24 02:15:00,1.1807,1.1807,1.1802,1.18022,299,8,0,0,0,0,0.0
2025-12-24 02:30:00,1.18022,1.18024,1.17997,1.1801,240,8,0,0,0,0,0.0
2025-12-24 02:45:00,1.1801,1.18022,1.1798,1.17981,195,8,0,0,0,0,0.0
2025-12-24 03:00:00,1.1798,1.17983,1.17903,1.17921,421,8,0,1,0,1,2.0
2025-12-24 03:15:00,1.17921,1.17931,1.17896,1.17901,312,8,0,1,0,1,2.0
2025-12-24 03:30:00,1.17901,1.17922,1.17875,1.17882,267,8,0,1,0,1,2.0
2025-12-24 03:45:00,1.17882,1.17884,1.1786699999999999,1.17872,184,8,0,1,0,1,2.0
2025-12-24 04:00:00,1.17872,1.17886,1.17856,1.17863,215,8,0,0,0,0,0.0
2025-12-24 04:15:00,1.17863,1.17893,1.17863,1.17893,224,8,0,1,0,1,2.0
2025-12-24 04:30:00,1.17892,1.17917,1.17886,1.17915,241,8,0,1,0,1,2.0
2025-12-24 04:45:00,1.17914,1.17931,1.17905,1.17909,251,8,0,1,0,1,2.0
2025-12-24 05:00:00,1.17908,1.17927,1.17902,1.17921,224,8,0,1,0,1,2.0
2025-12-24 05:15:00,1.17921,1.1794,1.17917,1.1794,158,8,0,0,0,0,0.0
2025-12-24 05:30:00,1.17943,1.17982,1.17934,1.17981,208,8,0,0,0,0,0.0
2025-12-24 05:45:00,1.17981,1.1801599999999999,1.17973,1.17986,307,8,0,0,0,0,0.0
2025-12-24 06:00:00,1.17986,1.18023,1.17984,1.1801,370,8,0,0,0,0,0.0
2025-12-24 06:15:00,1.18009,1.18019,1.17972,1.17988,332,8,0,0,0,0,0.0
2025-12-24 06:30:00,1.17988,1.18036,1.17978,1.18019,310,8,0,0,0,0,0.0
2025-12-24 06:45:00,1.1802,1.18026,1.17985,1.17996,370,8,0,0,0,0,0.0
2025-12-24 07:00:00,1.17996,1.1801599999999999,1.17946,1.17956,536,8,0,0,0,0,0.0
2025-12-24 07:15:00,1.1795499999999999,1.17956,1.17917,1.17927,452,8,0,1,0,1,2.0
2025-12-24 07:30:00,1.17926,1.17933,1.17879,1.17883,412,8,0,1,0,1,2.0
2025-12-24 07:45:00,1.17883,1.17923,1.17861,1.17888,553,8,0,1,0,1,2.0
2025-12-24 08:00:00,1.1789100000000001,1.17915,1.1782,1.17828,752,8,0,0,0,0,0.0
2025-12-24 08:15:00,1.17825,1.17868,1.17794,1.17841,583,8,0,0,0,0,0.0
2025-12-24 08:30:00,1.17842,1.1791800000000001,1.17842,1.179,643,8,0,1,0,1,2.0
2025-12-24 08:45:00,1.17902,1.1799,1.17897,1.17988,502,8,0,0,0,0,0.0
2025-12-24 09:00:00,1.17991,1.18,1.17965,1.17983,430,8,0,0,0,0,0.0
2025-12-24 09:15:00,1.17982,1.18004,1.1795200000000001,1.17957,397,8,0,0,0,0,0.0
2025-12-24 09:30:00,1.17957,1.17978,1.1794,1.1795,339,8,0,0,0,0,0.0
2025-12-24 09:45:00,1.1795,1.18006,1.17942,1.17991,364,8,0,0,0,0,0.0
2025-12-24 10:00:00,1.17992,1.17996,1.1795200000000001,1.17966,422,8,0,0,0,0,0.0
2025-12-24 10:15:00,1.17965,1.17994,1.17948,1.17983,303,8,0,0,0,0,0.0
2025-12-24 10:30:00,1.17983,1.1798899999999999,1.17951,1.17963,327,8,0,0,0,0,0.0
2025-12-24 10:45:00,1.17961,1.17982,1.17902,1.17959,562,8,0,0,0,0,0.0
2025-12-24 11:00:00,1.17961,1.17985,1.17942,1.17958,438,8,0,0,0,0,0.0
2025-12-24 11:15:00,1.17958,1.17968,1.17934,1.17943,377,8,0,0,0,0,0.0
2025-12-24 11:30:00,1.17943,1.17943,1.17907,1.1792,445,8,0,1,0,1,2.0
2025-12-24 11:45:00,1.17919,1.17933,1.17908,1.17924,330,8,0,1,0,1,2.0
2025-12-24 12:00:00,1.17925,1.1792799999999999,1.17893,1.1792,372,8,0,1,0,1,2.0
2025-12-24 12:15:00,1.17922,1.17922,1.17886,1.17889,299,8,0,1,0,1,2.0
2025-12-24 12:30:00,1.17889,1.17929,1.17845,1.17877,447,8,0,1,0,1,2.0
2025-12-24 12:45:00,1.17877,1.1789399999999999,1.17837,1.1784,436,8,0,0,0,0,0.0
2025-12-24 13:00:00,1.17841,1.17897,1.17838,1.17889,653,8,0,1,0,1,2.0
2025-12-24 13:15:00,1.17889,1.17898,1.17846,1.17866,497,8,0,1,0,1,2.0
2025-12-24 13:30:00,1.17871,1.17905,1.17836,1.17875,707,8,0,1,0,1,2.0
2025-12-24 13:45:00,1.17875,1.1789100000000001,1.1785,1.17852,501,8,0,0,0,0,0.0
2025-12-24 14:00:00,1.1785,1.17859,1.17826,1.17852,517,8,0,0,0,0,0.0
2025-12-24 14:15:00,1.17852,1.1786699999999999,1.17819,1.1783299999999999,404,8,0,0,0,0,0.0
2025-12-24 14:30:00,1.17835,1.1784,1.17801,1.17825,660,8,0,0,0,0,0.0
2025-12-24 14:45:00,1.17825,1.17842,1.17769,1.17803,764,8,0,0,0,0,0.0
2025-12-24 15:00:00,1.17801,1.17811,1.1777,1.17785,710,8,0,0,0,0,0.0
2025-12-24 15:15:00,1.17786,1.17822,1.17765,1.17788,541,8,0,0,0,0,0.0
2025-12-24 15:30:00,1.17787,1.17807,1.17764,1.1779600000000001,486,8,0,0,0,0,0.0
2025-12-24 15:45:00,1.17795,1.1781,1.1775,1.17779,623,8,0,0,0,0,0.0
2025-12-24 16:00:00,1.17778,1.1780599999999999,1.17758,1.17767,534,8,0,0,0,0,0.0
2025-12-24 16:15:00,1.17768,1.17776,1.17726,1.17743,464,8,0,0,0,0,0.0
2025-12-24 16:30:00,1.17743,1.17798,1.17741,1.17789,461,8,0,0,0,0,0.0
2025-12-24 16:45:00,1.17787,1.17798,1.17764,1.1779,409,8,0,0,0,0,0.0
2025-12-24 17:00:00,1.17789,1.17828,1.17777,1.17785,385,8,0,0,0,0,0.0
2025-12-24 17:15:00,1.17784,1.17811,1.1777,1.17809,265,8,0,0,0,0,0.0
2025-12-24 17:30:00,1.17811,1.17821,1.17803,1.17808,295,8,0,0,0,0,0.0
2025-12-24 17:45:00,1.1781,1.17811,1.17723,1.17763,354,8,0,0,0,0,0.0
2025-12-24 18:00:00,1.17755,1.1776,1.17709,1.17744,258,20,0,0,0,0,0.0
2025-12-24 18:15:00,1.17743,1.17759,1.17733,1.17751,160,24,0,0,0,0,0.0
2025-12-24 18:30:00,1.17751,1.17771,1.17729,1.1776200000000001,204,24,0,0,0,0,0.0
2025-12-24 18:45:00,1.17764,1.17765,1.17749,1.17759,73,60,0,0,0,0,0.0
2025-12-24 19:00:00,1.17759,1.17771,1.17754,1.17765,80,60,0,0,0,0,0.0
2025-12-24 19:15:00,1.17767,1.17793,1.1776200000000001,1.17776,127,60,0,0,0,0,0.0
2025-12-24 19:30:00,1.17776,1.17781,1.17751,1.17754,99,60,0,0,0,0,0.0
2025-12-24 19:45:00,1.17754,1.17778,1.17752,1.17765,66,100,0,0,0,0,0.0
2025-12-24 20:00:00,1.17765,1.17769,1.17742,1.17744,74,100,0,0,0,0,0.0
2025-12-24 20:15:00,1.17744,1.17761,1.17744,1.17761,61,80,0,0,0,0,0.0
2025-12-24 20:30:00,1.17759,1.17768,1.17759,1.17763,83,80,0,0,0,0,0.0
2025-12-24 20:45:00,1.17763,1.17774,1.17755,1.17756,138,80,0,0,0,0,0.0
2025-12-24 21:00:00,1.17757,1.17763,1.17737,1.17741,163,80,0,0,0,0,0.0
2025-12-24 21:15:00,1.17741,1.17748,1.1773500000000001,1.17746,165,80,0,0,0,0,0.0
2025-12-24 21:30:00,1.1774499999999999,1.1774499999999999,1.17737,1.17738,141,80,0,0,0,0,0.0
2025-12-24 21:45:00,1.17738,1.17754,1.17736,1.17748,161,80,0,0,0,0,0.0
2025-12-25 22:00:00,1.17781,1.17801,1.17769,1.17801,185,48,0,0,0,0,0.0
2025-12-25 22:15:00,1.17801,1.17812,1.17757,1.17798,137,48,0,0,0,0,0.0
2025-12-25 22:30:00,1.17799,1.17822,1.17799,1.17818,73,20,0,0,0,0,0.0
2025-12-25 22:45:00,1.17818,1.17821,1.17784,1.17807,105,20,0,0,0,0,0.0
2025-12-25 23:00:00,1.17809,1.17847,1.17793,1.17814,440,8,0,0,0,0,0.0
2025-12-25 23:15:00,1.17813,1.17822,1.17799,1.17808,573,8,0,0,0,0,0.0
2025-12-25 23:30:00,1.17807,1.17829,1.17773,1.17818,613,8,0,0,0,0,0.0
2025-12-25 23:45:00,1.17816,1.17839,1.1781,1.17832,573,8,0,0,0,0,0.0
2025-12-26 00:00:00,1.1783299999999999,1.17835,1.17764,1.17795,819,8,0,0,0,0,0.0
2025-12-26 00:15:00,1.17795,1.17904,1.17788,1.179,505,8,0,1,0,1,2.0
2025-12-26 00:30:00,1.179,1.17911,1.17881,1.17899,378,8,0,1,0,1,2.0
2025-12-26 00:45:00,1.17899,1.1791800000000001,1.17849,1.1785700000000001,627,8,0,0,0,0,0.0
2025-12-26 01:00:00,1.1785700000000001,1.1789399999999999,1.17825,1.17826,596,8,0,0,0,0,0.0
2025-12-26 01:15:00,1.17826,1.17886,1.17826,1.17871,419,8,0,1,0,1,2.0
2025-12-26 01:30:00,1.17871,1.17912,1.1786,1.17862,415,8,0,0,0,0,0.0
2025-12-26 01:45:00,1.17863,1.17877,1.17855,1.17869,348,8,0,1,0,1,2.0
2025-12-26 02:00:00,1.1786699999999999,1.17886,1.17859,1.17868,277,8,0,1,0,1,2.0
2025-12-26 02:15:00,1.17868,1.17873,1.1783299999999999,1.17853,253,8,0,0,0,0,0.0
2025-12-26 02:30:00,1.17851,1.17924,1.17851,1.1791800000000001,351,8,0,1,0,1,2.0
2025-12-26 02:45:00,1.1791800000000001,1.17931,1.17911,1.17917,222,8,0,1,0,1,2.0
2025-12-26 03:00:00,1.17917,1.17923,1.1789399999999999,1.17921,298,8,0,1,0,1,2.0
2025-12-26 03:15:00,1.1792,1.17924,1.17843,1.17863,319,8,0,0,0,0,0.0
2025-12-26 03:30:00,1.17863,1.17877,1.1784,1.17871,309,8,0,1,0,1,2.0
2025-12-26 03:45:00,1.17871,1.17879,1.17831,1.17839,345,8,0,0,0,0,0.0
2025-12-26 04:00:00,1.17839,1.1785,1.17816,1.17818,288,8,0,0,0,0,0.0
2025-12-26 04:15:00,1.17818,1.17837,1.17797,1.17828,243,8,0,0,0,0,0.0
2025-12-26 04:30:00,1.17828,1.1786699999999999,1.17819,1.17841,277,8,0,0,0,0,0.0
2025-12-26 04:45:00,1.17841,1.17849,1.17821,1.17829,208,8,0,0,0,0,0.0
2025-12-26 05:00:00,1.1783,1.17836,1.17809,1.17812,249,8,0,0,0,0,0.0
2025-12-26 05:15:00,1.17812,1.1782,1.17798,1.17815,235,8,0,0,0,0,0.0
2025-12-26 05:30:00,1.17817,1.17852,1.1780599999999999,1.17831,310,8,0,0,0,0,0.0
2025-12-26 05:45:00,1.17829,1.17869,1.17826,1.17855,293,8,0,0,0,0,0.0
2025-12-26 06:00:00,1.17856,1.17877,1.17826,1.17854,398,8,0,0,0,0,0.0
2025-12-26 06:15:00,1.17854,1.17861,1.17805,1.17821,418,8,0,0,0,0,0.0
2025-12-26 06:30:00,1.17822,1.17848,1.17712,1.17739,555,8,0,0,0,0,0.0
2025-12-26 06:45:00,1.17739,1.17776,1.17724,1.1776200000000001,451,8,0,0,0,0,0.0
2025-12-26 07:00:00,1.17764,1.17776,1.17727,1.17754,437,8,0,0,0,0,0.0
2025-12-26 07:15:00,1.17753,1.17758,1.17714,1.17736,434,8,0,0,0,0,0.0
2025-12-26 07:30:00,1.17734,1.17764,1.17707,1.17714,544,8,0,0,0,0,0.0
2025-12-26 07:45:00,1.17712,1.17738,1.17696,1.17726,665,8,0,0,0,0,0.0
2025-12-26 08:00:00,1.17726,1.17734,1.17662,1.17675,590,8,0,0,0,0,0.0
2025-12-26 08:15:00,1.1767400000000001,1.17756,1.17663,1.17738,462,8,0,0,0,0,0.0
2025-12-26 08:30:00,1.17739,1.17757,1.17697,1.1770100000000001,396,8,0,0,0,0,0.0
2025-12-26 08:45:00,1.1770100000000001,1.17771,1.1770100000000001,1.17768,410,8,0,0,0,0,0.0
2025-12-26 09:00:00,1.17766,1.17775,1.17724,1.17726,495,8,0,0,0,0,0.0
2025-12-26 09:15:00,1.17726,1.17727,1.17686,1.17706,405,8,0,0,0,0,0.0
2025-12-26 09:30:00,1.17708,1.17716,1.1768,1.1769,340,8,0,0,0,0,0.0
2025-12-26 09:45:00,1.1769,1.17729,1.17685,1.177,297,8,0,0,0,0,0.0
2025-12-26 10:00:00,1.17698,1.17751,1.17688,1.17749,341,8,0,0,0,0,0.0
2025-12-26 10:15:00,1.17747,1.17792,1.17743,1.17751,382,8,0,0,0,0,0.0
2025-12-26 10:30:00,1.17752,1.17778,1.17749,1.17764,400,8,0,0,0,0,0.0
2025-12-26 10:45:00,1.17765,1.17771,1.17728,1.17728,373,8,0,0,0,0,0.0
2025-12-26 11:00:00,1.17728,1.17766,1.17728,1.1776,418,8,0,0,0,0,0.0
2025-12-26 11:15:00,1.1776,1.17819,1.17753,1.17773,390,8,0,0,0,0,0.0
2025-12-26 11:30:00,1.17776,1.17802,1.17768,1.17788,324,8,0,0,0,0,0.0
2025-12-26 11:45:00,1.17788,1.17798,1.1775,1.1777,359,8,0,0,0,0,0.0
2025-12-26 12:00:00,1.1777,1.17773,1.17746,1.17761,333,8,0,0,0,0,0.0
2025-12-26 12:15:00,1.1776,1.17773,1.1773500000000001,1.1774,314,8,0,0,0,0,0.0
2025-12-26 12:30:00,1.17738,1.17775,1.17724,1.17763,360,8,0,0,0,0,0.0
2025-12-26 12:45:00,1.17763,1.17821,1.17751,1.17811,444,8,0,0,0,0,0.0
2025-12-26 13:00:00,1.17814,1.17936,1.17814,1.17916,758,8,0,1,0,1,2.0
2025-12-26 13:15:00,1.1791800000000001,1.17938,1.17868,1.17908,581,8,0,1,0,1,2.0
2025-12-26 13:30:00,1.1791,1.17954,1.17909,1.17943,557,8,0,0,0,0,0.0
2025-12-26 13:45:00,1.17942,1.17962,1.17898,1.17911,611,8,0,1,0,1,2.0
2025-12-26 14:00:00,1.17913,1.1794,1.17902,1.1791,533,8,0,1,0,1,2.0
2025-12-26 14:15:00,1.1791,1.17921,1.17885,1.17887,490,8,0,1,0,1,2.0
2025-12-26 14:30:00,1.17885,1.17899,1.17848,1.17854,681,8,0,0,0,0,0.0
2025-12-26 14:45:00,1.17853,1.17865,1.17808,1.17835,665,8,0,0,0,0,0.0
2025-12-26 15:00:00,1.17835,1.17908,1.17824,1.1789100000000001,575,8,0,1,0,1,2.0
2025-12-26 15:15:00,1.1789100000000001,1.17922,1.17872,1.17908,490,8,0,1,0,1,2.0
2025-12-26 15:30:00,1.1791,1.17921,1.17836,1.17853,437,8,0,0,0,0,0.0
2025-12-26 15:45:00,1.17853,1.17853,1.1771099999999999,1.17769,910,8,0,0,0,0,0.0
2025-12-26 16:00:00,1.17769,1.17794,1.17704,1.1772,732,8,0,0,0,0,0.0
2025-12-26 16:15:00,1.17719,1.17725,1.17629,1.17636,669,8,0,0,1,1,15.0
2025-12-26 16:30:00,1.17638,1.17649,1.17616,1.17632,538,8,0,0,1,1,15.0
2025-12-26 16:45:00,1.17634,1.17664,1.17618,1.17648,525,8,0,0,1,1,15.0
2025-12-26 17:00:00,1.1764999999999999,1.17692,1.17634,1.17654,521,8,0,0,1,1,15.0
2025-12-26 17:15:00,1.17653,1.17678,1.17631,1.1764000000000001,582,8,0,0,1,1,15.0
2025-12-26 17:30:00,1.17638,1.17682,1.17609,1.17681,444,8,0,0,0,0,0.0
2025-12-26 17:45:00,1.17682,1.177,1.17661,1.17696,437,8,0,0,0,0,0.0
2025-12-26 18:00:00,1.17698,1.17714,1.17686,1.17689,401,8,0,0,0,0,0.0
2025-12-26 18:15:00,1.17691,1.17734,1.1769,1.17719,381,8,0,0,0,0,0.0
2025-12-26 18:30:00,1.17718,1.17734,1.17708,1.17723,379,8,0,0,0,0,0.0
2025-12-26 18:45:00,1.17723,1.17729,1.1771,1.17714,302,8,0,0,0,0,0.0
2025-12-26 19:00:00,1.17713,1.17736,1.17686,1.17694,377,8,0,0,0,0,0.0
2025-12-26 19:15:00,1.17694,1.17743,1.17689,1.17729,311,8,0,0,0,0,0.0
2025-12-26 19:30:00,1.17729,1.17749,1.17721,1.17748,248,8,0,0,0,0,0.0
2025-12-26 19:45:00,1.17747,1.17761,1.17732,1.17761,278,8,0,0,0,0,0.0
2025-12-26 20:00:00,1.17763,1.17787,1.17756,1.1776,280,8,0,0,0,0,0.0
2025-12-26 20:15:00,1.1776,1.1777,1.17748,1.17769,236,8,0,0,0,0,0.0
2025-12-26 20:30:00,1.17769,1.17812,1.17769,1.17789,252,8,0,0,0,0,0.0
2025-12-26 20:45:00,1.17789,1.17801,1.17721,1.17747,483,8,0,0,0,0,0.0
2025-12-26 21:00:00,1.17748,1.17763,1.17719,1.17732,250,8,0,0,0,0,0.0
2025-12-26 21:15:00,1.17732,1.1774,1.17712,1.17728,227,8,0,0,0,0,0.0
2025-12-26 21:30:00,1.17727,1.17729,1.17655,1.17687,314,8,0,0,0,0,0.0
2025-12-26 21:45:00,1.17687,1.17713,1.1767400000000001,1.1771099999999999,418,8,0,0,0,0,0.0
2025-12-28 22:00:00,1.17723,1.17746,1.17676,1.1774499999999999,109,48,0,0,0,0,0.0
2025-12-28 22:15:00,1.1774499999999999,1.17747,1.17717,1.17717,150,48,0,0,0,0,0.0
2025-12-28 22:30:00,1.17716,1.17719,1.17692,1.17703,100,48,0,0,0,0,0.0
2025-12-28 22:45:00,1.17702,1.17721,1.17689,1.17703,98,20,0,0,0,0,0.0
2025-12-28 23:00:00,1.17706,1.17763,1.17706,1.17754,379,8,0,0,0,0,0.0
2025-12-28 23:15:00,1.17754,1.17774,1.17751,1.17758,240,8,0,0,0,0,0.0
2025-12-28 23:30:00,1.17757,1.17759,1.17729,1.1773500000000001,196,8,0,0,0,0,0.0
2025-12-28 23:45:00,1.1773500000000001,1.17763,1.1771099999999999,1.17724,211,8,0,0,0,0,0.0
2025-12-29 00:00:00,1.17725,1.17771,1.17722,1.17749,471,8,0,0,0,0,0.0
2025-12-29 00:15:00,1.17749,1.17787,1.17712,1.17782,406,8,0,0,0,0,0.0
2025-12-29 00:30:00,1.17781,1.17835,1.17776,1.17807,413,8,0,0,0,0,0.0
2025-12-29 00:45:00,1.1780599999999999,1.17817,1.1778,1.17793,391,8,0,0,0,0,0.0
2025-12-29 01:00:00,1.17794,1.17824,1.17783,1.17809,414,8,0,0,0,0,0.0
2025-12-29 01:15:00,1.17809,1.1784,1.17803,1.17816,334,8,0,0,0,0,0.0
2025-12-29 01:30:00,1.17816,1.17837,1.1781,1.17836,281,8,0,0,0,0,0.0
2025-12-29 01:45:00,1.17835,1.17861,1.1782,1.17836,270,8,0,0,0,0,0.0
2025-12-29 02:00:00,1.17836,1.1785,1.17815,1.17817,418,8,0,0,0,0,0.0
2025-12-29 02:15:00,1.17818,1.17828,1.17765,1.17776,329,8,0,0,0,0,0.0
2025-12-29 02:30:00,1.17776,1.17785,1.17754,1.17765,263,8,0,0,0,0,0.0
2025-12-29 02:45:00,1.17764,1.17779,1.17753,1.17753,222,8,0,0,0,0,0.0
2025-12-29 03:00:00,1.17752,1.17758,1.17733,1.17747,222,8,0,0,0,0,0.0
2025-12-29 03:15:00,1.17748,1.17756,1.17716,1.17716,175,8,0,0,0,0,0.0
2025-12-29 03:30:00,1.17716,1.17756,1.17709,1.1774,254,8,0,0,0,0,0.0
2025-12-29 03:45:00,1.1774,1.17757,1.1773,1.17732,166,8,0,0,0,0,0.0
2025-12-29 04:00:00,1.17732,1.17732,1.17687,1.1771099999999999,221,8,0,0,0,0,0.0
2025-12-29 04:15:00,1.1771099999999999,1.17716,1.17692,1.17712,167,8,0,0,0,0,0.0
2025-12-29 04:30:00,1.17712,1.17722,1.1767,1.17676,252,8,0,0,0,0,0.0
2025-12-29 04:45:00,1.17676,1.17676,1.17637,1.17641,284,8,0,0,1,1,15.0
2025-12-29 05:00:00,1.1764000000000001,1.17641,1.17568,1.17569,392,8,0,0,0,0,0.0
2025-12-29 05:15:00,1.17569,1.17572,1.17534,1.17557,298,8,0,0,0,0,0.0
2025-12-29 05:30:00,1.17557,1.17594,1.1755,1.17592,344,8,0,0,1,1,15.0
2025-12-29 05:45:00,1.17593,1.17595,1.17555,1.17557,234,8,0,0,0,0,0.0
2025-12-29 06:00:00,1.17559,1.17609,1.17546,1.17556,353,8,0,0,0,0,0.0
2025-12-29 06:15:00,1.17556,1.17622,1.17538,1.17621,468,8,0,0,1,1,15.0
2025-12-29 06:30:00,1.1762299999999999,1.17633,1.1761,1.1763,355,8,0,0,1,1,15.0
2025-12-29 06:45:00,1.1763,1.17691,1.17615,1.17689,387,8,0,0,0,0,0.0
2025-12-29 07:00:00,1.17691,1.17721,1.17651,1.17678,665,8,0,0,0,0,0.0
2025-12-29 07:15:00,1.17678,1.17722,1.17662,1.17707,504,8,0,0,0,0,0.0
2025-12-29 07:30:00,1.17707,1.17752,1.17705,1.17752,404,8,0,0,0,0,0.0
2025-12-29 07:45:00,1.17752,1.17787,1.17731,1.17765,458,8,0,0,0,0,0.0
2025-12-29 08:00:00,1.17763,1.17782,1.17708,1.17734,666,8,0,0,0,0,0.0
2025-12-29 08:15:00,1.17734,1.1778,1.17723,1.1775,502,8,0,0,0,0,0.0
2025-12-29 08:30:00,1.17749,1.17786,1.17734,1.17777,592,8,0,0,0,0,0.0
2025-12-29 08:45:00,1.17778,1.17883,1.17778,1.17834,658,8,0,0,0,0,0.0
2025-12-29 09:00:00,1.17836,1.17864,1.17715,1.17751,937,8,0,0,0,0,0.0
2025-12-29 09:15:00,1.17751,1.17787,1.17726,1.17779,559,8,0,0,0,0,0.0
2025-12-29 09:30:00,1.17778,1.17887,1.17764,1.17785,718,8,0,0,0,0,0.0
2025-12-29 09:45:00,1.17785,1.17785,1.17741,1.17758,597,8,0,0,0,0,0.0
2025-12-29 10:00:00,1.17756,1.17788,1.1773,1.17766,639,8,0,0,0,0,0.0
2025-12-29 10:15:00,1.17766,1.17799,1.17748,1.17756,558,8,0,0,0,0,0.0
2025-12-29 10:30:00,1.17756,1.17788,1.17739,1.17744,500,8,0,0,0,0,0.0
2025-12-29 10:45:00,1.17744,1.17775,1.1764999999999999,1.17656,642,8,0,0,1,1,15.0
2025-12-29 11:00:00,1.17654,1.1767,1.17583,1.17584,728,8,0,0,0,0,0.0
2025-12-29 11:15:00,1.17584,1.17639,1.17575,1.1763,471,8,0,0,1,1,15.0
2025-12-29 11:30:00,1.1763,1.17695,1.17621,1.17695,460,8,0,0,0,0,0.0
2025-12-29 11:45:00,1.17692,1.17708,1.17648,1.17656,578,8,0,0,1,1,15.0
2025-12-29 12:00:00,1.17654,1.17686,1.1761,1.17612,631,8,0,0,1,1,15.0
2025-12-29 12:15:00,1.17612,1.17624,1.17566,1.17622,593,8,0,0,1,1,15.0
2025-12-29 12:30:00,1.17622,1.17624,1.17566,1.17566,430,8,0,0,0,0,0.0
2025-12-29 12:45:00,1.17565,1.1762,1.1755200000000001,1.17614,578,8,0,0,1,1,15.0
2025-12-29 13:00:00,1.1761300000000001,1.17665,1.17598,1.17665,653,8,0,0,0,0,0.0
2025-12-29 13:15:00,1.17667,1.17677,1.176,1.1762,565,8,0,0,1,1,15.0
2025-12-29 13:30:00,1.17622,1.17692,1.1761300000000001,1.17685,603,8,0,0,0,0,0.0
2025-12-29 13:45:00,1.17687,1.17734,1.17666,1.17692,715,8,0,0,0,0,0.0
2025-12-29 14:00:00,1.17694,1.17725,1.17666,1.17719,675,8,0,0,0,0,0.0
2025-12-29 14:15:00,1.1772,1.17775,1.17705,1.17774,517,8,0,0,0,0,0.0
2025-12-29 14:30:00,1.17776,1.17849,1.1777,1.1784,892,8,0,0,0,0,0.0
2025-12-29 14:45:00,1.1784,1.17884,1.17804,1.17826,830,8,0,0,0,0,0.0
2025-12-29 15:00:00,1.17825,1.17859,1.1780599999999999,1.17808,831,8,0,0,0,0,0.0
2025-12-29 15:15:00,1.17808,1.17848,1.17771,1.17844,690,8,0,0,0,0,0.0
2025-12-29 15:30:00,1.17843,1.17854,1.17725,1.17802,907,8,0,0,0,0,0.0
2025-12-29 15:45:00,1.17802,1.1786,1.17661,1.17675,1591,8,0,0,0,0,0.0
2025-12-29 16:00:00,1.17672,1.17676,1.17617,1.17641,1067,8,0,0,1,1,15.0
2025-12-29 16:15:00,1.17641,1.17654,1.17571,1.17575,720,8,0,0,0,0,0.0
2025-12-29 16:30:00,1.17575,1.176,1.17523,1.176,844,8,0,0,1,1,15.0
2025-12-29 16:45:00,1.17599,1.17608,1.17551,1.17559,650,8,0,0,0,0,0.0
2025-12-29 17:00:00,1.17557,1.17567,1.17502,1.17541,625,8,0,0,0,0,0.0
2025-12-29 17:15:00,1.17541,1.17549,1.17492,1.17527,502,8,0,0,0,0,0.0
2025-12-29 17:30:00,1.17527,1.17543,1.17507,1.17525,397,8,0,0,0,0,0.0
2025-12-29 17:45:00,1.17525,1.17533,1.17492,1.17519,373,8,0,0,0,0,0.0
2025-12-29 18:00:00,1.1751800000000001,1.1756,1.17503,1.17555,375,8,0,0,0,0,0.0
2025-12-29 18:15:00,1.17555,1.17578,1.1755,1.17573,389,8,0,0,0,0,0.0
2025-12-29 18:30:00,1.17573,1.17584,1.17554,1.1756,346,8,0,0,0,0,0.0
2025-12-29 18:45:00,1.1756,1.17587,1.17559,1.17569,273,8,0,0,0,0,0.0
2025-12-29 19:00:00,1.17569,1.17591,1.17564,1.17585,283,8,0,0,0,0,0.0
2025-12-29 19:15:00,1.17585,1.17615,1.17575,1.17611,252,8,0,0,1,1,15.0
2025-12-29 19:30:00,1.17611,1.17644,1.17608,1.17638,230,8,0,0,1,1,15.0
2025-12-29 19:45:00,1.17638,1.17678,1.17624,1.17668,307,8,0,0,0,0,0.0
2025-12-29 20:00:00,1.17667,1.17689,1.17667,1.17683,297,8,0,0,0,0,0.0
2025-12-29 20:15:00,1.1768399999999999,1.17688,1.17653,1.17672,237,8,0,0,0,0,0.0
2025-12-29 20:30:00,1.1767400000000001,1.17688,1.17658,1.17659,238,8,0,0,1,1,15.0
2025-12-29 20:45:00,1.17662,1.177,1.1764000000000001,1.17699,426,8,0,0,0,0,0.0
2025-12-29 21:00:00,1.1770100000000001,1.17733,1.17697,1.17724,214,8,0,0,0,0,0.0
2025-12-29 21:15:00,1.17724,1.17736,1.17718,1.17724,137,8,0,0,0,0,0.0
2025-12-29 21:30:00,1.17723,1.17733,1.17707,1.17732,122,8,0,0,0,0,0.0
2025-12-29 21:45:00,1.17731,1.1774499999999999,1.17699,1.17699,194,8,0,0,0,0,0.0
2025-12-29 22:00:00,1.17699,1.17723,1.17697,1.1770100000000001,104,20,0,0,0,0,0.0
2025-12-29 22:15:00,1.177,1.17722,1.17694,1.17697,54,20,0,0,0,0,0.0
2025-12-29 22:30:00,1.17697,1.17717,1.17694,1.17699,157,20,0,0,0,0,0.0
2025-12-29 22:45:00,1.17698,1.17717,1.17663,1.17666,175,20,0,0,0,0,0.0
2025-12-29 23:00:00,1.17675,1.1774499999999999,1.17657,1.17734,310,8,0,0,0,0,0.0
2025-12-29 23:15:00,1.17734,1.17739,1.17712,1.17713,167,8,0,0,0,0,0.0
2025-12-29 23:30:00,1.17714,1.17721,1.1771,1.17714,112,8,0,0,0,0,0.0
2025-12-29 23:45:00,1.17714,1.17723,1.17709,1.17721,113,8,0,0,0,0,0.0
2025-12-30 00:00:00,1.17721,1.17744,1.17712,1.17732,265,8,0,0,0,0,0.0
2025-12-30 00:15:00,1.17731,1.17744,1.17727,1.17741,147,8,0,0,0,0,0.0
2025-12-30 00:30:00,1.17741,1.1774499999999999,1.1771099999999999,1.1772,223,8,0,0,0,0,0.0
2025-12-30 00:45:00,1.1772,1.17749,1.17712,1.17725,390,8,0,0,0,0,0.0
2025-12-30 01:00:00,1.17724,1.17732,1.17694,1.17712,264,8,0,0,0,0,0.0
2025-12-30 01:15:00,1.17712,1.17732,1.17695,1.17703,244,8,0,0,0,0,0.0
2025-12-30 01:30:00,1.17703,1.17726,1.17696,1.17725,232,8,0,0,0,0,0.0
2025-12-30 01:45:00,1.17725,1.17747,1.17725,1.17747,218,8,0,0,0,0,0.0
2025-12-30 02:00:00,1.17748,1.17761,1.17713,1.17728,316,8,0,0,0,0,0.0
2025-12-30 02:15:00,1.17727,1.17749,1.17713,1.17719,257,8,0,0,0,0,0.0
2025-12-30 02:30:00,1.17719,1.17742,1.17719,1.17731,201,8,0,0,0,0,0.0
2025-12-30 02:45:00,1.17732,1.17744,1.17727,1.17728,196,8,0,0,0,0,0.0
2025-12-30 03:00:00,1.17728,1.17738,1.1770100000000001,1.17713,206,8,0,0,0,0,0.0
2025-12-30 03:15:00,1.17713,1.1774,1.17708,1.1774,126,8,0,0,0,0,0.0
2025-12-30 03:30:00,1.17742,1.17754,1.17732,1.17733,197,8,0,0,0,0,0.0
2025-12-30 03:45:00,1.17733,1.17747,1.17722,1.17723,152,8,0,0,0,0,0.0
2025-12-30 04:00:00,1.17723,1.1773500000000001,1.17714,1.17729,158,8,0,0,0,0,0.0
2025-12-30 04:15:00,1.17729,1.17736,1.17716,1.17733,85,8,0,0,0,0,0.0
2025-12-30 04:30:00,1.17733,1.17767,1.17727,1.1776200000000001,157,8,0,0,0,0,0.0
2025-12-30 04:45:00,1.17761,1.17774,1.17749,1.17768,240,8,0,0,0,0,0.0
2025-12-30 05:00:00,1.17769,1.17786,1.1776,1.17777,207,8,0,0,0,0,0.0
2025-12-30 05:15:00,1.17777,1.17777,1.17759,1.17767,195,8,0,0,0,0,0.0
2025-12-30 05:30:00,1.17767,1.17769,1.17738,1.17738,226,8,0,0,0,0,0.0
2025-12-30 05:45:00,1.17739,1.17757,1.17724,1.17748,283,8,0,0,0,0,0.0
2025-12-30 06:00:00,1.17748,1.17769,1.17734,1.17768,254,8,0,0,0,0,0.0
2025-12-30 06:15:00,1.17769,1.17795,1.17757,1.17758,280,8,0,0,0,0,0.0
2025-12-30 06:30:00,1.17758,1.17792,1.17743,1.17791,328,8,0,0,0,0,0.0
2025-12-30 06:45:00,1.17791,1.17792,1.1777,1.17781,258,8,0,0,0,0,0.0
2025-12-30 07:00:00,1.17781,1.17781,1.17717,1.1773500000000001,417,8,0,0,0,0,0.0
2025-12-30 07:15:00,1.17734,1.17744,1.17663,1.17702,445,8,0,0,0,0,0.0
2025-12-30 07:30:00,1.17705,1.1771099999999999,1.17659,1.1766,402,8,0,0,1,1,15.0
2025-12-30 07:45:00,1.1766,1.17706,1.1766,1.1770100000000001,399,8,0,0,0,0,0.0
2025-12-30 08:00:00,1.17702,1.17722,1.17656,1.17666,612,8,0,0,0,0,0.0
2025-12-30 08:15:00,1.17666,1.1773,1.17666,1.17693,511,8,0,0,0,0,0.0
2025-12-30 08:30:00,1.17691,1.17748,1.1768,1.17709,482,8,0,0,0,0,0.0
2025-12-30 08:45:00,1.17708,1.17718,1.17666,1.17666,462,8,0,0,0,0,0.0
2025-12-30 09:00:00,1.17669,1.1772,1.17638,1.17681,514,8,0,0,0,0,0.0
2025-12-30 09:15:00,1.17681,1.17749,1.17681,1.17748,439,8,0,0,0,0,0.0
2025-12-30 09:30:00,1.17748,1.1777,1.17731,1.17753,470,8,0,0,0,0,0.0
2025-12-30 09:45:00,1.17753,1.17775,1.1768399999999999,1.17687,590,8,0,0,0,0,0.0
2025-12-30 10:00:00,1.17685,1.1777,1.17685,1.17743,519,8,0,0,0,0,0.0
2025-12-30 10:15:00,1.17743,1.17752,1.17717,1.17721,357,8,0,0,0,0,0.0
2025-12-30 10:30:00,1.17722,1.17764,1.17718,1.17753,391,8,0,0,0,0,0.0
2025-12-30 10:45:00,1.17754,1.17757,1.1772,1.1773500000000001,311,8,0,0,0,0,0.0
2025-12-30 11:00:00,1.1773500000000001,1.17763,1.17703,1.17738,398,8,0,0,0,0,0.0
2025-12-30 11:15:00,1.17738,1.17743,1.17707,1.17715,302,8,0,0,0,0,0.0
2025-12-30 11:30:00,1.17717,1.17728,1.17676,1.17687,313,8,0,0,0,0,0.0
2025-12-30 11:45:00,1.17687,1.1770100000000001,1.17658,1.17665,389,8,0,0,0,0,0.0
2025-12-30 12:00:00,1.17665,1.17665,1.1762,1.17654,405,8,0,0,1,1,15.0
2025-12-30 12:15:00,1.17654,1.17656,1.17618,1.17642,344,8,0,0,1,1,15.0
2025-12-30 12:30:00,1.17642,1.17677,1.17617,1.17617,341,8,0,0,1,1,15.0
2025-12-30 12:45:00,1.17615,1.17637,1.17602,1.17614,389,8,0,0,1,1,15.0
2025-12-30 13:00:00,1.17615,1.17617,1.1755,1.17577,520,8,0,0,0,0,0.0
2025-12-30 13:15:00,1.1757900000000001,1.17659,1.17566,1.176,796,8,0,0,1,1,15.0
2025-12-30 13:30:00,1.17599,1.1764000000000001,1.17569,1.1761,939,8,0,0,1,1,15.0
2025-12-30 13:45:00,1.17611,1.1767400000000001,1.17572,1.17631,1020,8,0,0,1,1,15.0
2025-12-30 14:00:00,1.17632,1.17636,1.17568,1.17574,726,8,0,0,0,0,0.0
2025-12-30 14:15:00,1.17575,1.17604,1.17561,1.17597,547,8,0,0,1,1,15.0
2025-12-30 14:30:00,1.17595,1.17627,1.17564,1.17598,589,8,0,0,1,1,15.0
2025-12-30 14:45:00,1.17598,1.1764000000000001,1.17587,1.17628,757,8,0,0,1,1,15.0
2025-12-30 15:00:00,1.17629,1.17657,1.17568,1.17573,777,8,0,0,0,0,0.0
2025-12-30 15:15:00,1.17575,1.1757900000000001,1.17496,1.17507,737,8,0,0,0,0,0.0
2025-12-30 15:30:00,1.17508,1.17526,1.17449,1.17471,640,8,0,0,0,0,0.0
2025-12-30 15:45:00,1.17472,1.17596,1.1746,1.17593,785,8,0,0,1,1,15.0
2025-12-30 16:00:00,1.17592,1.17594,1.1754,1.17558,776,8,0,0,0,0,0.0
2025-12-30 16:15:00,1.17556,1.17632,1.17555,1.17605,595,8,0,0,1,1,15.0
2025-12-30 16:30:00,1.17605,1.17642,1.17585,1.17624,553,8,0,0,1,1,15.0
2025-12-30 16:45:00,1.17626,1.17661,1.1762299999999999,1.17642,458,8,0,0,1,1,15.0
2025-12-30 17:00:00,1.17644,1.17663,1.17601,1.17603,473,8,0,0,1,1,15.0
2025-12-30 17:15:00,1.17601,1.17615,1.17573,1.17576,363,8,0,0,0,0,0.0
2025-12-30 17:30:00,1.17576,1.17581,1.17551,1.17561,271,8,0,0,0,0,0.0
2025-12-30 17:45:00,1.17561,1.17568,1.17548,1.17555,246,8,0,0,0,0,0.0
2025-12-30 18:00:00,1.17555,1.17591,1.17554,1.1757900000000001,336,8,0,0,0,0,0.0
2025-12-30 18:15:00,1.17581,1.17584,1.17556,1.17563,256,8,0,0,0,0,0.0
2025-12-30 18:30:00,1.17561,1.17567,1.17527,1.17535,300,8,0,0,0,0,0.0
2025-12-30 18:45:00,1.17536,1.17536,1.1748,1.17502,332,8,0,0,0,0,0.0
2025-12-30 19:00:00,1.17498,1.17512,1.17472,1.17507,320,8,0,0,0,0,0.0
2025-12-30 19:15:00,1.17507,1.17526,1.17499,1.17519,280,8,0,0,0,0,0.0
2025-12-30 19:30:00,1.17519,1.17524,1.17487,1.17502,260,8,0,0,0,0,0.0
2025-12-30 19:45:00,1.17502,1.17522,1.17449,1.17465,448,8,0,0,0,0,0.0
2025-12-30 20:00:00,1.17465,1.17481,1.17445,1.17471,320,8,0,0,0,0,0.0
2025-12-30 20:15:00,1.1747,1.17499,1.1746699999999999,1.1749,291,8,0,0,0,0,0.0
2025-12-30 20:30:00,1.17488,1.17498,1.1746,1.17465,236,8,0,0,0,0,0.0
2025-12-30 20:45:00,1.17465,1.17474,1.17429,1.17436,330,8,0,0,1,1,21.0
2025-12-30 21:00:00,1.17437,1.17481,1.17437,1.1747,215,8,0,0,0,0,0.0
2025-12-30 21:15:00,1.1747,1.17472,1.17445,1.1745,83,8,0,0,0,0,0.0
2025-12-30 21:30:00,1.17449,1.1746699999999999,1.17445,1.17463,79,8,0,0,0,0,0.0
2025-12-30 21:45:00,1.17462,1.17477,1.17455,1.17468,177,8,0,0,0,0,0.0
2025-12-30 22:00:00,1.17468,1.17469,1.17447,1.17456,64,20,0,0,0,0,0.0
2025-12-30 22:15:00,1.17456,1.1747,1.17454,1.1746,114,20,0,0,0,0,0.0
2025-12-30 22:30:00,1.1746,1.17476,1.17445,1.17448,135,20,0,0,1,1,21.0
2025-12-30 22:45:00,1.17448,1.1746,1.17442,1.17458,77,20,0,0,0,0,0.0
2025-12-30 23:00:00,1.17461,1.17488,1.17454,1.17488,159,8,0,0,0,0,0.0
2025-12-30 23:15:00,1.17488,1.17488,1.1746699999999999,1.17472,125,8,0,0,0,0,0.0
2025-12-30 23:30:00,1.17472,1.17476,1.17455,1.1746,77,8,0,0,0,0,0.0
2025-12-30 23:45:00,1.1746,1.1746699999999999,1.17452,1.17453,86,8,0,0,0,0,0.0
2025-12-31 00:00:00,1.17453,1.17473,1.17444,1.17468,125,8,0,0,0,0,0.0
2025-12-31 00:15:00,1.17468,1.17473,1.17455,1.17469,104,8,0,0,0,0,0.0
2025-12-31 00:30:00,1.17469,1.17469,1.17446,1.17448,135,8,0,0,1,1,21.0
2025-12-31 00:45:00,1.17449,1.17476,1.17438,1.1746699999999999,262,8,0,0,0,0,0.0
2025-12-31 01:00:00,1.17468,1.17477,1.1745,1.17471,273,8,0,0,0,0,0.0
2025-12-31 01:15:00,1.17471,1.17487,1.17458,1.17469,190,8,0,0,0,0,0.0
2025-12-31 01:30:00,1.17468,1.17475,1.17445,1.17449,225,8,0,0,1,1,21.0
2025-12-31 01:45:00,1.17449,1.17474,1.17415,1.17422,403,8,0,0,1,1,21.0
2025-12-31 02:00:00,1.17421,1.17423,1.17386,1.17403,408,8,0,0,1,1,21.0
2025-12-31 02:15:00,1.17402,1.17423,1.17386,1.17405,283,8,0,0,1,1,21.0
2025-12-31 02:30:00,1.17405,1.17423,1.17398,1.17399,214,8,0,0,1,1,21.0
2025-12-31 02:45:00,1.17399,1.17409,1.17395,1.1739600000000001,269,8,0,0,1,1,21.0
2025-12-31 03:00:00,1.1739600000000001,1.17427,1.17395,1.17414,229,8,0,0,1,1,21.0
2025-12-31 03:15:00,1.17415,1.17415,1.17391,1.17413,152,8,0,0,1,1,21.0
2025-12-31 03:30:00,1.17413,1.17429,1.1741,1.17418,182,8,0,0,1,1,21.0
2025-12-31 03:45:00,1.17418,1.17433,1.17417,1.17424,106,8,0,0,1,1,21.0
2025-12-31 04:00:00,1.17424,1.17424,1.17394,1.17395,161,8,0,0,1,1,21.0
2025-12-31 04:15:00,1.17395,1.174,1.17385,1.17389,134,8,0,0,1,1,21.0
2025-12-31 04:30:00,1.17388,1.174,1.17358,1.17366,158,8,0,0,0,0,0.0
2025-12-31 04:45:00,1.17366,1.17367,1.17327,1.17341,260,8,0,0,0,0,0.0
2025-12-31 05:00:00,1.17342,1.17364,1.17341,1.17359,209,8,0,0,0,0,0.0
2025-12-31 05:15:00,1.17359,1.17374,1.17339,1.1736900000000001,175,8,0,0,0,0,0.0
2025-12-31 05:30:00,1.1736900000000001,1.1736900000000001,1.1734499999999999,1.17365,235,8,0,0,0,0,0.0
2025-12-31 05:45:00,1.17365,1.1739,1.1735,1.1738,308,8,0,0,1,1,21.0
2025-12-31 06:00:00,1.17379,1.1738,1.17328,1.1734,294,8,0,0,0,0,0.0
2025-12-31 06:15:00,1.17339,1.17364,1.17327,1.1736,253,8,0,0,0,0,0.0
2025-12-31 06:30:00,1.17361,1.17392,1.17355,1.17391,180,8,0,0,1,1,21.0
2025-12-31 06:45:00,1.17391,1.17393,1.17368,1.17372,196,8,0,0,0,0,0.0
2025-12-31 07:00:00,1.1737,1.17383,1.1733,1.17338,447,8,0,0,0,0,0.0
2025-12-31 07:15:00,1.17338,1.17347,1.17297,1.17313,355,8,0,0,0,0,0.0
2025-12-31 07:30:00,1.17313,1.1738,1.17294,1.17359,431,8,0,0,0,0,0.0
2025-12-31 07:45:00,1.1736,1.17372,1.1734,1.17367,324,8,0,0,0,0,0.0
2025-12-31 08:00:00,1.17367,1.17395,1.17348,1.1736,507,8,0,0,0,0,0.0
2025-12-31 08:15:00,1.1736,1.17368,1.1727400000000001,1.17291,425,8,0,0,0,0,0.0
2025-12-31 08:30:00,1.17291,1.17301,1.17246,1.1729,506,8,0,0,0,0,0.0
2025-12-31 08:45:00,1.17289,1.17292,1.17198,1.17228,621,8,0,0,0,0,0.0
2025-12-31 09:00:00,1.17227,1.17263,1.17197,1.17256,565,8,0,0,0,0,0.0
2025-12-31 09:15:00,1.17257,1.1734,1.17253,1.17311,512,8,0,0,0,0,0.0
2025-12-31 09:30:00,1.1731,1.17378,1.17303,1.17368,489,8,0,0,0,0,0.0
2025-12-31 09:45:00,1.17368,1.17384,1.17341,1.1734499999999999,484,8,0,0,0,0,0.0
2025-12-31 10:00:00,1.17347,1.1735,1.1728399999999999,1.17291,427,8,0,0,0,0,0.0
2025-12-31 10:15:00,1.17292,1.17353,1.17292,1.17348,331,8,0,0,0,0,0.0
2025-12-31 10:30:00,1.17348,1.17382,1.17348,1.17366,436,8,0,0,0,0,0.0
2025-12-31 10:45:00,1.17366,1.17433,1.17365,1.17389,625,8,0,0,1,1,21.0
2025-12-31 11:00:00,1.1739,1.17413,1.1736,1.17405,519,8,0,0,1,1,21.0
2025-12-31 11:15:00,1.17408,1.17415,1.17383,1.1740599999999999,365,8,0,0,1,1,21.0
2025-12-31 11:30:00,1.1740599999999999,1.17459,1.17391,1.17455,411,8,0,0,0,0,0.0
2025-12-31 11:45:00,1.17455,1.17474,1.17422,1.1746699999999999,467,8,0,0,0,0,0.0
2025-12-31 12:00:00,1.17468,1.17507,1.17468,1.17498,527,8,0,0,0,0,0.0
2025-12-31 12:15:00,1.17497,1.1755200000000001,1.17497,1.17535,468,8,0,0,0,0,0.0
2025-12-31 12:30:00,1.17535,1.17555,1.1751,1.17539,411,8,0,0,0,0,0.0
2025-12-31 12:45:00,1.17539,1.1758899999999999,1.17517,1.17548,565,8,0,0,0,0,0.0
2025-12-31 13:00:00,1.17551,1.1758899999999999,1.17492,1.17502,675,8,0,0,0,0,0.0
2025-12-31 13:15:00,1.17504,1.17574,1.17499,1.17549,512,8,0,0,0,0,0.0
2025-12-31 13:30:00,1.17547,1.17547,1.17427,1.1745,793,8,0,0,0,0,0.0
2025-12-31 13:45:00,1.17451,1.17473,1.17411,1.17416,789,8,0,0,1,1,21.0
2025-12-31 14:00:00,1.17416,1.17423,1.17359,1.17386,766,8,0,0,1,1,21.0
2025-12-31 14:15:00,1.17386,1.17398,1.1735,1.17356,641,8,0,0,0,0,0.0
2025-12-31 14:30:00,1.17358,1.17402,1.17319,1.17341,727,8,0,0,0,0,0.0
2025-12-31 14:45:00,1.17341,1.17344,1.1727,1.17301,766,8,0,0,0,0,0.0
2025-12-31 15:00:00,1.17301,1.17301,1.17201,1.17212,779,8,0,0,0,0,0.0
2025-12-31 15:15:00,1.17212,1.17259,1.172,1.1724999999999999,709,8,0,0,0,0,0.0
2025-12-31 15:30:00,1.1724999999999999,1.17376,1.1724999999999999,1.17354,791,8,0,0,0,0,0.0
2025-12-31 15:45:00,1.17355,1.1745700000000001,1.17246,1.17436,1599,8,0,0,1,1,21.0
2025-12-31 16:00:00,1.17438,1.17485,1.17418,1.17453,1228,8,0,0,0,0,0.0
2025-12-31 16:15:00,1.17452,1.17471,1.17387,1.17411,701,8,0,0,1,1,21.0
2025-12-31 16:30:00,1.17412,1.17414,1.17307,1.17309,621,8,0,0,0,0,0.0
2025-12-31 16:45:00,1.17309,1.17346,1.17283,1.17346,576,8,0,0,0,0,0.0
2025-12-31 17:00:00,1.1734499999999999,1.17378,1.1731,1.17343,602,8,0,0,0,0,0.0
2025-12-31 17:15:00,1.17344,1.17375,1.17333,1.17348,451,8,0,0,0,0,0.0
2025-12-31 17:30:00,1.17346,1.17363,1.17324,1.17328,412,8,0,0,0,0,0.0
2025-12-31 17:45:00,1.17328,1.17386,1.17316,1.17354,659,8,0,0,0,0,0.0
2025-12-31 18:00:00,1.1734499999999999,1.17374,1.17304,1.17339,497,20,0,0,0,0,0.0
2025-12-31 18:15:00,1.17339,1.1735,1.17297,1.17339,366,20,0,0,0,0,0.0
2025-12-31 18:30:00,1.17339,1.17377,1.17319,1.17351,323,20,0,0,0,0,0.0
2025-12-31 18:45:00,1.17349,1.17362,1.17325,1.17352,299,20,0,0,0,0,0.0
2025-12-31 19:00:00,1.17356,1.17402,1.17354,1.17398,273,20,0,0,1,1,21.0
2025-12-31 19:15:00,1.17398,1.17404,1.1738,1.17402,214,20,0,0,1,1,21.0
2025-12-31 19:30:00,1.17404,1.17411,1.17367,1.17409,296,20,0,0,1,1,21.0
2025-12-31 19:45:00,1.17407,1.17422,1.17386,1.17399,329,20,0,0,1,1,21.0
2025-12-31 20:00:00,1.17398,1.17429,1.17389,1.17428,241,20,0,0,1,1,21.0
2025-12-31 20:15:00,1.17426,1.1747,1.17424,1.1746,257,20,0,0,0,0,0.0
2025-12-31 20:30:00,1.17461,1.17484,1.17449,1.1747,245,20,0,0,0,0,0.0
2025-12-31 20:45:00,1.1747,1.17519,1.17441,1.17508,277,20,0,0,0,0,0.0
2025-12-31 21:00:00,1.17512,1.17519,1.17466,1.17474,239,8,0,0,0,0,0.0
2025-12-31 21:15:00,1.17474,1.17482,1.1745700000000001,1.17464,154,8,0,0,0,0,0.0
2025-12-31 21:30:00,1.17464,1.17474,1.17461,1.17469,78,8,0,0,0,0,0.0
2025-12-31 21:45:00,1.17469,1.17475,1.17448,1.17455,165,8,0,0,0,0,0.0
2026-01-01 22:00:00,1.1743999999999999,1.17485,1.1743999999999999,1.1747,100,48,0,0,0,0,0.0
2026-01-01 22:15:00,1.1747,1.17487,1.17463,1.17465,118,20,0,0,0,0,0.0
2026-01-01 22:30:00,1.17466,1.17484,1.17458,1.17477,58,20,0,0,0,0,0.0
2026-01-01 22:45:00,1.17478,1.1748,1.17451,1.17476,113,20,0,0,0,0,0.0
2026-01-01 23:00:00,1.17482,1.17492,1.17445,1.17461,295,8,0,0,0,0,0.0
2026-01-01 23:15:00,1.17461,1.1749,1.17456,1.17469,154,8,0,0,0,0,0.0
2026-01-01 23:30:00,1.17469,1.17494,1.17461,1.17494,156,8,0,0,0,0,0.0
2026-01-01 23:45:00,1.17494,1.17504,1.17481,1.17504,166,8,0,0,0,0,0.0
2026-01-02 00:00:00,1.17504,1.1753,1.17495,1.17524,243,8,0,0,0,0,0.0
2026-01-02 00:15:00,1.17525,1.17525,1.17509,1.17514,161,8,0,0,0,0,0.0
2026-01-02 00:30:00,1.17514,1.17526,1.17508,1.17521,196,8,0,0,0,0,0.0
2026-01-02 00:45:00,1.17521,1.17559,1.17517,1.17557,236,8,0,0,0,0,0.0
2026-01-02 01:00:00,1.17558,1.17602,1.17558,1.17563,417,8,0,0,0,0,0.0
2026-01-02 01:15:00,1.17565,1.17601,1.17564,1.176,266,8,0,0,1,1,15.0
2026-01-02 01:30:00,1.176,1.1761300000000001,1.17577,1.17596,260,8,0,0,1,1,15.0
2026-01-02 01:45:00,1.17597,1.17624,1.17587,1.17603,235,8,0,0,1,1,15.0
2026-01-02 02:00:00,1.17604,1.17633,1.17596,1.17629,211,8,0,0,1,1,15.0
2026-01-02 02:15:00,1.17629,1.17631,1.17603,1.17607,205,8,0,0,1,1,15.0
2026-01-02 02:30:00,1.17607,1.17607,1.1757900000000001,1.176,225,8,0,0,1,1,15.0
2026-01-02 02:45:00,1.176,1.176,1.17577,1.17588,180,8,0,0,0,0,0.0
2026-01-02 03:00:00,1.17588,1.1762,1.17587,1.1761300000000001,186,8,0,0,1,1,15.0
2026-01-02 03:15:00,1.1761300000000001,1.1763,1.17607,1.17626,160,8,0,0,1,1,15.0
2026-01-02 03:30:00,1.17626,1.17633,1.17614,1.17633,200,8,0,0,1,1,15.0
2026-01-02 03:45:00,1.17633,1.17646,1.17628,1.17639,162,8,0,0,1,1,15.0
2026-01-02 04:00:00,1.1764000000000001,1.17645,1.17602,1.17607,178,8,0,0,1,1,15.0
2026-01-02 04:15:00,1.17607,1.17612,1.17577,1.1758,246,8,0,0,0,0,0.0
2026-01-02 04:30:00,1.1758,1.17583,1.1755,1.17556,198,8,0,0,0,0,0.0
2026-01-02 04:45:00,1.17556,1.1757,1.17548,1.17554,146,8,0,0,0,0,0.0
2026-01-02 05:00:00,1.17554,1.17557,1.17545,1.17555,144,8,0,0,0,0,0.0
2026-01-02 05:15:00,1.17555,1.17567,1.17551,1.17566,157,8,0,0,0,0,0.0
2026-01-02 05:30:00,1.17565,1.17576,1.17551,1.17558,160,8,0,0,0,0,0.0
2026-01-02 05:45:00,1.17558,1.17563,1.17506,1.17509,249,8,0,0,0,0,0.0
2026-01-02 06:00:00,1.17509,1.17511,1.17468,1.17469,237,8,0,0,0,0,0.0
2026-01-02 06:15:00,1.1747,1.1747,1.1743000000000001,1.17435,366,8,0,0,1,1,21.0
2026-01-02 06:30:00,1.17434,1.1743999999999999,1.17413,1.17428,236,8,0,0,1,1,21.0
2026-01-02 06:45:00,1.17428,1.17452,1.17418,1.17436,261,8,0,0,1,1,21.0
2026-01-02 07:00:00,1.17434,1.1745700000000001,1.17417,1.17448,404,8,0,0,1,1,21.0
2026-01-02 07:15:00,1.17448,1.17468,1.17411,1.17411,366,8,0,0,1,1,21.0
2026-01-02 07:30:00,1.17411,1.17412,1.17319,1.17353,571,8,0,0,0,0,0.0
2026-01-02 07:45:00,1.17353,1.17389,1.17319,1.1734499999999999,556,8,0,0,0,0,0.0
2026-01-02 08:00:00,1.1734499999999999,1.17379,1.17301,1.1734499999999999,912,8,0,0,0,0,0.0
2026-01-02 08:15:00,1.1734499999999999,1.1734499999999999,1.17237,1.17259,766,8,0,0,0,0,0.0
2026-01-02 08:30:00,1.17259,1.17301,1.17241,1.17279,708,8,0,0,0,0,0.0
2026-01-02 08:45:00,1.17277,1.17305,1.17254,1.17285,645,8,0,0,0,0,0.0
2026-01-02 09:00:00,1.1728399999999999,1.17361,1.17268,1.1731,615,8,0,0,0,0,0.0
2026-01-02 09:15:00,1.1731,1.1737,1.17291,1.17317,633,8,0,0,0,0,0.0
2026-01-02 09:30:00,1.17319,1.1732,1.17236,1.1728399999999999,584,8,0,0,0,0,0.0
2026-01-02 09:45:00,1.17283,1.17293,1.17204,1.1721300000000001,550,8,0,0,0,0,0.0
2026-01-02 10:00:00,1.17214,1.1722,1.17151,1.17155,549,8,0,1,0,1,21.0
2026-01-02 10:15:00,1.17155,1.17176,1.17129,1.17133,510,8,0,0,0,0,0.0
2026-01-02 10:30:00,1.17133,1.17183,1.17129,1.17167,547,8,0,1,0,1,21.0
2026-01-02 10:45:00,1.17168,1.17232,1.17158,1.17208,508,8,0,0,0,0,0.0
2026-01-02 11:00:00,1.17206,1.17218,1.17171,1.17181,338,8,0,1,0,1,21.0
2026-01-02 11:15:00,1.1718,1.17196,1.17155,1.17196,405,8,0,1,0,1,21.0
2026-01-02 11:30:00,1.17195,1.17221,1.17147,1.17193,541,8,0,1,0,1,21.0
2026-01-02 11:45:00,1.17193,1.1722,1.17171,1.17215,466,8,0,0,0,0,0.0
2026-01-02 12:00:00,1.1721300000000001,1.1724700000000001,1.17204,1.17236,442,8,0,0,0,0,0.0
2026-01-02 12:15:00,1.17236,1.17254,1.17222,1.1724999999999999,343,8,0,0,0,0,0.0
2026-01-02 12:30:00,1.17249,1.17267,1.17217,1.17265,391,8,0,0,0,0,0.0
2026-01-02 12:45:00,1.17267,1.17267,1.17207,1.17234,406,8,0,0,0,0,0.0
2026-01-02 13:00:00,1.17236,1.17258,1.17199,1.17243,636,8,0,0,0,0,0.0
2026-01-02 13:15:00,1.17243,1.17285,1.1721,1.17212,639,8,0,0,0,0,0.0
2026-01-02 13:30:00,1.17209,1.17226,1.1718,1.17193,661,8,0,1,0,1,21.0
2026-01-02 13:45:00,1.17193,1.17231,1.17179,1.17212,651,8,0,0,0,0,0.0
2026-01-02 14:00:00,1.17215,1.17232,1.17187,1.17199,582,8,0,1,0,1,21.0
2026-01-02 14:15:00,1.172,1.1727,1.17155,1.17262,607,8,0,0,0,0,0.0
2026-01-02 14:30:00,1.17262,1.17287,1.17244,1.17257,748,8,0,0,0,0,0.0
2026-01-02 14:45:00,1.17257,1.17299,1.1724700000000001,1.17281,695,8,0,0,0,0,0.0
2026-01-02 15:00:00,1.17281,1.17365,1.17278,1.17336,739,8,0,0,0,0,0.0
2026-01-02 15:15:00,1.17336,1.17372,1.17313,1.17347,640,8,0,0,0,0,0.0
2026-01-02 15:30:00,1.17346,1.17417,1.17326,1.17384,830,8,0,0,1,1,21.0
2026-01-02 15:45:00,1.17385,1.17517,1.17375,1.17503,1307,8,0,0,0,0,0.0
2026-01-02 16:00:00,1.1750099999999999,1.1754,1.1743999999999999,1.1743999999999999,983,8,0,0,1,1,21.0
2026-01-02 16:15:00,1.1743999999999999,1.17458,1.17413,1.17441,639,8,0,0,1,1,21.0
2026-01-02 16:30:00,1.17441,1.17459,1.1737,1.17374,544,8,0,0,0,0,0.0
2026-01-02 16:45:00,1.17374,1.17378,1.17338,1.17371,540,8,0,0,0,0,0.0
2026-01-02 17:00:00,1.17371,1.17374,1.17316,1.17339,527,8,0,0,0,0,0.0
2026-01-02 17:15:00,1.17338,1.1736,1.1730800000000001,1.17334,450,8,0,0,0,0,0.0
2026-01-02 17:30:00,1.1733500000000001,1.17365,1.17323,1.1733500000000001,433,8,0,0,0,0,0.0
2026-01-02 17:45:00,1.17336,1.17353,1.17281,1.17305,508,8,0,0,0,0,0.0
2026-01-02 18:00:00,1.17305,1.1731,1.17243,1.1724999999999999,389,8,0,0,0,0,0.0
2026-01-02 18:15:00,1.1724999999999999,1.17266,1.17226,1.17231,430,8,0,0,0,0,0.0
2026-01-02 18:30:00,1.17231,1.17231,1.17163,1.17168,544,8,0,1,0,1,21.0
2026-01-02 18:45:00,1.17168,1.17196,1.17148,1.17188,477,8,0,1,0,1,21.0
2026-01-02 19:00:00,1.1718899999999999,1.1718899999999999,1.17143,1.17167,494,8,0,1,0,1,21.0
2026-01-02 19:15:00,1.17168,1.17181,1.17146,1.17163,345,8,0,1,0,1,21.0
2026-01-02 19:30:00,1.17163,1.17173,1.17139,1.17168,363,8,0,1,0,1,21.0
2026-01-02 19:45:00,1.1717,1.17238,1.17169,1.17227,388,8,0,0,0,0,0.0
2026-01-02 20:00:00,1.17229,1.17234,1.17149,1.1718,518,8,0,1,0,1,21.0
2026-01-02 20:15:00,1.1718,1.17211,1.17179,1.17207,372,8,0,0,0,0,0.0
2026-01-02 20:30:00,1.17207,1.17218,1.17178,1.17181,330,8,0,1,0,1,21.0
2026-01-02 20:45:00,1.17181,1.1718899999999999,1.1715200000000001,1.17174,312,8,0,1,0,1,21.0
2026-01-02 21:00:00,1.17172,1.17224,1.17167,1.17207,221,8,0,0,0,0,0.0
2026-01-02 21:15:00,1.17208,1.17215,1.17197,1.17209,156,8,0,0,0,0,0.0
2026-01-02 21:30:00,1.17212,1.17228,1.17182,1.17187,236,8,0,1,0,1,21.0
2026-01-02 21:45:00,1.17187,1.1721300000000001,1.17172,1.17196,302,8,0,1,0,1,21.0
2026-01-04 22:00:00,1.17224,1.1724,1.1718899999999999,1.17207,56,48,0,0,0,0,0.0
2026-01-04 22:15:00,1.17207,1.17218,1.17203,1.17211,66,48,0,0,0,0,0.0
2026-01-04 22:30:00,1.17211,1.17211,1.17181,1.1718899999999999,127,48,0,1,0,1,21.0
2026-01-04 22:45:00,1.1718899999999999,1.17196,1.17093,1.17118,183,48,0,0,0,0,0.0
2026-01-04 23:00:00,1.17119,1.17126,1.16985,1.17114,555,8,0,0,0,0,0.0
2026-01-04 23:15:00,1.17115,1.1712500000000001,1.17083,1.17087,312,8,0,0,0,0,0.0
2026-01-04 23:30:00,1.17087,1.17087,1.17025,1.17039,341,8,0,0,1,1,12.0
2026-01-04 23:45:00,1.17038,1.17078,1.17011,1.17048,448,8,0,0,1,1,12.0
2026-01-05 00:00:00,1.1705,1.17098,1.17039,1.17078,766,8,0,0,0,0,0.0
2026-01-05 00:15:00,1.17078,1.17107,1.17053,1.17072,507,8,0,0,0,0,0.0
2026-01-05 00:30:00,1.17072,1.17099,1.17047,1.1706699999999999,416,8,0,0,0,0,0.0
2026-01-05 00:45:00,1.17068,1.17081,1.17032,1.17047,417,8,0,0,1,1,12.0
2026-01-05 01:00:00,1.17045,1.17063,1.17,1.17032,690,8,0,0,1,1,12.0
2026-01-05 01:15:00,1.17032,1.17069,1.17012,1.17018,517,8,0,0,1,1,12.0
2026-01-05 01:30:00,1.17018,1.17054,1.17012,1.17052,428,8,0,0,1,1,12.0
2026-01-05 01:45:00,1.17052,1.17056,1.16992,1.17002,454,8,0,0,1,1,12.0
2026-01-05 02:00:00,1.17002,1.17015,1.1694,1.1697,507,8,0,0,0,0,0.0
2026-01-05 02:15:00,1.16972,1.16985,1.16907,1.16926,418,8,0,0,0,0,0.0
2026-01-05 02:30:00,1.16926,1.16939,1.16839,1.16851,541,8,0,1,0,1,14.0
2026-01-05 02:45:00,1.16851,1.16887,1.16836,1.16885,443,8,0,0,0,0,0.0
2026-01-05 03:00:00,1.16883,1.16904,1.16821,1.16825,507,8,0,1,0,1,14.0
2026-01-05 03:15:00,1.16826,1.16834,1.1672,1.16734,512,8,0,0,0,0,0.0
2026-01-05 03:30:00,1.16732,1.1676,1.16719,1.16751,450,8,0,0,0,0,0.0
2026-01-05 03:45:00,1.16751,1.16779,1.16741,1.16747,248,8,0,0,0,0,0.0
2026-01-05 04:00:00,1.16748,1.16777,1.16739,1.16755,363,8,0,0,0,0,0.0
2026-01-05 04:15:00,1.16755,1.1678,1.16738,1.16738,247,8,0,0,0,0,0.0
2026-01-05 04:30:00,1.16738,1.16794,1.16728,1.1678600000000001,337,8,0,0,0,0,0.0
2026-01-05 04:45:00,1.1678600000000001,1.16827,1.1678600000000001,1.16816,328,8,0,1,0,1,14.0
2026-01-05 05:00:00,1.16816,1.16822,1.168,1.16818,234,8,0,1,0,1,14.0
2026-01-05 05:15:00,1.16818,1.16834,1.16809,1.16833,228,8,0,1,0,1,14.0
2026-01-05 05:30:00,1.16832,1.16846,1.16828,1.16844,210,8,0,1,0,1,14.0
2026-01-05 05:45:00,1.16845,1.16855,1.16834,1.16849,269,8,0,1,0,1,14.0
2026-01-05 06:00:00,1.16849,1.16858,1.16778,1.16839,432,8,0,1,0,1,14.0
2026-01-05 06:15:00,1.16838,1.16873,1.16833,1.16869,301,8,0,1,0,1,14.0
2026-01-05 06:30:00,1.1687,1.16898,1.16866,1.16897,316,8,0,0,0,0,0.0
2026-01-05 06:45:00,1.16897,1.16914,1.16885,1.16906,339,8,0,0,0,0,0.0
2026-01-05 07:00:00,1.16906,1.16912,1.16849,1.16855,596,8,0,1,0,1,14.0
2026-01-05 07:15:00,1.16855,1.1691799999999999,1.1684,1.16898,451,8,0,0,0,0,0.0
2026-01-05 07:30:00,1.16898,1.16898,1.16841,1.1687400000000001,652,8,0,1,0,1,14.0
2026-01-05 07:45:00,1.1687400000000001,1.16905,1.1683,1.16861,607,8,0,1,0,1,14.0
2026-01-05 08:00:00,1.16859,1.1689,1.16826,1.16868,806,8,0,1,0,1,14.0
2026-01-05 08:15:00,1.16869,1.16941,1.1685699999999999,1.16938,666,8,0,0,0,0,0.0
2026-01-05 08:30:00,1.16938,1.16944,1.1682,1.16831,711,8,0,1,0,1,14.0
2026-01-05 08:45:00,1.16831,1.16841,1.16806,1.1683,607,8,0,1,0,1,14.0
2026-01-05 09:00:00,1.1683,1.1685699999999999,1.1676199999999999,1.16792,591,8,0,0,0,0,0.0
2026-01-05 09:15:00,1.16792,1.1687,1.16792,1.16817,523,8,0,1,0,1,14.0
2026-01-05 09:30:00,1.1682,1.1682,1.16746,1.16753,532,8,0,0,0,0,0.0
2026-01-05 09:45:00,1.16756,1.16826,1.16733,1.16821,593,8,0,1,0,1,14.0
2026-01-05 10:00:00,1.16821,1.16869,1.16795,1.1685,618,8,0,1,0,1,14.0
2026-01-05 10:15:00,1.1685,1.16882,1.16819,1.16819,521,8,0,1,0,1,14.0
2026-01-05 10:30:00,1.1682,1.16862,1.16805,1.1685,467,8,0,1,0,1,14.0
2026-01-05 10:45:00,1.16851,1.16896,1.16836,1.16895,575,8,0,0,0,0,0.0
2026-01-05 11:00:00,1.16894,1.16906,1.16805,1.16805,568,8,0,0,0,0,0.0
2026-01-05 11:15:00,1.16805,1.16875,1.16805,1.16816,633,8,0,1,0,1,14.0
2026-01-05 11:30:00,1.16817,1.16864,1.16811,1.16848,500,8,0,1,0,1,14.0
2026-01-05 11:45:00,1.16849,1.16849,1.16798,1.16814,506,8,0,1,0,1,14.0
2026-01-05 12:00:00,1.16812,1.16817,1.16773,1.16802,537,8,0,0,0,0,0.0
2026-01-05 12:15:00,1.16801,1.16825,1.1678600000000001,1.16811,458,8,0,1,0,1,14.0
2026-01-05 12:30:00,1.16811,1.16849,1.16766,1.1679,468,8,0,0,0,0,0.0
2026-01-05 12:45:00,1.16789,1.1679599999999999,1.16696,1.16705,693,8,0,0,0,0,0.0
2026-01-05 13:00:00,1.16705,1.16714,1.16604,1.16652,1058,8,0,0,0,0,0.0
2026-01-05 13:15:00,1.16652,1.16676,1.16612,1.16625,792,8,0,0,0,0,0.0
2026-01-05 13:30:00,1.16623,1.16654,1.16587,1.16601,841,8,0,0,1,1,9.0
2026-01-05 13:45:00,1.16601,1.16747,1.16596,1.16742,746,8,0,0,0,0,0.0
2026-01-05 14:00:00,1.16745,1.16825,1.16726,1.16802,736,8,0,0,0,0,0.0
2026-01-05 14:15:00,1.16802,1.16821,1.16771,1.16782,677,8,0,0,0,0,0.0
2026-01-05 14:30:00,1.16783,1.16795,1.16741,1.16778,1025,8,0,0,0,0,0.0
2026-01-05 14:45:00,1.16777,1.16869,1.16754,1.16851,944,8,0,1,0,1,14.0
2026-01-05 15:00:00,1.16849,1.16951,1.16849,1.1694,1136,8,0,0,0,0,0.0
2026-01-05 15:15:00,1.16939,1.16981,1.16915,1.16956,944,8,0,0,0,0,0.0
2026-01-05 15:30:00,1.16954,1.16998,1.1693500000000001,1.16959,857,8,0,0,0,0,0.0
2026-01-05 15:45:00,1.16962,1.17042,1.1691799999999999,1.17041,869,8,0,0,1,1,12.0
2026-01-05 16:00:00,1.17042,1.17118,1.17036,1.17094,729,8,0,0,0,0,0.0
2026-01-05 16:15:00,1.17093,1.17109,1.17063,1.17097,719,8,0,0,0,0,0.0
2026-01-05 16:30:00,1.17098,1.17181,1.17089,1.17138,849,8,0,1,0,1,21.0
2026-01-05 16:45:00,1.17139,1.17156,1.17116,1.17144,682,8,0,1,0,1,21.0
2026-01-05 17:00:00,1.17143,1.17161,1.17096,1.1711,713,8,0,0,0,0,0.0
2026-01-05 17:15:00,1.17112,1.17194,1.17106,1.17171,634,8,0,1,0,1,21.0
2026-01-05 17:30:00,1.17171,1.17178,1.17108,1.17113,637,8,0,0,0,0,0.0
2026-01-05 17:45:00,1.17115,1.17151,1.17109,1.17139,371,8,0,1,0,1,21.0
2026-01-05 18:00:00,1.17139,1.17196,1.1712799999999999,1.17181,401,8,0,1,0,1,21.0
2026-01-05 18:15:00,1.17181,1.17201,1.17177,1.1718899999999999,390,8,0,1,0,1,21.0
2026-01-05 18:30:00,1.17188,1.17242,1.17188,1.17222,296,8,0,0,0,0,0.0
2026-01-05 18:45:00,1.17222,1.17251,1.17195,1.17246,408,8,0,0,0,0,0.0
2026-01-05 19:00:00,1.17248,1.17267,1.17226,1.17233,491,8,0,0,0,0,0.0
2026-01-05 19:15:00,1.17233,1.17263,1.17217,1.17251,454,8,0,0,0,0,0.0
2026-01-05 19:30:00,1.17249,1.1728399999999999,1.17243,1.17252,364,8,0,0,0,0,0.0
2026-01-05 19:45:00,1.17252,1.1728399999999999,1.17251,1.17267,376,8,0,0,0,0,0.0
2026-01-05 20:00:00,1.17264,1.17285,1.17258,1.17271,274,8,0,0,0,0,0.0
2026-01-05 20:15:00,1.17271,1.1727400000000001,1.1724,1.17246,240,8,0,0,0,0,0.0
2026-01-05 20:30:00,1.1724700000000001,1.17273,1.17246,1.17263,231,8,0,0,0,0,0.0
2026-01-05 20:45:00,1.17263,1.17263,1.17233,1.17243,318,8,0,0,0,0,0.0
2026-01-05 21:00:00,1.17243,1.17249,1.17226,1.17241,220,8,0,0,0,0,0.0
2026-01-05 21:15:00,1.17242,1.1726,1.17211,1.17224,207,8,0,0,0,0,0.0
2026-01-05 21:30:00,1.17226,1.17233,1.17202,1.17204,154,8,0,0,0,0,0.0
2026-01-05 21:45:00,1.17202,1.17215,1.1718899999999999,1.17198,166,8,0,1,0,1,21.0
2026-01-05 22:00:00,1.1721,1.17214,1.17188,1.17206,85,8,0,0,0,0,0.0
2026-01-05 22:15:00,1.17205,1.17209,1.1718899999999999,1.1718899999999999,57,20,0,1,0,1,21.0
2026-01-05 22:30:00,1.1718899999999999,1.17206,1.17184,1.17188,75,20,0,1,0,1,21.0
2026-01-05 22:45:00,1.1718899999999999,1.17199,1.17182,1.17187,66,20,0,1,0,1,21.0
2026-01-05 23:00:00,1.1719,1.17215,1.17175,1.1718899999999999,223,8,0,1,0,1,21.0
2026-01-05 23:15:00,1.1718899999999999,1.17193,1.17174,1.17176,149,8,0,1,0,1,21.0
2026-01-05 23:30:00,1.17176,1.17178,1.17159,1.17167,123,8,0,1,0,1,21.0
2026-01-05 23:45:00,1.17167,1.17167,1.1712500000000001,1.17142,167,8,0,1,0,1,21.0
2026-01-06 00:00:00,1.17143,1.17167,1.17136,1.17146,214,8,0,1,0,1,21.0
2026-01-06 00:15:00,1.17146,1.17165,1.17121,1.17124,243,8,0,0,0,0,0.0
2026-01-06 00:30:00,1.17124,1.17135,1.17104,1.17124,215,8,0,0,0,0,0.0
2026-01-06 00:45:00,1.17124,1.17168,1.17112,1.17163,362,8,0,1,0,1,21.0
2026-01-06 01:00:00,1.17164,1.17201,1.17121,1.17134,534,8,0,1,0,1,21.0
2026-01-06 01:15:00,1.17134,1.1716199999999999,1.17117,1.17148,352,8,0,1,0,1,21.0
2026-01-06 01:30:00,1.17148,1.17208,1.17143,1.172,360,8,0,1,0,1,21.0
2026-01-06 01:45:00,1.172,1.1724999999999999,1.17199,1.1724999999999999,418,8,0,0,0,0,0.0
2026-01-06 02:00:00,1.1724999999999999,1.17276,1.17224,1.17229,365,8,0,0,0,0,0.0
2026-01-06 02:15:00,1.17229,1.1724700000000001,1.17217,1.17233,268,8,0,0,0,0,0.0
2026-01-06 02:30:00,1.17233,1.17279,1.17232,1.17273,291,8,0,0,0,0,0.0
2026-01-06 02:45:00,1.1727400000000001,1.17375,1.17272,1.1736900000000001,474,8,0,0,0,0,0.0
2026-01-06 03:00:00,1.17367,1.17378,1.17321,1.17325,335,8,0,0,0,0,0.0
2026-01-06 03:15:00,1.17325,1.17366,1.17325,1.17344,315,8,0,0,0,0,0.0
2026-01-06 03:30:00,1.17344,1.17377,1.1733500000000001,1.17365,267,8,0,0,0,0,0.0
2026-01-06 03:45:00,1.17365,1.17372,1.17338,1.17342,232,8,0,0,0,0,0.0
2026-01-06 04:00:00,1.17344,1.1734499999999999,1.17323,1.17331,222,8,0,0,0,0,0.0
2026-01-06 04:15:00,1.17331,1.17346,1.17316,1.17323,190,8,0,0,0,0,0.0
2026-01-06 04:30:00,1.17323,1.17354,1.17317,1.17329,183,8,0,0,0,0,0.0
2026-01-06 04:45:00,1.17329,1.17338,1.1731,1.17334,219,8,0,0,0,0,0.0
2026-01-06 05:00:00,1.17332,1.17364,1.17326,1.17363,242,8,0,0,0,0,0.0
2026-01-06 05:15:00,1.17363,1.17366,1.17348,1.1736,206,8,0,0,0,0,0.0
2026-01-06 05:30:00,1.17362,1.17367,1.17325,1.17325,228,8,0,0,0,0,0.0
2026-01-06 05:45:00,1.17325,1.17333,1.17271,1.1728399999999999,384,8,0,0,0,0,0.0
2026-01-06 06:00:00,1.17285,1.17323,1.17285,1.17316,366,8,0,0,0,0,0.0
2026-01-06 06:15:00,1.17316,1.17349,1.17307,1.17346,343,8,0,0,0,0,0.0
2026-01-06 06:30:00,1.17347,1.17362,1.17336,1.17339,299,8,0,0,0,0,0.0
2026-01-06 06:45:00,1.17339,1.17368,1.17338,1.1736,275,8,0,0,0,0,0.0
2026-01-06 07:00:00,1.17359,1.17425,1.17359,1.17373,568,8,0,0,0,0,0.0
2026-01-06 07:15:00,1.17375,1.17378,1.17325,1.17343,430,8,0,0,0,0,0.0
2026-01-06 07:30:00,1.17342,1.17389,1.1733500000000001,1.1736,411,8,0,0,0,0,0.0
2026-01-06 07:45:00,1.17352,1.17365,1.17257,1.17289,614,8,0,0,0,0,0.0
2026-01-06 08:00:00,1.17287,1.17348,1.17268,1.17331,757,8,0,0,0,0,0.0
2026-01-06 08:15:00,1.17333,1.17386,1.17271,1.17277,856,8,0,0,0,0,0.0
2026-01-06 08:30:00,1.17277,1.173,1.17255,1.17268,613,8,0,0,0,0,0.0
2026-01-06 08:45:00,1.17268,1.17324,1.17259,1.17281,538,8,0,0,0,0,0.0
2026-01-06 09:00:00,1.1728,1.17287,1.1717,1.17179,878,8,0,1,0,1,21.0
2026-01-06 09:15:00,1.17178,1.1718600000000001,1.1709100000000001,1.17115,695,8,0,0,0,0,0.0
2026-01-06 09:30:00,1.17115,1.17142,1.17075,1.17133,586,8,0,0,0,0,0.0
2026-01-06 09:45:00,1.17134,1.17182,1.17126,1.17126,694,8,0,0,0,0,0.0
2026-01-06 10:00:00,1.17131,1.17155,1.17095,1.17106,566,8,0,0,0,0,0.0
2026-01-06 10:15:00,1.17108,1.17158,1.17078,1.17143,548,8,0,1,0,1,21.0
2026-01-06 10:30:00,1.17143,1.17168,1.17117,1.17119,463,8,0,0,0,0,0.0
2026-01-06 10:45:00,1.1712,1.17141,1.17104,1.1712500000000001,400,8,0,0,0,0,0.0
2026-01-06 11:00:00,1.17123,1.1712799999999999,1.17048,1.1707,479,8,0,0,0,0,0.0
2026-01-06 11:15:00,1.1707,1.17098,1.17046,1.17085,484,8,0,0,0,0,0.0
2026-01-06 11:30:00,1.17086,1.17107,1.17069,1.17084,381,8,0,0,0,0,0.0
2026-01-06 11:45:00,1.17084,1.17095,1.17047,1.17059,418,8,0,0,0,0,0.0
2026-01-06 12:00:00,1.17058,1.17117,1.17058,1.17116,393,8,0,0,0,0,0.0
2026-01-06 12:15:00,1.17115,1.1712,1.17058,1.1706,460,8,0,0,0,0,0.0
2026-01-06 12:30:00,1.17058,1.17073,1.16987,1.1702,572,8,0,0,1,1,12.0
2026-01-06 12:45:00,1.1702,1.17043,1.1696900000000001,1.17013,545,8,0,0,1,1,12.0
2026-01-06 13:00:00,1.17014,1.1709,1.1697,1.1707,862,8,0,0,0,0,0.0
2026-01-06 13:15:00,1.17071,1.17086,1.17033,1.17066,743,8,0,0,0,0,0.0
2026-01-06 13:30:00,1.17066,1.17131,1.17055,1.1710099999999999,649,8,0,0,0,0,0.0
2026-01-06 13:45:00,1.1710099999999999,1.17121,1.17045,1.17105,681,8,0,0,0,0,0.0
2026-01-06 14:00:00,1.17105,1.17172,1.17105,1.17135,608,8,0,1,0,1,21.0
2026-01-06 14:15:00,1.17135,1.17137,1.17021,1.17052,759,8,0,0,1,1,12.0
2026-01-06 14:30:00,1.17052,1.17093,1.16988,1.17078,786,8,0,0,0,0,0.0
2026-01-06 14:45:00,1.17084,1.17139,1.17061,1.17087,965,8,0,0,0,0,0.0
2026-01-06 15:00:00,1.17084,1.17087,1.16948,1.16959,1124,8,0,0,0,0,0.0
2026-01-06 15:15:00,1.16957,1.16975,1.16875,1.16893,1133,8,0,0,0,0,0.0
2026-01-06 15:30:00,1.16892,1.16913,1.16836,1.1691,1014,8,0,0,0,0,0.0
2026-01-06 15:45:00,1.1691,1.16959,1.1687,1.16949,987,8,0,0,0,0,0.0
2026-01-06 16:00:00,1.16949,1.16978,1.16855,1.16914,729,8,0,0,0,0,0.0
2026-01-06 16:15:00,1.16916,1.16928,1.16865,1.1687,668,8,0,1,0,1,14.0
2026-01-06 16:30:00,1.16869,1.1691,1.16858,1.16882,693,8,0,0,0,0,0.0
2026-01-06 16:45:00,1.16882,1.16913,1.16856,1.1688,538,8,0,0,0,0,0.0
2026-01-06 17:00:00,1.16877,1.1693,1.16867,1.16921,541,8,0,0,0,0,0.0
2026-01-06 17:15:00,1.16923,1.16957,1.16913,1.16936,462,8,0,0,0,0,0.0
2026-01-06 17:30:00,1.16936,1.16958,1.1692,1.16954,370,8,0,0,0,0,0.0
2026-01-06 17:45:00,1.16954,1.17004,1.16948,1.17002,412,8,0,0,1,1,12.0
2026-01-06 18:00:00,1.17002,1.17018,1.16951,1.16989,466,8,0,0,1,1,12.0
2026-01-06 18:15:00,1.16989,1.17009,1.16932,1.16946,453,8,0,0,0,0,0.0
2026-01-06 18:30:00,1.16946,1.16946,1.16906,1.16933,452,8,0,0,0,0,0.0
2026-01-06 18:45:00,1.16934,1.16939,1.16866,1.16877,580,8,0,0,0,0,0.0
2026-01-06 19:00:00,1.16877,1.16901,1.16838,1.16862,572,8,0,1,0,1,14.0
2026-01-06 19:15:00,1.16863,1.16879,1.16844,1.16848,371,8,0,1,0,1,14.0
2026-01-06 19:30:00,1.16848,1.1687,1.16835,1.16855,386,8,0,1,0,1,14.0
2026-01-06 19:45:00,1.1685699999999999,1.16906,1.16838,1.16893,480,8,0,0,0,0,0.0
2026-01-06 20:00:00,1.16892,1.1692,1.16891,1.16893,314,8,0,0,0,0,0.0
2026-01-06 20:15:00,1.16894,1.16912,1.16883,1.16894,248,8,0,0,0,0,0.0
2026-01-06 20:30:00,1.16893,1.16928,1.16885,1.16925,306,8,0,0,0,0,0.0
2026-01-06 20:45:00,1.16925,1.16928,1.16863,1.16867,325,8,0,1,0,1,14.0
2026-01-06 21:00:00,1.16867,1.1688,1.16851,1.16867,228,8,0,1,0,1,14.0
2026-01-06 21:15:00,1.16866,1.16885,1.16842,1.16848,202,8,0,1,0,1,14.0
2026-01-06 21:30:00,1.16849,1.1687400000000001,1.16846,1.16869,165,8,0,1,0,1,14.0
2026-01-06 21:45:00,1.16869,1.16882,1.16862,1.16875,231,8,0,1,0,1,14.0
2026-01-06 22:00:00,1.1687400000000001,1.1687400000000001,1.16839,1.1685699999999999,80,20,0,1,0,1,14.0
2026-01-06 22:15:00,1.16855,1.16861,1.16846,1.16858,94,48,0,1,0,1,14.0
2026-01-06 22:30:00,1.16855,1.16866,1.1685,1.1685,97,48,0,1,0,1,14.0
2026-01-06 22:45:00,1.1685,1.1688,1.1685,1.1688,184,8,0,0,0,0,0.0
2026-01-06 23:00:00,1.16881,1.16895,1.16871,1.1688,127,8,0,0,0,0,0.0
2026-01-06 23:15:00,1.1688,1.16901,1.16876,1.16894,95,8,0,0,0,0,0.0
2026-01-06 23:30:00,1.16894,1.16898,1.1688399999999999,1.16885,103,8,0,0,0,0,0.0
2026-01-06 23:45:00,1.16885,1.16885,1.16864,1.16869,143,8,0,1,0,1,14.0
2026-01-07 00:00:00,1.1687,1.16893,1.16849,1.16864,291,8,0,1,0,1,14.0
2026-01-07 00:15:00,1.16865,1.16883,1.16858,1.16864,255,8,0,1,0,1,14.0
2026-01-07 00:30:00,1.16864,1.16937,1.16856,1.16906,493,8,0,0,0,0,0.0
2026-01-07 00:45:00,1.16906,1.16917,1.16891,1.16915,336,8,0,0,0,0,0.0
2026-01-07 01:00:00,1.16913,1.16941,1.16904,1.16915,354,8,0,0,0,0,0.0
2026-01-07 01:15:00,1.16916,1.1692,1.16895,1.1690800000000001,254,8,0,0,0,0,0.0
2026-01-07 01:30:00,1.1691,1.1698,1.16905,1.16976,330,8,0,0,0,0,0.0
2026-01-07 01:45:00,1.16976,1.17001,1.16943,1.16955,417,8,0,0,0,0,0.0
2026-01-07 02:00:00,1.16955,1.17023,1.16949,1.16998,450,8,0,0,1,1,12.0
2026-01-07 02:15:00,1.17,1.17011,1.16959,1.1697,237,8,0,0,0,0,0.0
2026-01-07 02:30:00,1.1697,1.16985,1.16951,1.16974,207,8,0,0,0,0,0.0
2026-01-07 02:45:00,1.16975,1.16978,1.16949,1.1696,259,8,0,0,0,0,0.0
2026-01-07 03:00:00,1.1696,1.16994,1.16957,1.16977,257,8,0,0,0,0,0.0
2026-01-07 03:15:00,1.16977,1.16998,1.1696900000000001,1.16981,238,8,0,0,0,0,0.0
2026-01-07 03:30:00,1.16981,1.16995,1.16976,1.16978,186,8,0,0,0,0,0.0
2026-01-07 03:45:00,1.16978,1.16992,1.16973,1.16981,223,8,0,0,0,0,0.0
2026-01-07 04:00:00,1.16981,1.17018,1.16981,1.16994,318,8,0,0,1,1,12.0
2026-01-07 04:15:00,1.16994,1.16996,1.16943,1.1694499999999999,349,8,0,0,0,0,0.0
2026-01-07 04:30:00,1.1694499999999999,1.16967,1.16932,1.16963,250,8,0,0,0,0,0.0
2026-01-07 04:45:00,1.16963,1.16965,1.16905,1.16909,241,8,0,0,0,0,0.0
2026-01-07 05:00:00,1.16909,1.16937,1.16904,1.16919,307,8,0,0,0,0,0.0
2026-01-07 05:15:00,1.1691799999999999,1.16936,1.16916,1.16922,204,8,0,0,0,0,0.0
2026-01-07 05:30:00,1.16922,1.16931,1.16907,1.16911,248,8,0,0,0,0,0.0
2026-01-07 05:45:00,1.16911,1.1694,1.16906,1.16926,240,8,0,0,0,0,0.0
2026-01-07 06:00:00,1.16925,1.16936,1.16916,1.16925,193,8,0,0,0,0,0.0
2026-01-07 06:15:00,1.16925,1.16951,1.16922,1.16949,222,8,0,0,0,0,0.0
2026-01-07 06:30:00,1.1695,1.16957,1.16926,1.16936,294,8,0,0,0,0,0.0
2026-01-07 06:45:00,1.16936,1.16994,1.16933,1.16972,339,8,0,0,0,0,0.0
2026-01-07 07:00:00,1.1697,1.16986,1.16942,1.16942,480,8,0,0,0,0,0.0
2026-01-07 07:15:00,1.16942,1.16942,1.16902,1.16907,458,8,0,0,0,0,0.0
2026-01-07 07:30:00,1.16906,1.16907,1.16814,1.16868,647,8,0,1,0,1,14.0
2026-01-07 07:45:00,1.16864,1.16872,1.16782,1.1682299999999999,684,8,0,1,0,1,14.0
2026-01-07 08:00:00,1.16822,1.1684,1.1676,1.16765,739,8,0,0,0,0,0.0
2026-01-07 08:15:00,1.16765,1.168,1.1672500000000001,1.16749,645,8,0,0,0,0,0.0
2026-01-07 08:30:00,1.16751,1.16839,1.1675,1.16808,598,8,0,1,0,1,14.0
2026-01-07 08:45:00,1.16808,1.16869,1.16803,1.16854,505,8,0,1,0,1,14.0
2026-01-07 09:00:00,1.16853,1.16867,1.16816,1.16835,553,8,0,1,0,1,14.0
2026-01-07 09:15:00,1.16835,1.16841,1.1681,1.1684,373,8,0,1,0,1,14.0
2026-01-07 09:30:00,1.16842,1.16866,1.1681,1.16853,402,8,0,1,0,1,14.0
2026-01-07 09:45:00,1.16852,1.16865,1.16826,1.1684,481,8,0,1,0,1,14.0
2026-01-07 10:00:00,1.16839,1.1689,1.16829,1.16879,581,8,0,0,0,0,0.0
2026-01-07 10:15:00,1.16883,1.16924,1.16867,1.16913,467,8,0,0,0,0,0.0
2026-01-07 10:30:00,1.16915,1.16934,1.16902,1.1690800000000001,481,8,0,0,0,0,0.0
2026-01-07 10:45:00,1.1690800000000001,1.16928,1.16869,1.16882,417,8,0,0,0,0,0.0
2026-01-07 11:00:00,1.16882,1.16913,1.1684700000000001,1.16881,433,8,0,0,0,0,0.0
2026-01-07 11:15:00,1.1688,1.16921,1.16877,1.16893,373,8,0,0,0,0,0.0
2026-01-07 11:30:00,1.16893,1.16911,1.16846,1.16859,339,8,0,1,0,1,14.0
2026-01-07 11:45:00,1.16858,1.16895,1.16851,1.16889,392,8,0,0,0,0,0.0
2026-01-07 12:00:00,1.16889,1.16911,1.16808,1.1683,464,8,0,1,0,1,14.0
2026-01-07 12:15:00,1.1683,1.1686,1.16814,1.16848,511,8,0,1,0,1,14.0
2026-01-07 12:30:00,1.1685,1.1687400000000001,1.16827,1.16837,429,8,0,1,0,1,14.0
2026-01-07 12:45:00,1.16837,1.16878,1.16836,1.1687400000000001,401,8,0,1,0,1,14.0
2026-01-07 13:00:00,1.1687400000000001,1.1688,1.16821,1.1683,588,8,0,1,0,1,14.0
2026-01-07 13:15:00,1.16835,1.16883,1.1682299999999999,1.16868,724,8,0,1,0,1,14.0
2026-01-07 13:30:00,1.1687,1.1693,1.16832,1.16912,779,8,0,0,0,0,0.0
2026-01-07 13:45:00,1.16911,1.1694499999999999,1.16898,1.16912,607,8,0,0,0,0,0.0
2026-01-07 14:00:00,1.16911,1.16937,1.16887,1.1691,724,8,0,0,0,0,0.0
2026-01-07 14:15:00,1.1691,1.1691799999999999,1.16866,1.16891,601,8,0,0,0,0,0.0
2026-01-07 14:30:00,1.16891,1.1693500000000001,1.16885,1.16913,728,8,0,0,0,0,0.0
2026-01-07 14:45:00,1.16914,1.1697899999999999,1.16901,1.16967,869,8,0,0,0,0,0.0
2026-01-07 15:00:00,1.16966,1.16983,1.1684700000000001,1.16886,1856,8,0,0,0,0,0.0
2026-01-07 15:15:00,1.16887,1.16892,1.16795,1.16864,1124,8,0,1,0,1,14.0
2026-01-07 15:30:00,1.16864,1.16961,1.16864,1.16949,1068,8,0,0,0,0,0.0
2026-01-07 15:45:00,1.16948,1.16951,1.16828,1.16896,971,8,0,0,0,0,0.0
2026-01-07 16:00:00,1.16896,1.16927,1.1682,1.16826,784,8,0,1,0,1,14.0
2026-01-07 16:15:00,1.16826,1.16875,1.16818,1.16853,559,8,0,1,0,1,14.0
2026-01-07 16:30:00,1.16853,1.16904,1.16841,1.16888,579,8,0,0,0,0,0.0
2026-01-07 16:45:00,1.16888,1.16889,1.16839,1.16888,468,8,0,0,0,0,0.0
2026-01-07 17:00:00,1.16888,1.16944,1.16869,1.16877,526,8,0,0,0,0,0.0
2026-01-07 17:15:00,1.16876,1.16897,1.16859,1.16893,434,8,0,0,0,0,0.0
2026-01-07 17:30:00,1.16892,1.16909,1.1687,1.16898,386,8,0,0,0,0,0.0
2026-01-07 17:45:00,1.16899,1.16913,1.1686,1.16876,418,8,0,1,0,1,14.0
2026-01-07 18:00:00,1.16876,1.169,1.16853,1.16886,378,8,0,0,0,0,0.0
2026-01-07 18:15:00,1.16886,1.16889,1.16866,1.16869,315,8,0,1,0,1,14.0
2026-01-07 18:30:00,1.16869,1.16894,1.16868,1.16883,248,8,0,0,0,0,0.0
2026-01-07 18:45:00,1.16883,1.16883,1.16822,1.16829,414,8,0,1,0,1,14.0
2026-01-07 19:00:00,1.16827,1.16849,1.16795,1.16814,476,8,0,1,0,1,14.0
2026-01-07 19:15:00,1.16814,1.16815,1.16783,1.16795,347,8,0,0,0,0,0.0
2026-01-07 19:30:00,1.1679599999999999,1.16826,1.16789,1.16811,284,8,0,1,0,1,14.0
2026-01-07 19:45:00,1.1681,1.16834,1.16805,1.16822,350,8,0,1,0,1,14.0
2026-01-07 20:00:00,1.16824,1.16836,1.168,1.16811,284,8,0,1,0,1,14.0
2026-01-07 20:15:00,1.16811,1.1683,1.16792,1.16805,249,8,0,0,0,0,0.0
2026-01-07 20:30:00,1.16805,1.16824,1.16799,1.16809,246,8,0,1,0,1,14.0
2026-01-07 20:45:00,1.16809,1.16814,1.16785,1.16785,287,8,0,0,0,0,0.0
2026-01-07 21:00:00,1.16787,1.16791,1.16763,1.16776,159,8,0,0,0,0,0.0
2026-01-07 21:15:00,1.16776,1.16776,1.16748,1.16755,143,8,0,0,0,0,0.0
2026-01-07 21:30:00,1.16755,1.1676199999999999,1.16734,1.16761,201,8,0,0,0,0,0.0
2026-01-07 21:45:00,1.16761,1.16766,1.16727,1.16742,108,8,0,0,0,0,0.0
2026-01-07 22:00:00,1.16727,1.16754,1.16727,1.16737,83,20,0,0,0,0,0.0
2026-01-07 22:15:00,1.16738,1.16754,1.16736,1.16749,125,20,0,0,0,0,0.0
2026-01-07 22:30:00,1.16748,1.16756,1.16744,1.16751,103,48,0,0,0,0,0.0
2026-01-07 22:45:00,1.1675200000000001,1.16768,1.16748,1.16765,68,20,0,0,0,0,0.0
2026-01-07 23:00:00,1.16771,1.16774,1.16754,1.1676199999999999,130,8,0,0,0,0,0.0
2026-01-07 23:15:00,1.1676199999999999,1.16771,1.16761,1.1676199999999999,75,8,0,0,0,0,0.0
2026-01-07 23:30:00,1.1676199999999999,1.1676199999999999,1.16747,1.16757,99,8,0,0,0,0,0.0
2026-01-07 23:45:00,1.16758,1.16766,1.16755,1.16766,51,8,0,0,0,0,0.0
2026-01-08 00:00:00,1.16766,1.16776,1.16761,1.16768,153,8,0,0,0,0,0.0
2026-01-08 00:15:00,1.16768,1.16776,1.16755,1.16766,156,8,0,0,0,0,0.0
2026-01-08 00:30:00,1.16766,1.16777,1.16761,1.16761,198,8,0,0,0,0,0.0
2026-01-08 00:45:00,1.16761,1.16775,1.16755,1.16755,213,8,0,0,0,0,0.0
2026-01-08 01:00:00,1.16753,1.16777,1.16746,1.16766,241,8,0,0,0,0,0.0
2026-01-08 01:15:00,1.16766,1.16779,1.16754,1.16756,235,8,0,0,0,0,0.0
2026-01-08 01:30:00,1.16756,1.1676,1.16724,1.16731,294,8,0,0,0,0,0.0
2026-01-08 01:45:00,1.16731,1.1675200000000001,1.16728,1.16744,243,8,0,0,0,0,0.0
2026-01-08 02:00:00,1.16745,1.16756,1.16731,1.16745,310,8,0,0,0,0,0.0
2026-01-08 02:15:00,1.16746,1.16753,1.16723,1.1674,260,8,0,0,0,0,0.0
2026-01-08 02:30:00,1.16741,1.16799,1.16739,1.16792,326,8,0,0,0,0,0.0
2026-01-08 02:45:00,1.16792,1.16804,1.16778,1.16798,264,8,0,0,0,0,0.0
2026-01-08 03:00:00,1.1679599999999999,1.16816,1.1679599999999999,1.16799,261,8,0,0,0,0,0.0
2026-01-08 03:15:00,1.16799,1.16816,1.1679599999999999,1.16814,255,8,0,1,0,1,14.0
2026-01-08 03:30:00,1.16814,1.16824,1.16797,1.16801,186,8,0,0,0,0,0.0
2026-01-08 03:45:00,1.16801,1.16803,1.16784,1.1679599999999999,170,8,0,0,0,0,0.0
2026-01-08 04:00:00,1.1679599999999999,1.16797,1.16775,1.16797,215,8,0,0,0,0,0.0
2026-01-08 04:15:00,1.16797,1.16809,1.16785,1.16785,124,8,0,0,0,0,0.0
2026-01-08 04:30:00,1.16785,1.1679599999999999,1.16777,1.1679599999999999,139,8,0,0,0,0,0.0
2026-01-08 04:45:00,1.1679599999999999,1.16808,1.16784,1.16801,213,8,0,0,0,0,0.0
2026-01-08 05:00:00,1.16801,1.16806,1.16784,1.16788,236,8,0,0,0,0,0.0
2026-01-08 05:15:00,1.16788,1.16793,1.1677,1.16779,292,8,0,0,0,0,0.0
2026-01-08 05:30:00,1.16781,1.16824,1.16776,1.1681,279,8,0,1,0,1,14.0
2026-01-08 05:45:00,1.1681,1.16825,1.16799,1.1682,264,8,0,1,0,1,14.0
2026-01-08 06:00:00,1.16819,1.16827,1.1679,1.16811,337,8,0,1,0,1,14.0
2026-01-08 06:15:00,1.16811,1.1681300000000001,1.16746,1.16756,364,8,0,0,0,0,0.0
2026-01-08 06:30:00,1.16756,1.1681,1.16754,1.1679599999999999,411,8,0,0,0,0,0.0
2026-01-08 06:45:00,1.1679599999999999,1.16824,1.1678,1.1681,351,8,0,1,0,1,14.0
2026-01-08 07:00:00,1.16808,1.1682299999999999,1.16772,1.1678,555,8,0,0,0,0,0.0
2026-01-08 07:15:00,1.1678,1.16809,1.1677,1.1679,426,8,0,0,0,0,0.0
2026-01-08 07:30:00,1.16792,1.16827,1.16781,1.16815,413,8,0,1,0,1,14.0
2026-01-08 07:45:00,1.16814,1.16817,1.16765,1.16774,458,8,0,0,0,0,0.0
2026-01-08 08:00:00,1.16777,1.16785,1.16741,1.16763,566,8,0,0,0,0,0.0
2026-01-08 08:15:00,1.16763,1.16767,1.16715,1.16746,463,8,0,0,0,0,0.0
2026-01-08 08:30:00,1.16744,1.16758,1.1669,1.16713,543,8,0,0,0,0,0.0
2026-01-08 08:45:00,1.16714,1.16726,1.16684,1.16712,515,8,0,0,0,0,0.0
2026-01-08 09:00:00,1.1671,1.16741,1.1669100000000001,1.1670099999999999,458,8,0,0,0,0,0.0
2026-01-08 09:15:00,1.167,1.1675,1.167,1.1672500000000001,443,8,0,0,0,0,0.0
2026-01-08 09:30:00,1.16726,1.16743,1.16695,1.16709,432,8,0,0,0,0,0.0
2026-01-08 09:45:00,1.16708,1.16767,1.16693,1.16764,452,8,0,0,0,0,0.0
2026-01-08 10:00:00,1.16766,1.16815,1.1676199999999999,1.16794,480,8,0,0,0,0,0.0
2026-01-08 10:15:00,1.16794,1.16804,1.1675200000000001,1.16771,453,8,0,0,0,0,0.0
2026-01-08 10:30:00,1.16771,1.16795,1.16767,1.1678,319,8,0,0,0,0,0.0
2026-01-08 10:45:00,1.1678,1.168,1.16756,1.16794,354,8,0,0,0,0,0.0
2026-01-08 11:00:00,1.16794,1.168,1.1676199999999999,1.1676199999999999,306,8,0,0,0,0,0.0
2026-01-08 11:15:00,1.16763,1.16778,1.16756,1.16756,297,8,0,0,0,0,0.0
2026-01-08 11:30:00,1.16756,1.16779,1.16749,1.16776,261,8,0,0,0,0,0.0
2026-01-08 11:45:00,1.16775,1.1679,1.16755,1.16773,314,8,0,0,0,0,0.0
2026-01-08 12:00:00,1.16773,1.16775,1.16716,1.16721,373,8,0,0,0,0,0.0
2026-01-08 12:15:00,1.16721,1.16738,1.16705,1.16723,370,8,0,0,0,0,0.0
2026-01-08 12:30:00,1.16722,1.16733,1.16702,1.16723,311,8,0,0,0,0,0.0
2026-01-08 12:45:00,1.16723,1.1674,1.16694,1.16731,402,8,0,0,0,0,0.0
2026-01-08 13:00:00,1.16729,1.16763,1.1672500000000001,1.1673499999999999,528,8,0,0,0,0,0.0
2026-01-08 13:15:00,1.1673499999999999,1.16775,1.16711,1.16738,508,8,0,0,0,0,0.0
2026-01-08 13:30:00,1.16745,1.16748,1.16665,1.16669,714,8,0,0,0,0,0.0
2026-01-08 13:45:00,1.16669,1.16669,1.1657899999999999,1.16625,870,8,0,0,0,0,0.0
2026-01-08 14:00:00,1.16626,1.16662,1.16597,1.16599,768,8,0,0,1,1,9.0
2026-01-08 14:15:00,1.16599,1.16608,1.16558,1.16587,636,8,0,0,1,1,9.0
2026-01-08 14:30:00,1.16589,1.16624,1.16572,1.16617,752,8,0,0,0,0,0.0
2026-01-08 14:45:00,1.16617,1.16643,1.16576,1.16642,627,8,0,0,0,0,0.0
2026-01-08 15:00:00,1.16643,1.16676,1.1660300000000001,1.16658,626,8,0,0,0,0,0.0
2026-01-08 15:15:00,1.16658,1.16734,1.16651,1.16699,646,8,0,0,0,0,0.0
2026-01-08 15:30:00,1.16697,1.16714,1.16632,1.16676,605,8,0,0,0,0,0.0
2026-01-08 15:45:00,1.16677,1.16699,1.16637,1.16662,874,8,0,0,0,0,0.0
2026-01-08 16:00:00,1.16663,1.1667399999999999,1.16576,1.16578,621,8,0,0,1,1,9.0
2026-01-08 16:15:00,1.1657899999999999,1.16592,1.1652,1.16567,602,8,0,0,1,1,9.0
2026-01-08 16:30:00,1.16568,1.1656900000000001,1.16522,1.16564,519,8,0,0,1,1,9.0
2026-01-08 16:45:00,1.16564,1.1657899999999999,1.16539,1.16543,561,8,0,0,1,1,9.0
2026-01-08 17:00:00,1.16543,1.16554,1.16497,1.16515,572,8,0,0,0,0,0.0
2026-01-08 17:15:00,1.16514,1.16526,1.16469,1.16469,502,8,0,0,0,0,0.0
2026-01-08 17:30:00,1.16469,1.16477,1.16433,1.16462,450,8,0,0,0,0,0.0
2026-01-08 17:45:00,1.16462,1.16509,1.16452,1.16504,358,8,0,0,0,0,0.0
2026-01-08 18:00:00,1.16502,1.16528,1.16471,1.16495,413,8,0,0,0,0,0.0
2026-01-08 18:15:00,1.16495,1.1651,1.16474,1.16491,360,8,0,0,0,0,0.0
2026-01-08 18:30:00,1.16492,1.16515,1.1648,1.165,302,8,0,0,0,0,0.0
2026-01-08 18:45:00,1.165,1.16502,1.16444,1.1645,293,8,0,1,0,1,14.0
2026-01-08 19:00:00,1.16448,1.16468,1.1642299999999999,1.1646,387,8,0,0,0,0,0.0
2026-01-08 19:15:00,1.1646,1.16468,1.16448,1.16455,282,8,0,1,0,1,14.0
2026-01-08 19:30:00,1.1645699999999999,1.16485,1.16449,1.16464,290,8,0,0,0,0,0.0
2026-01-08 19:45:00,1.16463,1.16503,1.16461,1.16497,308,8,0,0,0,0,0.0
2026-01-08 20:00:00,1.16497,1.16525,1.16494,1.16502,272,8,0,0,0,0,0.0
2026-01-08 20:15:00,1.16502,1.1653,1.16496,1.16527,265,8,0,0,0,0,0.0
2026-01-08 20:30:00,1.16527,1.1654200000000001,1.16514,1.1652,265,8,0,0,0,0,0.0
2026-01-08 20:45:00,1.1652,1.1654,1.16502,1.16511,285,8,0,0,0,0,0.0
2026-01-08 21:00:00,1.1650800000000001,1.1652,1.16502,1.16519,192,8,0,0,0,0,0.0
2026-01-08 21:15:00,1.1652,1.16539,1.16511,1.16536,163,8,0,0,0,0,0.0
2026-01-08 21:30:00,1.16536,1.16602,1.16533,1.16592,323,8,0,0,1,1,9.0
2026-01-08 21:45:00,1.16594,1.16621,1.16556,1.16574,373,8,0,0,1,1,9.0
2026-01-08 22:00:00,1.16562,1.1657899999999999,1.16553,1.16563,67,20,0,0,1,1,9.0
2026-01-08 22:15:00,1.16563,1.1657899999999999,1.16555,1.16558,191,20,0,0,1,1,9.0
2026-01-08 22:30:00,1.16559,1.16582,1.16555,1.1658,135,20,0,0,1,1,9.0
2026-01-08 22:45:00,1.1658,1.16584,1.16562,1.16584,86,8,0,0,1,1,9.0
2026-01-08 23:00:00,1.16584,1.16617,1.16581,1.16592,192,8,0,0,1,1,9.0
2026-01-08 23:15:00,1.16592,1.16594,1.16576,1.16577,101,8,0,0,1,1,9.0
2026-01-08 23:30:00,1.1657899999999999,1.16585,1.16566,1.16566,131,8,0,0,1,1,9.0
2026-01-08 23:45:00,1.16566,1.16575,1.1656,1.16575,104,8,0,0,1,1,9.0
2026-01-09 00:00:00,1.16577,1.16577,1.16545,1.16546,179,8,0,0,1,1,9.0
2026-01-09 00:15:00,1.16546,1.16573,1.16539,1.16556,187,8,0,0,1,1,9.0
2026-01-09 00:30:00,1.16556,1.16559,1.16536,1.16548,182,8,0,0,1,1,9.0
2026-01-09 00:45:00,1.16547,1.16559,1.16532,1.16532,269,8,0,0,0,0,0.0
2026-01-09 01:00:00,1.16531,1.16544,1.16513,1.16532,307,8,0,0,0,0,0.0
2026-01-09 01:15:00,1.16531,1.1656900000000001,1.16505,1.16517,348,8,0,0,0,0,0.0
2026-01-09 01:30:00,1.16517,1.16526,1.1648399999999999,1.16486,310,8,0,0,0,0,0.0
2026-01-09 01:45:00,1.16486,1.1651799999999999,1.16477,1.16488,406,8,0,0,0,0,0.0
2026-01-09 02:00:00,1.1649,1.16506,1.1645699999999999,1.16459,330,8,0,0,0,0,0.0
2026-01-09 02:15:00,1.16459,1.16502,1.16459,1.16496,235,8,0,0,0,0,0.0
2026-01-09 02:30:00,1.16496,1.16524,1.16492,1.16517,294,8,0,0,0,0,0.0
2026-01-09 02:45:00,1.16517,1.16543,1.16514,1.16538,275,8,0,0,0,0,0.0
2026-01-09 03:00:00,1.1654,1.16584,1.16531,1.16572,250,8,0,0,1,1,9.0
2026-01-09 03:15:00,1.16572,1.16587,1.16554,1.16563,253,8,0,0,1,1,9.0
2026-01-09 03:30:00,1.16563,1.16578,1.16547,1.16568,264,8,0,0,1,1,9.0
2026-01-09 03:45:00,1.16568,1.16568,1.16547,1.16559,191,8,0,0,1,1,9.0
2026-01-09 04:00:00,1.1656,1.16565,1.1653,1.16531,251,8,0,0,0,0,0.0
2026-01-09 04:15:00,1.16531,1.16546,1.16516,1.16545,184,8,0,0,1,1,9.0
2026-01-09 04:30:00,1.16545,1.16557,1.16538,1.1654200000000001,157,8,0,0,1,1,9.0
2026-01-09 04:45:00,1.1654200000000001,1.16549,1.1653,1.1654,207,8,0,0,0,0,0.0
2026-01-09 05:00:00,1.16538,1.1656,1.16528,1.16537,269,8,0,0,0,0,0.0
2026-01-09 05:15:00,1.16537,1.16554,1.16522,1.16526,200,8,0,0,0,0,0.0
2026-01-09 05:30:00,1.16526,1.16536,1.16498,1.16506,242,8,0,0,0,0,0.0
2026-01-09 05:45:00,1.16506,1.1651799999999999,1.16497,1.16509,230,8,0,0,0,0,0.0
2026-01-09 06:00:00,1.16509,1.16524,1.1648100000000001,1.16491,345,8,0,0,0,0,0.0
2026-01-09 06:15:00,1.16491,1.16513,1.16482,1.16505,251,8,0,0,0,0,0.0
2026-01-09 06:30:00,1.16505,1.16523,1.16505,1.16512,224,8,0,0,0,0,0.0
2026-01-09 06:45:00,1.16513,1.16524,1.1648100000000001,1.16486,285,8,0,0,0,0,0.0
2026-01-09 07:00:00,1.1648399999999999,1.16494,1.16446,1.16448,375,8,0,1,0,1,14.0
2026-01-09 07:15:00,1.1644700000000001,1.16469,1.16426,1.1644700000000001,451,8,0,1,0,1,14.0
2026-01-09 07:30:00,1.1644700000000001,1.16454,1.1639599999999999,1.1642000000000001,441,8,0,1,0,1,14.0
2026-01-09 07:45:00,1.16421,1.16504,1.16407,1.16502,514,8,0,0,0,0,0.0
2026-01-09 08:00:00,1.16505,1.16526,1.1643,1.16435,646,8,0,1,0,1,14.0
2026-01-09 08:15:00,1.16435,1.16474,1.16424,1.16453,564,8,0,1,0,1,14.0
2026-01-09 08:30:00,1.16455,1.1645699999999999,1.16408,1.16424,531,8,0,1,0,1,14.0
2026-01-09 08:45:00,1.16424,1.16493,1.16418,1.16483,570,8,0,0,0,0,0.0
2026-01-09 09:00:00,1.1648399999999999,1.16499,1.1646,1.16478,475,8,0,0,0,0,0.0
2026-01-09 09:15:00,1.16476,1.16486,1.16422,1.1642299999999999,378,8,0,1,0,1,14.0
2026-01-09 09:30:00,1.16424,1.16452,1.1642299999999999,1.1643,370,8,0,1,0,1,14.0
2026-01-09 09:45:00,1.1643,1.16445,1.16418,1.16421,348,8,0,1,0,1,14.0
2026-01-09 10:00:00,1.16421,1.16446,1.164,1.16434,308,8,0,1,0,1,14.0
2026-01-09 10:15:00,1.16434,1.1644,1.16365,1.16422,438,8,0,1,0,1,14.0
2026-01-09 10:30:00,1.16422,1.16444,1.16403,1.16425,382,8,0,1,0,1,14.0
2026-01-09 10:45:00,1.16425,1.16464,1.1642299999999999,1.16463,349,8,0,0,0,0,0.0
2026-01-09 11:00:00,1.16463,1.16465,1.16413,1.16439,407,8,0,1,0,1,14.0
2026-01-09 11:15:00,1.16439,1.16456,1.16429,1.16445,322,8,0,1,0,1,14.0
2026-01-09 11:30:00,1.16445,1.1645699999999999,1.16419,1.16453,321,8,0,1,0,1,14.0
2026-01-09 11:45:00,1.16453,1.16462,1.16438,1.1645699999999999,299,8,0,0,0,0,0.0
2026-01-09 12:00:00,1.16458,1.16458,1.16422,1.16435,462,8,0,1,0,1,14.0
2026-01-09 12:15:00,1.16435,1.16445,1.1639599999999999,1.16431,404,8,0,1,0,1,14.0
2026-01-09 12:30:00,1.16432,1.16437,1.16393,1.16411,424,8,0,1,0,1,14.0
2026-01-09 12:45:00,1.1641,1.16442,1.1639599999999999,1.16412,481,8,0,1,0,1,14.0
2026-01-09 13:00:00,1.16413,1.16435,1.16405,1.16432,540,8,0,1,0,1,14.0
2026-01-09 13:15:00,1.16434,1.16456,1.16406,1.16433,612,8,0,1,0,1,14.0
2026-01-09 13:30:00,1.16434,1.1660300000000001,1.16253,1.16564,3463,8,0,0,1,1,9.0
2026-01-09 13:45:00,1.16562,1.16578,1.16415,1.16449,1862,8,0,1,0,1,14.0
2026-01-09 14:00:00,1.16449,1.16522,1.16398,1.16424,1697,8,0,1,0,1,14.0
2026-01-09 14:15:00,1.16424,1.16461,1.16343,1.16377,1608,8,0,0,0,0,0.0
2026-01-09 14:30:00,1.16379,1.16441,1.16326,1.16337,1254,8,0,0,0,0,0.0
2026-01-09 14:45:00,1.16337,1.16374,1.16296,1.16364,1187,8,0,0,0,0,0.0
2026-01-09 15:00:00,1.1636199999999999,1.1639,1.16212,1.16256,1499,8,0,0,0,0,0.0
2026-01-09 15:15:00,1.16258,1.1628,1.16178,1.16261,1157,8,0,0,0,0,0.0
2026-01-09 15:30:00,1.16259,1.16379,1.16249,1.1634,1000,8,0,0,0,0,0.0
2026-01-09 15:45:00,1.16342,1.16404,1.16322,1.16402,1021,8,0,1,0,1,14.0
2026-01-09 16:00:00,1.16403,1.1643,1.1636,1.1638,787,8,0,0,0,0,0.0
2026-01-09 16:15:00,1.1638,1.16403,1.16297,1.1629800000000001,642,8,0,0,0,0,0.0
2026-01-09 16:30:00,1.16296,1.16354,1.16279,1.16342,679,8,0,0,0,0,0.0
2026-01-09 16:45:00,1.16342,1.16349,1.16319,1.1633,515,8,0,0,0,0,0.0
2026-01-09 17:00:00,1.16328,1.16344,1.16283,1.1631,565,8,0,0,0,0,0.0
2026-01-09 17:15:00,1.16309,1.16309,1.16272,1.16303,530,8,0,0,0,0,0.0
2026-01-09 17:30:00,1.16305,1.1632,1.16283,1.16305,399,8,0,0,0,0,0.0
2026-01-09 17:45:00,1.16305,1.16327,1.1629800000000001,1.16311,359,8,0,0,0,0,0.0
2026-01-09 18:00:00,1.16313,1.16341,1.16308,1.16315,415,8,0,0,0,0,0.0
2026-01-09 18:15:00,1.16315,1.16338,1.16307,1.1633,306,8,0,0,0,0,0.0
2026-01-09 18:30:00,1.16329,1.16395,1.16327,1.16376,392,8,0,0,0,0,0.0
2026-01-09 18:45:00,1.16377,1.16382,1.16331,1.16336,363,8,0,0,0,0,0.0
2026-01-09 19:00:00,1.16336,1.1637,1.16326,1.16354,352,8,0,0,0,0,0.0
2026-01-09 19:15:00,1.16355,1.16384,1.16354,1.16373,259,8,0,0,0,0,0.0
2026-01-09 19:30:00,1.1637,1.16373,1.16339,1.16352,294,8,0,0,0,0,0.0
2026-01-09 19:45:00,1.16351,1.16355,1.16336,1.16344,263,8,0,0,0,0,0.0
2026-01-09 20:00:00,1.16344,1.16354,1.16338,1.16353,248,8,0,0,0,0,0.0
2026-01-09 20:15:00,1.16354,1.16375,1.16344,1.16363,194,8,0,0,0,0,0.0
2026-01-09 20:30:00,1.16363,1.16367,1.16341,1.16349,233,8,0,0,0,0,0.0
2026-01-09 20:45:00,1.16349,1.1635900000000001,1.16336,1.16341,223,8,0,0,0,0,0.0
2026-01-09 21:00:00,1.16341,1.16365,1.1633499999999999,1.16348,190,8,0,0,0,0,0.0
2026-01-09 21:15:00,1.16349,1.16357,1.16332,1.16339,167,8,0,0,0,0,0.0
2026-01-09 21:30:00,1.16338,1.16338,1.16302,1.16304,145,8,0,0,0,0,0.0
2026-01-09 21:45:00,1.16304,1.1633,1.16291,1.16328,235,8,0,0,0,0,0.0
2026-01-11 22:00:00,1.16318,1.16331,1.16311,1.16328,65,48,0,0,0,0,0.0
2026-01-11 22:15:00,1.16327,1.16333,1.16319,1.16332,97,48,0,0,0,0,0.0
2026-01-11 22:30:00,1.16332,1.16332,1.16302,1.1632,105,48,0,0,0,0,0.0
2026-01-11 22:45:00,1.16319,1.16331,1.16311,1.1632,107,48,0,0,0,0,0.0
2026-01-11 23:00:00,1.16342,1.16346,1.163,1.16309,206,8,0,0,0,0,0.0
2026-01-11 23:15:00,1.16309,1.1632500000000001,1.16251,1.16255,204,8,0,0,0,0,0.0
2026-01-11 23:30:00,1.16255,1.1626,1.16233,1.1625,180,8,0,0,0,0,0.0
2026-01-11 23:45:00,1.1625,1.1625,1.16228,1.16236,115,8,0,0,0,0,0.0
2026-01-12 00:00:00,1.16234,1.16444,1.1621299999999999,1.16433,893,8,0,1,0,1,14.0
2026-01-12 00:15:00,1.16435,1.16455,1.16378,1.16426,599,8,0,1,0,1,14.0
2026-01-12 00:30:00,1.16424,1.16589,1.16417,1.16583,1209,8,0,0,1,1,9.0
2026-01-12 00:45:00,1.16585,1.16646,1.16557,1.16642,826,8,0,0,0,0,0.0
2026-01-12 01:00:00,1.16642,1.16681,1.16596,1.16654,871,8,0,0,0,0,0.0
2026-01-12 01:15:00,1.16654,1.16709,1.16638,1.16654,799,8,0,0,0,0,0.0
2026-01-12 01:30:00,1.16654,1.16656,1.16581,1.16582,591,8,0,0,1,1,9.0
2026-01-12 01:45:00,1.16581,1.16586,1.16553,1.16557,373,8,0,0,1,1,9.0
2026-01-12 02:00:00,1.16557,1.1662,1.16552,1.16593,426,8,0,0,1,1,9.0
2026-01-12 02:15:00,1.16593,1.16601,1.16562,1.16564,318,8,0,0,1,1,9.0
2026-01-12 02:30:00,1.16562,1.16641,1.16545,1.16608,521,8,0,0,1,1,9.0
2026-01-12 02:45:00,1.1661,1.16617,1.16536,1.16545,385,8,0,0,1,1,9.0
2026-01-12 03:00:00,1.16545,1.16591,1.16545,1.1657899999999999,349,8,0,0,1,1,9.0
2026-01-12 03:15:00,1.1658,1.16587,1.16564,1.16574,242,8,0,0,1,1,9.0
2026-01-12 03:30:00,1.16575,1.16587,1.16548,1.16557,250,8,0,0,1,1,9.0
2026-01-12 03:45:00,1.16557,1.16574,1.16548,1.1655,262,8,0,0,1,1,9.0
2026-01-12 04:00:00,1.16548,1.16561,1.16535,1.16561,204,8,0,0,1,1,9.0
2026-01-12 04:15:00,1.16561,1.16581,1.16548,1.16557,184,8,0,0,1,1,9.0
2026-01-12 04:30:00,1.16555,1.16557,1.16526,1.16536,188,8,0,0,0,0,0.0
2026-01-12 04:45:00,1.16536,1.16555,1.16536,1.16555,179,8,0,0,1,1,9.0
2026-01-12 05:00:00,1.16555,1.16605,1.16554,1.16599,296,8,0,0,1,1,9.0
2026-01-12 05:15:00,1.166,1.16656,1.16593,1.16653,277,8,0,0,0,0,0.0
2026-01-12 05:30:00,1.16653,1.1669100000000001,1.1665,1.16685,372,8,0,0,0,0,0.0
2026-01-12 05:45:00,1.16684,1.16708,1.16676,1.16687,459,8,0,0,0,0,0.0
2026-01-12 06:00:00,1.16685,1.16687,1.1663999999999999,1.16644,391,8,0,0,0,0,0.0
2026-01-12 06:15:00,1.16643,1.1669,1.16639,1.16675,381,8,0,0,0,0,0.0
2026-01-12 06:30:00,1.16675,1.16703,1.16654,1.16667,426,8,0,0,0,0,0.0
2026-01-12 06:45:00,1.16667,1.1672500000000001,1.16653,1.16695,404,8,0,0,0,0,0.0
2026-01-12 07:00:00,1.16695,1.16776,1.1668,1.1675200000000001,689,8,0,0,0,0,0.0
2026-01-12 07:15:00,1.16754,1.16841,1.16754,1.16809,913,8,0,1,0,1,14.0
2026-01-12 07:30:00,1.1681300000000001,1.1681300000000001,1.16758,1.1677,624,8,0,0,0,0,0.0
2026-01-12 07:45:00,1.1677,1.16873,1.16755,1.16844,726,8,0,1,0,1,14.0
2026-01-12 08:00:00,1.16842,1.16889,1.16779,1.16785,883,8,0,0,0,0,0.0
2026-01-12 08:15:00,1.16785,1.16816,1.16756,1.16778,614,8,0,0,0,0,0.0
2026-01-12 08:30:00,1.16779,1.1685,1.16779,1.16828,672,8,0,1,0,1,14.0
2026-01-12 08:45:00,1.16828,1.16914,1.1681300000000001,1.16876,770,8,0,1,0,1,14.0
2026-01-12 09:00:00,1.1687400000000001,1.16933,1.16844,1.16892,714,8,0,0,0,0,0.0
2026-01-12 09:15:00,1.16891,1.16954,1.16888,1.16949,628,8,0,0,0,0,0.0
2026-01-12 09:30:00,1.1695,1.1695,1.16868,1.16873,460,8,0,1,0,1,14.0
2026-01-12 09:45:00,1.16873,1.1687400000000001,1.16809,1.16816,523,8,0,1,0,1,14.0
2026-01-12 10:00:00,1.16814,1.16846,1.1681,1.16839,426,8,0,1,0,1,14.0
2026-01-12 10:15:00,1.16839,1.16846,1.16756,1.16798,536,8,0,0,0,0,0.0
2026-01-12 10:30:00,1.168,1.16825,1.16772,1.16807,487,8,0,1,0,1,14.0
2026-01-12 10:45:00,1.16808,1.16852,1.16805,1.16852,440,8,0,1,0,1,14.0
2026-01-12 11:00:00,1.16852,1.16881,1.1683,1.16865,428,8,0,1,0,1,14.0
2026-01-12 11:15:00,1.16866,1.16892,1.1684700000000001,1.16863,447,8,0,1,0,1,14.0
2026-01-12 11:30:00,1.16863,1.1687400000000001,1.16794,1.16815,475,8,0,1,0,1,14.0
2026-01-12 11:45:00,1.16815,1.16816,1.16753,1.16782,494,8,0,0,0,0,0.0
2026-01-12 12:00:00,1.1678,1.16844,1.16765,1.16837,599,8,0,1,0,1,14.0
2026-01-12 12:15:00,1.16836,1.16843,1.16805,1.16816,462,8,0,1,0,1,14.0
2026-01-12 12:30:00,1.16818,1.16871,1.16816,1.16864,427,8,0,1,0,1,14.0
2026-01-12 12:45:00,1.16865,1.16871,1.16781,1.16809,646,8,0,1,0,1,14.0
2026-01-12 13:00:00,1.16811,1.1693500000000001,1.16774,1.1691799999999999,875,8,0,0,0,0,0.0
2026-01-12 13:15:00,1.1691799999999999,1.16953,1.1688,1.1689,706,8,0,0,0,0,0.0
2026-01-12 13:30:00,1.16889,1.1693,1.1687400000000001,1.16919,637,8,0,0,0,0,0.0
2026-01-12 13:45:00,1.16917,1.16982,1.16906,1.16924,861,8,0,0,0,0,0.0
2026-01-12 14:00:00,1.16925,1.16925,1.16815,1.1683,900,8,0,1,0,1,14.0
2026-01-12 14:15:00,1.16828,1.16839,1.1675,1.16753,788,8,0,0,0,0,0.0
2026-01-12 14:30:00,1.16755,1.1679,1.16737,1.1676199999999999,918,8,0,0,0,0,0.0
2026-01-12 14:45:00,1.16764,1.16789,1.16745,1.16766,816,8,0,0,0,0,0.0
2026-01-12 15:00:00,1.16769,1.16789,1.1672500000000001,1.1677,696,8,0,0,0,0,0.0
2026-01-12 15:15:00,1.1677,1.16795,1.16753,1.1676,617,8,0,0,0,0,0.0
2026-01-12 15:30:00,1.16759,1.16843,1.16758,1.1681300000000001,638,8,0,1,0,1,14.0
2026-01-12 15:45:00,1.16814,1.16855,1.16799,1.16807,712,8,0,1,0,1,14.0
2026-01-12 16:00:00,1.16807,1.16818,1.1672500000000001,1.1675200000000001,612,8,0,0,0,0,0.0
2026-01-12 16:15:00,1.16751,1.1679,1.16751,1.16771,504,8,0,0,0,0,0.0
2026-01-12 16:30:00,1.16774,1.16792,1.16753,1.1678,530,8,0,0,0,0,0.0
2026-01-12 16:45:00,1.16781,1.16787,1.1671,1.16715,470,8,0,0,0,0,0.0
2026-01-12 17:00:00,1.16713,1.16754,1.16703,1.16727,535,8,0,0,0,0,0.0
2026-01-12 17:15:00,1.16726,1.16727,1.16663,1.16687,570,8,0,0,0,0,0.0
2026-01-12 17:30:00,1.16689,1.16711,1.16663,1.16699,520,8,0,0,0,0,0.0
2026-01-12 17:45:00,1.167,1.1671,1.16658,1.16683,400,8,0,0,0,0,0.0
2026-01-12 18:00:00,1.16683,1.1669,1.16648,1.16678,413,8,0,0,0,0,0.0
2026-01-12 18:15:00,1.16678,1.16713,1.16675,1.16695,315,8,0,0,0,0,0.0
2026-01-12 18:30:00,1.16697,1.16712,1.16679,1.1668,282,8,0,0,0,0,0.0
2026-01-12 18:45:00,1.1668,1.167,1.16676,1.16687,292,8,0,0,0,0,0.0
2026-01-12 19:00:00,1.16687,1.16719,1.16673,1.16716,239,8,0,0,0,0,0.0
2026-01-12 19:15:00,1.16716,1.16736,1.16705,1.16721,256,8,0,0,0,0,0.0
2026-01-12 19:30:00,1.16721,1.16731,1.1669100000000001,1.16696,282,8,0,0,0,0,0.0
2026-01-12 19:45:00,1.16696,1.16731,1.16696,1.16717,238,8,0,0,0,0,0.0
2026-01-12 20:00:00,1.16718,1.16727,1.16699,1.16714,221,8,0,0,0,0,0.0
2026-01-12 20:15:00,1.16715,1.16715,1.16698,1.16707,224,8,0,0,0,0,0.0
2026-01-12 20:30:00,1.16708,1.16718,1.16658,1.16663,271,8,0,0,0,0,0.0
2026-01-12 20:45:00,1.16665,1.16676,1.16625,1.16649,404,8,0,0,0,0,0.0
2026-01-12 21:00:00,1.16646,1.16666,1.16639,1.16663,211,8,0,0,0,0,0.0
2026-01-12 21:15:00,1.16663,1.16672,1.1666,1.16666,136,8,0,0,0,0,0.0
2026-01-12 21:30:00,1.16666,1.16679,1.16659,1.1667,130,8,0,0,0,0,0.0
2026-01-12 21:45:00,1.16671,1.16684,1.16641,1.16656,220,8,0,0,0,0,0.0
2026-01-12 22:00:00,1.16646,1.16657,1.16634,1.16649,57,20,0,0,0,0,0.0
2026-01-12 22:15:00,1.16647,1.16653,1.16641,1.16644,114,63,0,0,0,0,0.0
2026-01-12 22:30:00,1.16644,1.16683,1.16644,1.16669,117,20,0,0,0,0,0.0
2026-01-12 22:45:00,1.16671,1.16683,1.16643,1.16678,218,20,0,0,0,0,0.0
2026-01-12 23:00:00,1.16686,1.16688,1.16652,1.16655,211,8,0,0,0,0,0.0
2026-01-12 23:15:00,1.16653,1.16703,1.1665,1.16672,243,8,0,0,0,0,0.0
2026-01-12 23:30:00,1.16672,1.16681,1.16652,1.16672,169,8,0,0,0,0,0.0
2026-01-12 23:45:00,1.16673,1.16681,1.16651,1.16672,176,8,0,0,0,0,0.0
2026-01-13 00:00:00,1.16672,1.16672,1.16645,1.16646,217,8,0,0,0,0,0.0
2026-01-13 00:15:00,1.16646,1.16646,1.16622,1.16632,182,8,0,0,0,0,0.0
2026-01-13 00:30:00,1.16632,1.16639,1.16602,1.16612,287,8,0,0,0,0,0.0
2026-01-13 00:45:00,1.16612,1.1663999999999999,1.16608,1.16633,331,8,0,0,0,0,0.0
2026-01-13 01:00:00,1.16634,1.16642,1.16598,1.1661,367,8,0,0,1,1,9.0
2026-01-13 01:15:00,1.16611,1.16616,1.1657899999999999,1.16596,329,8,0,0,1,1,9.0
2026-01-13 01:30:00,1.16596,1.16622,1.1656,1.16588,332,8,0,0,1,1,9.0
2026-01-13 01:45:00,1.16588,1.1661,1.16577,1.16581,313,8,0,0,1,1,9.0
2026-01-13 02:00:00,1.1657899999999999,1.1661,1.16578,1.16598,240,8,0,0,1,1,9.0
2026-01-13 02:15:00,1.16598,1.166,1.16574,1.16574,217,8,0,0,1,1,9.0
2026-01-13 02:30:00,1.16573,1.16598,1.16565,1.16584,217,8,0,0,1,1,9.0
2026-01-13 02:45:00,1.16584,1.16595,1.16581,1.16589,248,8,0,0,1,1,9.0
2026-01-13 03:00:00,1.16589,1.16611,1.16561,1.16605,256,8,0,0,1,1,9.0
2026-01-13 03:15:00,1.16605,1.16632,1.16599,1.16611,236,8,0,0,0,0,0.0
2026-01-13 03:30:00,1.16611,1.16612,1.1658,1.1658,211,8,0,0,1,1,9.0
2026-01-13 03:45:00,1.1658,1.16599,1.16573,1.16584,208,8,0,0,1,1,9.0
2026-01-13 04:00:00,1.16584,1.16605,1.16582,1.16604,153,8,0,0,1,1,9.0
2026-01-13 04:15:00,1.16604,1.16651,1.16592,1.16643,370,8,0,0,0,0,0.0
2026-01-13 04:30:00,1.16643,1.16653,1.1661,1.16621,232,8,0,0,0,0,0.0
2026-01-13 04:45:00,1.16619,1.16655,1.1661299999999999,1.16652,231,8,0,0,0,0,0.0
2026-01-13 05:00:00,1.16653,1.16657,1.16623,1.16643,246,8,0,0,0,0,0.0
2026-01-13 05:15:00,1.16643,1.1667,1.16635,1.16661,230,8,0,0,0,0,0.0
2026-01-13 05:30:00,1.16661,1.16668,1.16627,1.16628,262,8,0,0,0,0,0.0
2026-01-13 05:45:00,1.16628,1.16638,1.1661299999999999,1.16624,276,8,0,0,0,0,0.0
2026-01-13 06:00:00,1.16623,1.16626,1.1655,1.16573,370,8,0,0,1,1,9.0
2026-01-13 06:15:00,1.16574,1.16583,1.16544,1.16552,319,8,0,0,1,1,9.0
2026-01-13 06:30:00,1.16552,1.16571,1.16535,1.1655,337,8,0,0,1,1,9.0
2026-01-13 06:45:00,1.1655,1.16587,1.16538,1.16586,383,8,0,0,1,1,9.0
2026-01-13 07:00:00,1.16584,1.16609,1.16568,1.1656900000000001,424,8,0,0,1,1,9.0
2026-01-13 07:15:00,1.1657,1.1662,1.16555,1.16608,543,8,0,0,1,1,9.0
2026-01-13 07:30:00,1.16609,1.16633,1.16595,1.16596,450,8,0,0,1,1,9.0
2026-01-13 07:45:00,1.16596,1.16644,1.16594,1.16636,438,8,0,0,0,0,0.0
2026-01-13 08:00:00,1.16634,1.16682,1.1661,1.16663,680,8,0,0,0,0,0.0
2026-01-13 08:15:00,1.16662,1.16662,1.16605,1.1661,495,8,0,0,1,1,9.0
2026-01-13 08:30:00,1.16611,1.16631,1.16581,1.1663000000000001,504,8,0,0,0,0,0.0
2026-01-13 08:45:00,1.1663000000000001,1.16686,1.16625,1.16686,452,8,0,0,0,0,0.0
2026-01-13 09:00:00,1.16687,1.16699,1.1663000000000001,1.16649,481,8,0,0,0,0,0.0
2026-01-13 09:15:00,1.16649,1.1669100000000001,1.16643,1.16673,384,8,0,0,0,0,0.0
2026-01-13 09:30:00,1.16672,1.16722,1.16662,1.16689,480,8,0,0,0,0,0.0
2026-01-13 09:45:00,1.16689,1.16717,1.16679,1.16713,350,8,0,0,0,0,0.0
2026-01-13 10:00:00,1.16716,1.16742,1.16704,1.16715,455,8,0,0,0,0,0.0
2026-01-13 10:15:00,1.16715,1.16717,1.16667,1.16672,355,8,0,0,0,0,0.0
2026-01-13 10:30:00,1.16673,1.1670099999999999,1.16658,1.1667399999999999,455,8,0,0,0,0,0.0
2026-01-13 10:45:00,1.16676,1.16676,1.16649,1.16661,332,8,0,0,0,0,0.0
2026-01-13 11:00:00,1.16662,1.16668,1.16644,1.1666400000000001,246,8,0,0,0,0,0.0
2026-01-13 11:15:00,1.16663,1.16684,1.16642,1.16678,273,8,0,0,0,0,0.0
2026-01-13 11:30:00,1.16678,1.167,1.16668,1.16678,295,8,0,0,0,0,0.0
2026-01-13 11:45:00,1.16678,1.16685,1.16656,1.16683,264,8,0,0,0,0,0.0
2026-01-13 12:00:00,1.16683,1.16689,1.16632,1.16655,361,8,0,0,0,0,0.0
2026-01-13 12:15:00,1.16655,1.16682,1.16651,1.16661,282,8,0,0,0,0,0.0
2026-01-13 12:30:00,1.16661,1.16662,1.16592,1.16606,352,8,0,0,1,1,9.0
2026-01-13 12:45:00,1.16606,1.16626,1.16524,1.16548,739,8,0,0,1,1,9.0
2026-01-13 13:00:00,1.16547,1.1658,1.16528,1.16549,587,8,0,0,1,1,9.0
2026-01-13 13:15:00,1.16551,1.16551,1.16498,1.16526,787,8,0,0,0,0,0.0
2026-01-13 13:30:00,1.16522,1.16772,1.16522,1.16665,2513,8,0,0,0,0,0.0
2026-01-13 13:45:00,1.16663,1.16687,1.16598,1.16681,1157,8,0,0,0,0,0.0
2026-01-13 14:00:00,1.16682,1.16729,1.16654,1.16675,924,8,0,0,0,0,0.0
2026-01-13 14:15:00,1.16673,1.16698,1.16651,1.16686,837,8,0,0,0,0,0.0
2026-01-13 14:30:00,1.16688,1.16693,1.1657,1.16606,1188,8,0,0,1,1,9.0
2026-01-13 14:45:00,1.16606,1.16649,1.1659,1.16636,871,8,0,0,0,0,0.0
2026-01-13 15:00:00,1.16633,1.16645,1.16536,1.16548,947,8,0,0,1,1,9.0
2026-01-13 15:15:00,1.16547,1.16558,1.16468,1.16477,855,8,0,0,0,0,0.0
2026-01-13 15:30:00,1.16477,1.16487,1.16437,1.1648100000000001,784,8,0,0,0,0,0.0
2026-01-13 15:45:00,1.16483,1.16546,1.16475,1.1651799999999999,873,8,0,0,0,0,0.0
2026-01-13 16:00:00,1.1651799999999999,1.16541,1.16366,1.16375,804,8,0,0,0,0,0.0
2026-01-13 16:15:00,1.16374,1.16402,1.16341,1.1639,753,8,0,1,0,1,14.0
2026-01-13 16:30:00,1.16389,1.1644700000000001,1.16388,1.16429,549,8,0,1,0,1,14.0
2026-01-13 16:45:00,1.16429,1.1648100000000001,1.16429,1.16453,516,8,0,1,0,1,14.0
2026-01-13 17:00:00,1.16452,1.16476,1.16425,1.1645,470,8,0,1,0,1,14.0
2026-01-13 17:15:00,1.1645,1.16469,1.1641,1.16431,467,8,0,1,0,1,14.0
2026-01-13 17:30:00,1.16432,1.16482,1.16426,1.16461,449,8,0,0,0,0,0.0
2026-01-13 17:45:00,1.16461,1.16483,1.16441,1.16458,401,8,0,0,0,0,0.0
2026-01-13 18:00:00,1.1646,1.16466,1.16412,1.16455,530,8,0,1,0,1,14.0
2026-01-13 18:15:00,1.16455,1.16496,1.16446,1.16482,365,8,0,0,0,0,0.0
2026-01-13 18:30:00,1.16482,1.1651,1.16469,1.16506,323,8,0,0,0,0,0.0
2026-01-13 18:45:00,1.1650800000000001,1.1654,1.16505,1.16527,299,8,0,0,0,0,0.0
2026-01-13 19:00:00,1.16527,1.1653,1.16473,1.16503,324,8,0,0,0,0,0.0
2026-01-13 19:15:00,1.16505,1.16511,1.16464,1.16473,347,8,0,0,0,0,0.0
2026-01-13 19:30:00,1.16473,1.16485,1.1645699999999999,1.1648,218,8,0,0,0,0,0.0
2026-01-13 19:45:00,1.1648,1.16506,1.16463,1.16489,375,8,0,0,0,0,0.0
2026-01-13 20:00:00,1.1649,1.16496,1.16469,1.16493,256,8,0,0,0,0,0.0
2026-01-13 20:15:00,1.16493,1.16494,1.16458,1.1646,251,8,0,0,0,0,0.0
2026-01-13 20:30:00,1.1646,1.16487,1.16449,1.1648,281,8,0,0,0,0,0.0
2026-01-13 20:45:00,1.1648,1.1648399999999999,1.16451,1.16452,281,8,0,1,0,1,14.0
2026-01-13 21:00:00,1.16452,1.16462,1.16426,1.16427,195,8,0,1,0,1,14.0
2026-01-13 21:15:00,1.16427,1.1645699999999999,1.16425,1.16448,158,8,0,1,0,1,14.0
2026-01-13 21:30:00,1.16448,1.16463,1.16443,1.16444,121,8,0,1,0,1,14.0
2026-01-13 21:45:00,1.16444,1.16444,1.16419,1.1642000000000001,148,8,0,1,0,1,14.0
2026-01-13 22:00:00,1.1642299999999999,1.16426,1.16403,1.1642000000000001,73,8,0,1,0,1,14.0
2026-01-13 22:15:00,1.16421,1.16422,1.16406,1.16414,140,48,0,1,0,1,14.0
2026-01-13 22:30:00,1.16414,1.16425,1.164,1.16422,244,20,0,1,0,1,14.0
2026-01-13 22:45:00,1.16422,1.16448,1.16403,1.16444,175,8,0,1,0,1,14.0
2026-01-13 23:00:00,1.1645,1.1645,1.16429,1.16444,193,8,0,1,0,1,14.0
2026-01-13 23:15:00,1.16444,1.16451,1.16442,1.16444,65,8,0,1,0,1,14.0
2026-01-13 23:30:00,1.16443,1.16454,1.16426,1.1643,132,8,0,1,0,1,14.0
2026-01-13 23:45:00,1.1643,1.16437,1.16418,1.16418,106,8,0,1,0,1,14.0
2026-01-14 00:00:00,1.16418,1.16429,1.16378,1.16382,238,8,0,0,0,0,0.0
2026-01-14 00:15:00,1.16382,1.16412,1.16379,1.16412,205,8,0,1,0,1,14.0
2026-01-14 00:30:00,1.16412,1.16434,1.16404,1.16426,226,8,0,1,0,1,14.0
2026-01-14 00:45:00,1.16427,1.16432,1.16406,1.16426,295,8,0,1,0,1,14.0
2026-01-14 01:00:00,1.16426,1.16429,1.16368,1.16373,346,8,0,0,0,0,0.0
2026-01-14 01:15:00,1.16373,1.1639,1.16364,1.16371,250,8,0,0,0,0,0.0
2026-01-14 01:30:00,1.16372,1.16391,1.16365,1.16382,266,8,0,0,0,0,0.0
2026-01-14 01:45:00,1.16382,1.16392,1.1637,1.16378,238,8,0,0,0,0,0.0
2026-01-14 02:00:00,1.1638,1.16394,1.16358,1.16372,283,8,0,0,0,0,0.0
2026-01-14 02:15:00,1.16372,1.16393,1.16366,1.16389,209,8,0,1,0,1,14.0
2026-01-14 02:30:00,1.16389,1.16413,1.16383,1.16407,255,8,0,1,0,1,14.0
2026-01-14 02:45:00,1.16407,1.16441,1.16401,1.16431,218,8,0,1,0,1,14.0
2026-01-14 03:00:00,1.16431,1.16452,1.16431,1.16449,292,8,0,1,0,1,14.0
2026-01-14 03:15:00,1.1644700000000001,1.1645699999999999,1.16437,1.16443,183,8,0,1,0,1,14.0
2026-01-14 03:30:00,1.16443,1.16474,1.16442,1.16473,225,8,0,0,0,0,0.0
2026-01-14 03:45:00,1.16473,1.16485,1.1646,1.16466,181,8,0,0,0,0,0.0
2026-01-14 04:00:00,1.16467,1.16477,1.16458,1.1646,165,8,0,0,0,0,0.0
2026-01-14 04:15:00,1.1646,1.16466,1.16442,1.16448,161,8,0,1,0,1,14.0
2026-01-14 04:30:00,1.16448,1.16459,1.16436,1.16438,130,8,0,1,0,1,14.0
2026-01-14 04:45:00,1.16438,1.16445,1.1643,1.16437,149,8,0,1,0,1,14.0
2026-01-14 05:00:00,1.16436,1.16448,1.16428,1.16428,171,8,0,1,0,1,14.0
2026-01-14 05:15:00,1.16427,1.16432,1.16417,1.16427,170,8,0,1,0,1,14.0
2026-01-14 05:30:00,1.16427,1.16438,1.16416,1.16416,196,8,0,1,0,1,14.0
2026-01-14 05:45:00,1.16416,1.16436,1.16413,1.16416,174,8,0,1,0,1,14.0
2026-01-14 06:00:00,1.16416,1.16455,1.16411,1.1645,213,8,0,1,0,1,14.0
2026-01-14 06:15:00,1.1645,1.16468,1.16446,1.16463,242,8,0,0,0,0,0.0
2026-01-14 06:30:00,1.16463,1.16468,1.16448,1.16464,219,8,0,0,0,0,0.0
2026-01-14 06:45:00,1.16464,1.16497,1.16442,1.16486,324,8,0,0,0,0,0.0
2026-01-14 07:00:00,1.16487,1.16505,1.16471,1.1648399999999999,400,8,0,0,0,0,0.0
2026-01-14 07:15:00,1.1648399999999999,1.16515,1.16477,1.16482,301,8,0,0,0,0,0.0
2026-01-14 07:30:00,1.16482,1.16496,1.16465,1.1648399999999999,274,8,0,0,0,0,0.0
2026-01-14 07:45:00,1.16483,1.16492,1.16442,1.16456,355,8,0,0,0,0,0.0
2026-01-14 08:00:00,1.1645699999999999,1.16502,1.16441,1.16442,482,8,0,1,0,1,14.0
2026-01-14 08:15:00,1.16444,1.16456,1.16405,1.16424,488,8,0,1,0,1,14.0
2026-01-14 08:30:00,1.16424,1.16478,1.16417,1.16427,888,8,0,1,0,1,14.0
2026-01-14 08:45:00,1.16425,1.16473,1.1642000000000001,1.16472,603,8,0,0,0,0,0.0
2026-01-14 09:00:00,1.16473,1.16496,1.16456,1.16491,467,8,0,0,0,0,0.0
2026-01-14 09:15:00,1.16491,1.16509,1.16456,1.16479,490,8,0,0,0,0,0.0
2026-01-14 09:30:00,1.16479,1.16526,1.16466,1.16487,440,8,0,0,0,0,0.0
2026-01-14 09:45:00,1.16488,1.16533,1.16486,1.16514,384,8,0,0,0,0,0.0
2026-01-14 10:00:00,1.16515,1.16517,1.16465,1.16499,479,8,0,0,0,0,0.0
2026-01-14 10:15:00,1.16499,1.16545,1.16493,1.16544,407,8,0,0,1,1,9.0
2026-01-14 10:30:00,1.16544,1.16567,1.1653,1.16539,481,8,0,0,0,0,0.0
2026-01-14 10:45:00,1.16538,1.16576,1.1653,1.16546,528,8,0,0,1,1,9.0
2026-01-14 11:00:00,1.16545,1.16547,1.16496,1.16502,516,8,0,0,0,0,0.0
2026-01-14 11:15:00,1.16502,1.16512,1.16477,1.16477,348,8,0,0,0,0,0.0
2026-01-14 11:30:00,1.16477,1.16492,1.16462,1.16466,288,8,0,0,0,0,0.0
2026-01-14 11:45:00,1.16467,1.1648100000000001,1.16435,1.16468,390,8,0,0,0,0,0.0
2026-01-14 12:00:00,1.16468,1.16533,1.16446,1.16465,809,8,0,0,0,0,0.0
2026-01-14 12:15:00,1.16466,1.16473,1.16446,1.16452,387,8,0,1,0,1,14.0
2026-01-14 12:30:00,1.16452,1.16487,1.16449,1.16479,387,8,0,0,0,0,0.0
2026-01-14 12:45:00,1.16479,1.16596,1.16453,1.16592,666,8,0,0,1,1,9.0
2026-01-14 13:00:00,1.16592,1.16592,1.16502,1.1650800000000001,580,8,0,0,0,0,0.0
2026-01-14 13:15:00,1.16509,1.1652,1.16463,1.1648,510,8,0,0,0,0,0.0
2026-01-14 13:30:00,1.1648100000000001,1.16525,1.16445,1.16523,871,8,0,0,0,0,0.0
2026-01-14 13:45:00,1.16522,1.16533,1.16449,1.16498,601,8,0,0,0,0,0.0
2026-01-14 14:00:00,1.16497,1.16571,1.1648399999999999,1.16528,991,8,0,0,0,0,0.0
2026-01-14 14:15:00,1.1653,1.16584,1.16521,1.16546,811,8,0,0,1,1,9.0
2026-01-14 14:30:00,1.16544,1.16591,1.16519,1.16586,901,8,0,0,1,1,9.0
2026-01-14 14:45:00,1.16586,1.16595,1.16543,1.16557,766,8,0,0,1,1,9.0
2026-01-14 15:00:00,1.16555,1.16585,1.16517,1.16531,1162,8,0,0,0,0,0.0
2026-01-14 15:15:00,1.16529,1.16556,1.16495,1.16512,767,8,0,0,0,0,0.0
2026-01-14 15:30:00,1.16514,1.16537,1.16491,1.16524,662,8,0,0,0,0,0.0
2026-01-14 15:45:00,1.16526,1.1660300000000001,1.16523,1.16592,764,8,0,0,1,1,9.0
2026-01-14 16:00:00,1.16593,1.16612,1.16575,1.16587,505,8,0,0,1,1,9.0
2026-01-14 16:15:00,1.16588,1.16611,1.16536,1.16558,537,8,0,0,1,1,9.0
2026-01-14 16:30:00,1.16558,1.16575,1.16546,1.16548,639,8,0,0,1,1,9.0
2026-01-14 16:45:00,1.1655,1.1656900000000001,1.16524,1.1654,548,8,0,0,0,0,0.0
2026-01-14 17:00:00,1.1654,1.16555,1.1651799999999999,1.16533,464,8,0,0,0,0,0.0
2026-01-14 17:15:00,1.16533,1.16533,1.16498,1.16513,476,8,0,0,0,0,0.0
2026-01-14 17:30:00,1.16512,1.16516,1.16456,1.16464,459,8,0,0,0,0,0.0
2026-01-14 17:45:00,1.16464,1.16482,1.16452,1.16465,378,8,0,0,0,0,0.0
2026-01-14 18:00:00,1.16465,1.16469,1.16433,1.16437,401,8,0,1,0,1,14.0
2026-01-14 18:15:00,1.16437,1.16451,1.16415,1.16444,287,8,0,1,0,1,14.0
2026-01-14 18:30:00,1.16444,1.16474,1.16397,1.164,411,8,0,1,0,1,14.0
2026-01-14 18:45:00,1.16402,1.16421,1.16378,1.16378,465,8,0,0,0,0,0.0
2026-01-14 19:00:00,1.16377,1.16388,1.16355,1.16366,413,8,0,0,0,0,0.0
2026-01-14 19:15:00,1.16366,1.16384,1.16363,1.16373,244,8,0,0,0,0,0.0
2026-01-14 19:30:00,1.16374,1.16389,1.16354,1.1638,255,8,0,0,0,0,0.0
2026-01-14 19:45:00,1.1638,1.1639,1.16348,1.16361,326,8,0,0,0,0,0.0
2026-01-14 20:00:00,1.1635900000000001,1.16429,1.1635900000000001,1.1642000000000001,574,8,0,1,0,1,14.0
2026-01-14 20:15:00,1.1642000000000001,1.16436,1.16413,1.16432,353,8,0,1,0,1,14.0
2026-01-14 20:30:00,1.16434,1.16469,1.16427,1.16427,445,8,0,1,0,1,14.0
2026-01-14 20:45:00,1.16427,1.16446,1.16412,1.16429,343,8,0,1,0,1,14.0
2026-01-14 21:00:00,1.1643,1.1646,1.16422,1.16431,248,8,0,1,0,1,14.0
2026-01-14 21:15:00,1.1643,1.16446,1.16418,1.16426,193,8,0,1,0,1,14.0
2026-01-14 21:30:00,1.16426,1.16444,1.1642299999999999,1.16444,171,8,0,1,0,1,14.0
2026-01-14 21:45:00,1.16444,1.16458,1.16425,1.16433,271,8,0,1,0,1,14.0
2026-01-14 22:00:00,1.16433,1.16449,1.16424,1.16446,79,20,0,1,0,1,14.0
2026-01-14 22:15:00,1.1644700000000001,1.16449,1.1642299999999999,1.16448,59,20,0,1,0,1,14.0
2026-01-14 22:30:00,1.16437,1.16446,1.16426,1.16429,103,20,0,1,0,1,14.0
2026-01-14 22:45:00,1.1643,1.16444,1.16416,1.1644,104,8,0,1,0,1,14.0
2026-01-14 23:00:00,1.16441,1.16461,1.16439,1.16458,228,8,0,0,0,0,0.0
2026-01-14 23:15:00,1.16459,1.16466,1.16443,1.16444,139,8,0,1,0,1,14.0
2026-01-14 23:30:00,1.16444,1.16462,1.16444,1.16452,168,8,0,1,0,1,14.0
2026-01-14 23:45:00,1.16452,1.16466,1.16446,1.16446,140,8,0,1,0,1,14.0
2026-01-15 00:00:00,1.1644700000000001,1.1644700000000001,1.16421,1.16428,166,8,0,1,0,1,14.0
2026-01-15 00:15:00,1.16428,1.16453,1.1641,1.16413,210,8,0,1,0,1,14.0
2026-01-15 00:30:00,1.16413,1.1643,1.1637,1.16384,365,8,0,0,0,0,0.0
2026-01-15 00:45:00,1.16385,1.16408,1.16354,1.16374,452,8,0,0,0,0,0.0
2026-01-15 01:00:00,1.16374,1.16394,1.16368,1.16388,414,8,0,1,0,1,14.0
2026-01-15 01:15:00,1.1638600000000001,1.16414,1.16382,1.1639599999999999,448,8,0,1,0,1,14.0
2026-01-15 01:30:00,1.1639599999999999,1.16399,1.16328,1.16391,556,8,0,1,0,1,14.0
2026-01-15 01:45:00,1.16392,1.16408,1.16371,1.16384,399,8,0,0,0,0,0.0
2026-01-15 02:00:00,1.16384,1.16405,1.16371,1.16404,313,8,0,1,0,1,14.0
2026-01-15 02:15:00,1.16404,1.16406,1.16368,1.1637,268,8,0,0,0,0,0.0
2026-01-15 02:30:00,1.1637,1.16394,1.16358,1.16388,249,8,0,1,0,1,14.0
2026-01-15 02:45:00,1.16388,1.16401,1.16383,1.164,209,8,0,1,0,1,14.0
2026-01-15 03:00:00,1.164,1.164,1.16369,1.1637,190,8,0,0,0,0,0.0
2026-01-15 03:15:00,1.1637,1.16395,1.16366,1.16395,262,8,0,1,0,1,14.0
2026-01-15 03:30:00,1.1639599999999999,1.16411,1.16381,1.16411,223,8,0,1,0,1,14.0
2026-01-15 03:45:00,1.16411,1.16411,1.1637,1.1638600000000001,195,8,0,1,0,1,14.0
2026-01-15 04:00:00,1.16387,1.16391,1.16358,1.1635900000000001,170,8,0,0,0,0,0.0
2026-01-15 04:15:00,1.1635900000000001,1.16361,1.16343,1.16351,177,8,0,0,0,0,0.0
2026-01-15 04:30:00,1.16351,1.16366,1.16351,1.1635900000000001,146,8,0,0,0,0,0.0
2026-01-15 04:45:00,1.1635900000000001,1.1636199999999999,1.1634,1.16344,153,8,0,0,0,0,0.0
2026-01-15 05:00:00,1.16342,1.16375,1.16332,1.16367,245,8,0,0,0,0,0.0
2026-01-15 05:15:00,1.16366,1.16372,1.16357,1.16369,184,8,0,0,0,0,0.0
2026-01-15 05:30:00,1.16369,1.16372,1.1635,1.16357,176,8,0,0,0,0,0.0
2026-01-15 05:45:00,1.16356,1.16373,1.16345,1.1635,248,8,0,0,0,0,0.0
2026-01-15 06:00:00,1.16351,1.16379,1.1633499999999999,1.16337,344,8,0,0,0,0,0.0
2026-01-15 06:15:00,1.16337,1.16355,1.16328,1.16347,325,8,0,0,0,0,0.0
2026-01-15 06:30:00,1.16347,1.16348,1.16295,1.16296,354,8,0,0,0,0,0.0
2026-01-15 06:45:00,1.16297,1.16336,1.16297,1.16329,343,8,0,0,0,0,0.0
2026-01-15 07:00:00,1.1633,1.1636199999999999,1.16303,1.16311,581,8,0,0,0,0,0.0
2026-01-15 07:15:00,1.16313,1.16326,1.16257,1.16269,521,8,0,0,0,0,0.0
2026-01-15 07:30:00,1.16268,1.16315,1.16263,1.16289,411,8,0,0,0,0,0.0
2026-01-15 07:45:00,1.1629,1.16295,1.16268,1.16285,366,8,0,0,0,0,0.0
2026-01-15 08:00:00,1.16283,1.16303,1.16266,1.16288,513,8,0,0,0,0,0.0
2026-01-15 08:15:00,1.16285,1.16345,1.16273,1.16334,432,8,0,0,0,0,0.0
2026-01-15 08:30:00,1.16334,1.16352,1.16306,1.16313,509,8,0,0,0,0,0.0
2026-01-15 08:45:00,1.16313,1.16334,1.16291,1.16305,383,8,0,0,0,0,0.0
2026-01-15 09:00:00,1.16306,1.16345,1.16302,1.16316,423,8,0,0,0,0,0.0
2026-01-15 09:15:00,1.16316,1.16344,1.1631,1.16316,586,8,0,0,0,0,0.0
2026-01-15 09:30:00,1.16316,1.16365,1.1629800000000001,1.1636,495,8,0,0,0,0,0.0
2026-01-15 09:45:00,1.1636,1.16394,1.16343,1.16355,418,8,0,0,0,0,0.0
2026-01-15 10:00:00,1.16354,1.16368,1.16326,1.16363,454,8,0,0,0,0,0.0
2026-01-15 10:15:00,1.1636199999999999,1.16389,1.16351,1.16382,389,8,0,0,0,0,0.0
2026-01-15 10:30:00,1.16381,1.16405,1.16366,1.1638600000000001,461,8,0,1,0,1,14.0
2026-01-15 10:45:00,1.16385,1.16387,1.16338,1.16354,387,8,0,0,0,0,0.0
2026-01-15 11:00:00,1.16357,1.16376,1.16344,1.16373,379,8,0,0,0,0,0.0
2026-01-15 11:15:00,1.16372,1.16372,1.16324,1.16337,370,8,0,0,0,0,0.0
2026-01-15 11:30:00,1.16336,1.16361,1.16322,1.16329,349,8,0,0,0,0,0.0
2026-01-15 11:45:00,1.16329,1.16334,1.16299,1.16306,426,8,0,0,0,0,0.0
2026-01-15 12:00:00,1.16304,1.16344,1.163,1.16327,405,8,0,0,0,0,0.0
2026-01-15 12:15:00,1.1632500000000001,1.16343,1.16315,1.16337,321,8,0,0,0,0,0.0
2026-01-15 12:30:00,1.16338,1.16347,1.16314,1.16317,262,8,0,0,0,0,0.0
2026-01-15 12:45:00,1.16317,1.16319,1.16199,1.16225,563,8,0,0,0,0,0.0
2026-01-15 13:00:00,1.16225,1.16247,1.16177,1.16229,621,8,0,0,0,0,0.0
2026-01-15 13:15:00,1.16228,1.16236,1.1617,1.16194,576,8,0,0,0,0,0.0
2026-01-15 13:30:00,1.16192,1.16192,1.16029,1.16061,1364,8,0,0,0,0,0.0
2026-01-15 13:45:00,1.16061,1.1608,1.15984,1.16009,911,8,0,0,1,1,2.0
2026-01-15 14:00:00,1.16011,1.16076,1.15966,1.16069,930,8,0,0,0,0,0.0
2026-01-15 14:15:00,1.16067,1.16104,1.16045,1.16061,710,8,0,0,0,0,0.0
2026-01-15 14:30:00,1.16061,1.16083,1.15928,1.15953,865,8,0,0,0,0,0.0
2026-01-15 14:45:00,1.15953,1.16018,1.15939,1.16009,940,8,0,0,1,1,2.0
2026-01-15 15:00:00,1.16008,1.16069,1.15993,1.16017,854,8,0,0,1,1,2.0
2026-01-15 15:15:00,1.16017,1.16036,1.15967,1.16007,757,8,0,0,1,1,2.0
2026-01-15 15:30:00,1.16005,1.1605,1.15979,1.16046,612,8,0,0,1,1,2.0
2026-01-15 15:45:00,1.16048,1.1609099999999999,1.16006,1.16021,798,8,0,0,1,1,2.0
2026-01-15 16:00:00,1.16021,1.16051,1.15979,1.16051,691,8,0,0,1,1,2.0
2026-01-15 16:15:00,1.1605,1.16105,1.16046,1.16085,498,8,0,0,0,0,0.0
2026-01-15 16:30:00,1.16085,1.16105,1.16063,1.16075,526,8,0,0,0,0,0.0
2026-01-15 16:45:00,1.16076,1.16099,1.16042,1.16042,457,8,0,0,1,1,2.0
2026-01-15 17:00:00,1.16043,1.16095,1.16032,1.16086,493,8,0,0,0,0,0.0
2026-01-15 17:15:00,1.16086,1.16123,1.16061,1.16123,420,8,0,0,0,0,0.0
2026-01-15 17:30:00,1.16123,1.16133,1.16074,1.16075,388,8,0,0,0,0,0.0
2026-01-15 17:45:00,1.16074,1.16109,1.16064,1.16087,383,8,0,0,0,0,0.0
2026-01-15 18:00:00,1.16087,1.16147,1.16086,1.16123,415,8,0,0,0,0,0.0
2026-01-15 18:15:00,1.16123,1.16129,1.16096,1.16115,329,8,0,0,0,0,0.0
2026-01-15 18:30:00,1.16115,1.16143,1.16104,1.16141,311,8,0,0,0,0,0.0
2026-01-15 18:45:00,1.1614,1.16147,1.16126,1.16144,287,8,0,0,0,0,0.0
2026-01-15 19:00:00,1.16143,1.16149,1.16109,1.16137,376,8,0,0,0,0,0.0
2026-01-15 19:15:00,1.16137,1.1616900000000001,1.16137,1.16158,319,8,0,0,0,0,0.0
2026-01-15 19:30:00,1.16159,1.16165,1.16128,1.16138,368,8,0,0,0,0,0.0
2026-01-15 19:45:00,1.1614,1.16144,1.1611799999999999,1.16134,306,8,0,0,0,0,0.0
2026-01-15 20:00:00,1.16134,1.16151,1.1612,1.16129,269,8,0,0,0,0,0.0
2026-01-15 20:15:00,1.16129,1.16134,1.16055,1.16068,401,8,0,0,0,0,0.0
2026-01-15 20:30:00,1.16069,1.16069,1.16025,1.16038,362,8,0,0,1,1,2.0
2026-01-15 20:45:00,1.16038,1.16062,1.16037,1.1604,279,8,0,0,1,1,2.0
2026-01-15 21:00:00,1.16037,1.16053,1.16029,1.1604700000000001,220,8,0,0,1,1,2.0
2026-01-15 21:15:00,1.16048,1.16083,1.16044,1.16074,168,8,0,0,0,0,0.0
2026-01-15 21:30:00,1.16074,1.16098,1.16063,1.16078,188,8,0,0,0,0,0.0
2026-01-15 21:45:00,1.16079,1.16102,1.16067,1.16082,193,8,0,0,0,0,0.0
2026-01-15 22:00:00,1.16082,1.16087,1.1606,1.16062,46,20,0,0,0,0,0.0
2026-01-15 22:15:00,1.16062,1.16083,1.1606,1.16065,88,20,0,0,0,0,0.0
2026-01-15 22:30:00,1.16065,1.1608,1.16059,1.16063,101,20,0,0,0,0,0.0
2026-01-15 22:45:00,1.16062,1.1608,1.16059,1.16074,115,8,0,0,0,0,0.0
2026-01-15 23:00:00,1.16073,1.16094,1.16069,1.16083,139,8,0,0,0,0,0.0
2026-01-15 23:15:00,1.16083,1.16088,1.16075,1.16084,103,8,0,0,0,0,0.0
2026-01-15 23:30:00,1.16084,1.16084,1.16067,1.16084,96,8,0,0,0,0,0.0
2026-01-15 23:45:00,1.16084,1.16097,1.16073,1.16089,115,8,0,0,0,0,0.0
2026-01-16 00:00:00,1.16086,1.16094,1.16064,1.16082,228,8,0,0,0,0,0.0
2026-01-16 00:15:00,1.16082,1.16083,1.16061,1.16065,153,8,0,0,0,0,0.0
2026-01-16 00:30:00,1.16065,1.16069,1.16051,1.16054,167,8,0,0,0,0,0.0
2026-01-16 00:45:00,1.16054,1.16055,1.16024,1.16036,424,8,0,0,1,1,2.0
2026-01-16 01:00:00,1.16034,1.16059,1.16021,1.16055,312,8,0,0,0,0,0.0
2026-01-16 01:15:00,1.16056,1.1606,1.16039,1.16054,249,8,0,0,0,0,0.0
2026-01-16 01:30:00,1.16053,1.16068,1.1604700000000001,1.16063,220,8,0,0,0,0,0.0
2026-01-16 01:45:00,1.16063,1.16083,1.1605699999999999,1.16065,293,8,0,0,0,0,0.0
2026-01-16 02:00:00,1.16065,1.16084,1.16059,1.1607,260,8,0,0,0,0,0.0
2026-01-16 02:15:00,1.16069,1.16095,1.1605699999999999,1.1609099999999999,302,8,0,0,0,0,0.0
2026-01-16 02:30:00,1.16089,1.16138,1.16084,1.16138,445,8,0,0,0,0,0.0
2026-01-16 02:45:00,1.16136,1.16137,1.16082,1.16094,310,8,0,0,0,0,0.0
2026-01-16 03:00:00,1.16093,1.16107,1.16085,1.16095,205,8,0,0,0,0,0.0
2026-01-16 03:15:00,1.16095,1.16095,1.16067,1.16085,221,8,0,0,0,0,0.0
2026-01-16 03:30:00,1.16085,1.1611,1.16079,1.1610800000000001,207,8,0,0,0,0,0.0
2026-01-16 03:45:00,1.1610800000000001,1.16122,1.16095,1.16117,206,8,0,0,0,0,0.0
2026-01-16 04:00:00,1.16117,1.16124,1.16096,1.16109,149,8,0,0,0,0,0.0
2026-01-16 04:15:00,1.1611,1.16124,1.16107,1.16122,139,8,0,0,0,0,0.0
2026-01-16 04:30:00,1.16122,1.16132,1.16113,1.1611799999999999,166,8,0,0,0,0,0.0
2026-01-16 04:45:00,1.1611799999999999,1.16123,1.16106,1.1610800000000001,107,8,0,0,0,0,0.0
2026-01-16 05:00:00,1.1610800000000001,1.1610800000000001,1.16071,1.16074,187,8,0,0,0,0,0.0
2026-01-16 05:15:00,1.16074,1.16099,1.16072,1.16092,144,8,0,0,0,0,0.0
2026-01-16 05:30:00,1.16092,1.16106,1.16085,1.16087,190,8,0,0,0,0,0.0
2026-01-16 05:45:00,1.16087,1.1609,1.1605699999999999,1.16064,218,8,0,0,0,0,0.0
2026-01-16 06:00:00,1.16065,1.16084,1.16059,1.16082,196,8,0,0,0,0,0.0
2026-01-16 06:15:00,1.16082,1.16089,1.16059,1.1608,212,8,0,0,0,0,0.0
2026-01-16 06:30:00,1.1608,1.1608,1.16045,1.1604700000000001,216,8,0,0,1,1,2.0
2026-01-16 06:45:00,1.16046,1.16094,1.1604,1.16093,237,8,0,0,0,0,0.0
2026-01-16 07:00:00,1.1609099999999999,1.1614,1.16077,1.16132,449,8,0,0,0,0,0.0
2026-01-16 07:15:00,1.16132,1.16137,1.16087,1.16122,405,8,0,0,0,0,0.0
2026-01-16 07:30:00,1.16122,1.16129,1.16088,1.16127,487,8,0,0,0,0,0.0
2026-01-16 07:45:00,1.16129,1.16145,1.16103,1.1611799999999999,522,8,0,0,0,0,0.0
2026-01-16 08:00:00,1.1612,1.16137,1.1609099999999999,1.16104,527,8,0,0,0,0,0.0
2026-01-16 08:15:00,1.16104,1.1614200000000001,1.16082,1.16093,454,8,0,0,0,0,0.0
2026-01-16 08:30:00,1.16093,1.16137,1.16088,1.16103,486,8,0,0,0,0,0.0
2026-01-16 08:45:00,1.16103,1.16123,1.16089,1.1609,383,8,0,0,0,0,0.0
2026-01-16 09:00:00,1.1609,1.16122,1.16079,1.16121,338,8,0,0,0,0,0.0
2026-01-16 09:15:00,1.16121,1.16148,1.1610800000000001,1.16123,359,8,0,0,0,0,0.0
2026-01-16 09:30:00,1.16123,1.1613,1.16106,1.1611,342,8,0,0,0,0,0.0
2026-01-16 09:45:00,1.1611,1.16117,1.1608100000000001,1.1608100000000001,363,8,0,0,0,0,0.0
2026-01-16 10:00:00,1.16083,1.16113,1.16076,1.16096,341,8,0,0,0,0,0.0
2026-01-16 10:15:00,1.16096,1.16139,1.16083,1.16139,407,8,0,0,0,0,0.0
2026-01-16 10:30:00,1.16138,1.16171,1.1611799999999999,1.16159,392,8,0,0,0,0,0.0
2026-01-16 10:45:00,1.1616,1.16166,1.16125,1.16125,326,8,0,0,0,0,0.0
2026-01-16 11:00:00,1.16125,1.16183,1.16122,1.16183,386,8,0,0,0,0,0.0
2026-01-16 11:15:00,1.16187,1.1621,1.16182,1.16194,436,8,0,0,0,0,0.0
2026-01-16 11:30:00,1.16193,1.16218,1.16175,1.16206,418,8,0,0,0,0,0.0
2026-01-16 11:45:00,1.16206,1.16229,1.16185,1.16188,345,8,0,0,0,0,0.0
2026-01-16 12:00:00,1.16188,1.16217,1.16185,1.16198,440,8,0,0,0,0,0.0
2026-01-16 12:15:00,1.162,1.16208,1.16163,1.16164,391,8,0,0,0,0,0.0
2026-01-16 12:30:00,1.16164,1.16182,1.1615,1.1617,383,8,0,0,0,0,0.0
2026-01-16 12:45:00,1.1617,1.16198,1.16131,1.16186,512,8,0,0,0,0,0.0
2026-01-16 13:00:00,1.16184,1.16208,1.16139,1.1615199999999999,587,8,0,0,0,0,0.0
2026-01-16 13:15:00,1.16154,1.16178,1.16112,1.16156,595,8,0,0,0,0,0.0
2026-01-16 13:30:00,1.16156,1.16192,1.16154,1.16182,577,8,0,0,0,0,0.0
2026-01-16 13:45:00,1.16183,1.16192,1.16162,1.1618,515,8,0,0,0,0,0.0
2026-01-16 14:00:00,1.1618,1.16187,1.16138,1.16153,449,8,0,0,0,0,0.0
2026-01-16 14:15:00,1.1615199999999999,1.16166,1.16122,1.16145,464,8,0,0,0,0,0.0
2026-01-16 14:30:00,1.16147,1.1617,1.16135,1.16151,631,8,0,0,0,0,0.0
2026-01-16 14:45:00,1.16153,1.1620300000000001,1.16144,1.16178,689,8,0,0,0,0,0.0
2026-01-16 15:00:00,1.1618,1.16248,1.1618,1.16245,607,8,0,0,0,0,0.0
2026-01-16 15:15:00,1.16245,1.1627,1.16016,1.16023,2656,8,0,0,1,1,2.0
2026-01-16 15:30:00,1.16022,1.16048,1.15841,1.15894,1604,8,0,0,0,0,0.0
2026-01-16 15:45:00,1.15895,1.15975,1.15885,1.15934,1584,8,0,0,0,0,0.0
2026-01-16 16:00:00,1.1593499999999999,1.16048,1.1593499999999999,1.16048,1012,8,0,0,1,1,2.0
2026-01-16 16:15:00,1.16045,1.16048,1.1596,1.15982,840,8,0,0,0,0,0.0
2026-01-16 16:30:00,1.15979,1.16032,1.15956,1.1602999999999999,732,8,0,0,1,1,2.0
2026-01-16 16:45:00,1.16028,1.16055,1.15964,1.15981,705,8,0,0,0,0,0.0
2026-01-16 17:00:00,1.15982,1.16023,1.15964,1.1602000000000001,514,8,0,0,1,1,2.0
2026-01-16 17:15:00,1.1602000000000001,1.16024,1.15974,1.15987,451,8,0,0,1,1,2.0
2026-01-16 17:30:00,1.15987,1.16018,1.15957,1.1596,502,8,0,0,0,0,0.0
2026-01-16 17:45:00,1.1596,1.15985,1.15946,1.15953,474,8,0,0,0,0,0.0
2026-01-16 18:00:00,1.15951,1.15956,1.1589,1.1591,413,8,0,0,0,0,0.0
2026-01-16 18:15:00,1.1591,1.15951,1.15903,1.15948,333,8,0,0,0,0,0.0
2026-01-16 18:30:00,1.15948,1.1597,1.15931,1.15967,288,8,0,0,0,0,0.0
2026-01-16 18:45:00,1.15967,1.15989,1.15951,1.15953,340,8,0,0,0,0,0.0
2026-01-16 19:00:00,1.15951,1.15963,1.15918,1.15923,362,8,0,0,0,0,0.0
2026-01-16 19:15:00,1.15923,1.15952,1.15912,1.15945,253,8,0,0,0,0,0.0
2026-01-16 19:30:00,1.15944,1.15968,1.15932,1.15947,366,8,0,0,0,0,0.0
2026-01-16 19:45:00,1.15949,1.15972,1.15949,1.1596,295,8,0,0,0,0,0.0
2026-01-16 20:00:00,1.15962,1.15993,1.15958,1.15992,250,8,0,0,1,1,2.0
2026-01-16 20:15:00,1.15992,1.15998,1.15978,1.15997,216,8,0,0,1,1,2.0
2026-01-16 20:30:00,1.15997,1.15998,1.15952,1.15979,281,8,0,0,0,0,0.0
2026-01-16 20:45:00,1.15979,1.16018,1.15978,1.1599,271,8,0,0,1,1,2.0
2026-01-16 21:00:00,1.15992,1.16019,1.1598600000000001,1.16002,169,8,0,0,1,1,2.0
2026-01-16 21:15:00,1.16002,1.16016,1.16,1.16005,136,8,0,0,1,1,2.0
2026-01-16 21:30:00,1.16007,1.16012,1.15972,1.15979,203,8,0,0,0,0,0.0
2026-01-16 21:45:00,1.1598,1.15989,1.15974,1.15983,206,8,0,0,0,0,0.0
2026-01-18 22:00:00,1.1577,1.15817,1.15749,1.15817,132,48,0,0,0,0,0.0
2026-01-18 22:15:00,1.15817,1.15817,1.15753,1.15772,91,48,0,0,0,0,0.0
2026-01-18 22:30:00,1.15773,1.15833,1.15773,1.15804,186,48,0,0,0,0,0.0
2026-01-18 22:45:00,1.15804,1.1585,1.15804,1.15827,129,48,0,0,0,0,0.0
2026-01-18 23:00:00,1.15843,1.16078,1.15775,1.15981,1391,8,0,0,0,0,0.0
2026-01-18 23:15:00,1.15982,1.16124,1.15965,1.16116,839,8,0,0,0,0,0.0
2026-01-18 23:30:00,1.16116,1.16268,1.16105,1.16255,829,8,0,0,0,0,0.0
2026-01-18 23:45:00,1.16255,1.16263,1.16174,1.16239,633,8,0,0,0,0,0.0
2026-01-19 00:00:00,1.16238,1.16242,1.16082,1.16113,1031,8,0,0,0,0,0.0
2026-01-19 00:15:00,1.16113,1.16248,1.16044,1.16225,1436,8,0,0,0,0,0.0
2026-01-19 00:30:00,1.16225,1.16376,1.16209,1.1635900000000001,1028,8,0,0,0,0,0.0
2026-01-19 00:45:00,1.16357,1.16368,1.16303,1.16316,857,8,0,0,0,0,0.0
2026-01-19 01:00:00,1.16316,1.16342,1.1626400000000001,1.16267,783,8,0,0,0,0,0.0
2026-01-19 01:15:00,1.16267,1.16299,1.16235,1.16245,636,8,0,0,0,0,0.0
2026-01-19 01:30:00,1.16244,1.16276,1.16236,1.16252,458,8,0,0,0,0,0.0
2026-01-19 01:45:00,1.16252,1.1629,1.16217,1.16223,467,8,0,0,0,0,0.0
2026-01-19 02:00:00,1.16225,1.16235,1.16199,1.16223,589,8,0,0,0,0,0.0
2026-01-19 02:15:00,1.16221,1.16224,1.16155,1.162,428,8,0,0,0,0,0.0
2026-01-19 02:30:00,1.16198,1.16217,1.16173,1.16182,406,8,0,0,0,0,0.0
2026-01-19 02:45:00,1.16182,1.1619,1.16165,1.16174,313,8,0,0,0,0,0.0
2026-01-19 03:00:00,1.16175,1.16193,1.16158,1.16166,270,8,0,0,0,0,0.0
2026-01-19 03:15:00,1.16167,1.16226,1.16157,1.16216,371,8,0,0,0,0,0.0
2026-01-19 03:30:00,1.16215,1.16235,1.16191,1.16211,324,8,0,0,0,0,0.0
2026-01-19 03:45:00,1.16211,1.16258,1.16211,1.16242,254,8,0,0,0,0,0.0
2026-01-19 04:00:00,1.16242,1.16272,1.16242,1.16253,235,8,0,0,0,0,0.0
2026-01-19 04:15:00,1.16254,1.16299,1.16248,1.16292,277,8,0,0,0,0,0.0
2026-01-19 04:30:00,1.16292,1.1629800000000001,1.1627,1.16296,196,8,0,0,0,0,0.0
2026-01-19 04:45:00,1.16296,1.16334,1.16293,1.16326,427,8,0,0,0,0,0.0
2026-01-19 05:00:00,1.16328,1.16349,1.1632,1.16342,282,8,0,0,0,0,0.0
2026-01-19 05:15:00,1.16342,1.16371,1.1632500000000001,1.1636199999999999,292,8,0,0,0,0,0.0
2026-01-19 05:30:00,1.16361,1.16365,1.163,1.16312,333,8,0,0,0,0,0.0
2026-01-19 05:45:00,1.16312,1.16317,1.16265,1.16275,313,8,0,0,0,0,0.0
2026-01-19 06:00:00,1.16273,1.16305,1.1627,1.16286,310,8,0,0,0,0,0.0
2026-01-19 06:15:00,1.16286,1.1632,1.16271,1.16312,304,8,0,0,0,0,0.0
2026-01-19 06:30:00,1.1631,1.1631,1.16256,1.16256,386,8,0,0,0,0,0.0
2026-01-19 06:45:00,1.16255,1.16297,1.16246,1.16275,372,8,0,0,0,0,0.0
2026-01-19 07:00:00,1.16278,1.16413,1.1627,1.16395,853,8,0,1,0,1,14.0
2026-01-19 07:15:00,1.16393,1.16399,1.16324,1.16352,624,8,0,0,0,0,0.0
2026-01-19 07:30:00,1.1635,1.16351,1.16234,1.16251,674,8,0,0,0,0,0.0
2026-01-19 07:45:00,1.16252,1.16269,1.16227,1.16258,587,8,0,0,0,0,0.0
2026-01-19 08:00:00,1.16259,1.16276,1.16192,1.16211,689,8,0,0,0,0,0.0
2026-01-19 08:15:00,1.16212,1.16266,1.16192,1.16192,645,8,0,0,0,0,0.0
2026-01-19 08:30:00,1.16192,1.1625,1.16182,1.16235,524,8,0,0,0,0,0.0
2026-01-19 08:45:00,1.16235,1.16248,1.1621299999999999,1.16247,530,8,0,0,0,0,0.0
2026-01-19 09:00:00,1.16247,1.16294,1.1617,1.16173,620,8,0,0,0,0,0.0
2026-01-19 09:15:00,1.16173,1.16186,1.1610800000000001,1.16149,590,8,0,0,0,0,0.0
2026-01-19 09:30:00,1.16148,1.16241,1.16136,1.1623999999999999,507,8,0,0,0,0,0.0
2026-01-19 09:45:00,1.1623999999999999,1.16263,1.16223,1.16239,547,8,0,0,0,0,0.0
2026-01-19 10:00:00,1.1623999999999999,1.16281,1.16226,1.16276,443,8,0,0,0,0,0.0
2026-01-19 10:15:00,1.16276,1.16276,1.16226,1.16229,384,8,0,0,0,0,0.0
2026-01-19 10:30:00,1.16231,1.16247,1.16217,1.16226,340,8,0,0,0,0,0.0
2026-01-19 10:45:00,1.16226,1.1627399999999999,1.16215,1.16237,566,8,0,0,0,0,0.0
2026-01-19 11:00:00,1.16238,1.16252,1.16206,1.16228,401,8,0,0,0,0,0.0
2026-01-19 11:15:00,1.16228,1.16229,1.16198,1.16219,367,8,0,0,0,0,0.0
2026-01-19 11:30:00,1.16219,1.16249,1.16207,1.16241,319,8,0,0,0,0,0.0
2026-01-19 11:45:00,1.16241,1.16286,1.1623999999999999,1.16276,349,8,0,0,0,0,0.0
2026-01-19 12:00:00,1.16276,1.16292,1.16259,1.1629,394,8,0,0,0,0,0.0
2026-01-19 12:15:00,1.1629,1.16322,1.16284,1.16292,382,8,0,0,0,0,0.0
2026-01-19 12:30:00,1.16292,1.16329,1.16286,1.16316,401,8,0,0,0,0,0.0
2026-01-19 12:45:00,1.16314,1.16316,1.16246,1.16254,447,8,0,0,0,0,0.0
2026-01-19 13:00:00,1.16254,1.16312,1.16254,1.16299,502,8,0,0,0,0,0.0
2026-01-19 13:15:00,1.1630099999999999,1.16339,1.16295,1.16318,429,8,0,0,0,0,0.0
2026-01-19 13:30:00,1.16316,1.16349,1.16316,1.16331,484,8,0,0,0,0,0.0
2026-01-19 13:45:00,1.16331,1.1635,1.16297,1.16317,424,8,0,0,0,0,0.0
2026-01-19 14:00:00,1.16314,1.16342,1.16303,1.16309,434,8,0,0,0,0,0.0
2026-01-19 14:15:00,1.16309,1.16351,1.16299,1.16348,362,8,0,0,0,0,0.0
2026-01-19 14:30:00,1.16347,1.1637,1.16323,1.1636199999999999,432,8,0,0,0,0,0.0
2026-01-19 14:45:00,1.16361,1.16422,1.16352,1.16393,597,8,0,1,0,1,14.0
2026-01-19 15:00:00,1.16394,1.16431,1.16373,1.16373,646,8,0,0,0,0,0.0
2026-01-19 15:15:00,1.16373,1.16394,1.16347,1.16354,443,8,0,0,0,0,0.0
2026-01-19 15:30:00,1.16356,1.16366,1.16333,1.16339,475,8,0,0,0,0,0.0
2026-01-19 15:45:00,1.16339,1.16411,1.16315,1.16394,648,8,0,1,0,1,14.0
2026-01-19 16:00:00,1.16394,1.16435,1.16372,1.16433,450,8,0,1,0,1,14.0
2026-01-19 16:15:00,1.16433,1.16455,1.16413,1.16454,354,8,0,1,0,1,14.0
2026-01-19 16:30:00,1.16453,1.16469,1.16412,1.16433,321,8,0,1,0,1,14.0
2026-01-19 16:45:00,1.16433,1.1646,1.16415,1.16417,268,8,0,1,0,1,14.0
2026-01-19 17:00:00,1.16418,1.1643,1.16403,1.16424,252,8,0,1,0,1,14.0
2026-01-19 17:15:00,1.16425,1.16425,1.16394,1.16406,311,8,0,1,0,1,14.0
2026-01-19 17:30:00,1.16406,1.1645,1.16406,1.16448,182,8,0,1,0,1,14.0
2026-01-19 17:45:00,1.16448,1.16465,1.16425,1.1645699999999999,252,8,0,0,0,0,0.0
2026-01-19 18:00:00,1.16456,1.16482,1.16452,1.16477,238,8,0,0,0,0,0.0
2026-01-19 18:15:00,1.16477,1.1648399999999999,1.16466,1.1647,150,8,0,0,0,0,0.0
2026-01-19 18:30:00,1.16469,1.16478,1.16449,1.1645,148,8,0,1,0,1,14.0
2026-01-19 18:45:00,1.1645,1.16451,1.16429,1.1643,116,8,0,1,0,1,14.0
2026-01-19 19:00:00,1.1643,1.16463,1.16424,1.16462,151,8,0,0,0,0,0.0
2026-01-19 19:15:00,1.16462,1.16464,1.16449,1.16461,89,8,0,0,0,0,0.0
2026-01-19 19:30:00,1.16461,1.16461,1.16428,1.16437,103,8,0,1,0,1,14.0
2026-01-19 19:45:00,1.16437,1.16442,1.1642299999999999,1.16428,143,8,0,1,0,1,14.0
2026-01-19 20:00:00,1.16428,1.16442,1.16415,1.16421,149,8,0,1,0,1,14.0
2026-01-19 20:15:00,1.16421,1.16427,1.16415,1.16425,80,8,0,1,0,1,14.0
2026-01-19 20:30:00,1.16425,1.16442,1.16425,1.16435,96,8,0,1,0,1,14.0
2026-01-19 20:45:00,1.16435,1.16449,1.16426,1.16449,109,8,0,1,0,1,14.0
2026-01-19 21:00:00,1.16449,1.16452,1.16437,1.16443,93,8,0,1,0,1,14.0
2026-01-19 21:15:00,1.16443,1.16446,1.16427,1.1643,85,8,0,1,0,1,14.0
2026-01-19 21:30:00,1.1643,1.1646,1.16426,1.16459,125,8,0,0,0,0,0.0
2026-01-19 21:45:00,1.16459,1.1646,1.16437,1.1644,132,8,0,1,0,1,14.0
2026-01-19 22:00:00,1.1644,1.16453,1.1642299999999999,1.16448,92,20,0,1,0,1,14.0
2026-01-19 22:15:00,1.16449,1.16449,1.16435,1.16438,71,20,0,1,0,1,14.0
2026-01-19 22:30:00,1.16437,1.16442,1.1643,1.16442,90,48,0,1,0,1,14.0
2026-01-19 22:45:00,1.16442,1.16459,1.16438,1.16448,68,20,0,1,0,1,14.0
2026-01-19 23:00:00,1.16454,1.16463,1.16416,1.16418,198,8,0,1,0,1,14.0
2026-01-19 23:15:00,1.1642000000000001,1.16421,1.16395,1.16399,110,8,0,1,0,1,14.0
2026-01-19 23:30:00,1.16399,1.16412,1.16381,1.16389,168,8,0,1,0,1,14.0
2026-01-19 23:45:00,1.16389,1.16402,1.16382,1.1639,118,8,0,1,0,1,14.0
2026-01-20 00:00:00,1.16392,1.16394,1.16357,1.1636199999999999,213,8,0,0,0,0,0.0
2026-01-20 00:15:00,1.1636199999999999,1.16379,1.16356,1.16358,195,8,0,0,0,0,0.0
2026-01-20 00:30:00,1.16358,1.1636199999999999,1.16323,1.16336,226,8,0,0,0,0,0.0
2026-01-20 00:45:00,1.16336,1.16406,1.1632500000000001,1.16398,467,8,0,1,0,1,14.0
2026-01-20 01:00:00,1.16399,1.1643,1.16391,1.16414,562,8,0,1,0,1,14.0
2026-01-20 01:15:00,1.16414,1.1642000000000001,1.16391,1.16406,346,8,0,1,0,1,14.0
2026-01-20 01:30:00,1.16405,1.1641,1.1638600000000001,1.16392,317,8,0,1,0,1,14.0
2026-01-20 01:45:00,1.16392,1.16435,1.16385,1.16432,327,8,0,1,0,1,14.0
2026-01-20 02:00:00,1.16433,1.16442,1.16404,1.16409,260,8,0,1,0,1,14.0
2026-01-20 02:15:00,1.16409,1.1644,1.16401,1.16438,272,8,0,1,0,1,14.0
2026-01-20 02:30:00,1.16438,1.16461,1.16427,1.16459,259,8,0,0,0,0,0.0
2026-01-20 02:45:00,1.1646,1.1646,1.16436,1.16439,236,8,0,1,0,1,14.0
2026-01-20 03:00:00,1.16438,1.16466,1.16435,1.16466,222,8,0,0,0,0,0.0
2026-01-20 03:15:00,1.16466,1.16553,1.16464,1.16549,402,8,0,0,1,1,9.0
2026-01-20 03:30:00,1.16549,1.16582,1.16544,1.16556,368,8,0,0,1,1,9.0
2026-01-20 03:45:00,1.16556,1.16584,1.16551,1.1656,234,8,0,0,1,1,9.0
2026-01-20 04:00:00,1.1656,1.16587,1.16556,1.1658,223,8,0,0,1,1,9.0
2026-01-20 04:15:00,1.1658,1.16621,1.16572,1.16618,277,8,0,0,0,0,0.0
2026-01-20 04:30:00,1.16619,1.16636,1.16608,1.1661,318,8,0,0,1,1,9.0
2026-01-20 04:45:00,1.1661,1.1666400000000001,1.16583,1.16651,346,8,0,0,0,0,0.0
2026-01-20 05:00:00,1.16651,1.16721,1.16646,1.16708,357,8,0,0,0,0,0.0
2026-01-20 05:15:00,1.16709,1.16709,1.16656,1.16661,387,8,0,0,0,0,0.0
2026-01-20 05:30:00,1.16661,1.16669,1.16639,1.16645,289,8,0,0,0,0,0.0
2026-01-20 05:45:00,1.16645,1.16652,1.16626,1.1663000000000001,307,8,0,0,0,0,0.0
2026-01-20 06:00:00,1.16631,1.1666400000000001,1.16619,1.1665,320,8,0,0,0,0,0.0
2026-01-20 06:15:00,1.1665,1.1667399999999999,1.1662,1.1663000000000001,467,8,0,0,0,0,0.0
2026-01-20 06:30:00,1.16628,1.16673,1.16628,1.16648,435,8,0,0,0,0,0.0
2026-01-20 06:45:00,1.16648,1.16686,1.16627,1.16681,395,8,0,0,0,0,0.0
2026-01-20 07:00:00,1.1668,1.16684,1.16637,1.16668,558,8,0,0,0,0,0.0
2026-01-20 07:15:00,1.16667,1.16787,1.16667,1.16754,667,8,0,0,0,0,0.0
2026-01-20 07:30:00,1.16753,1.16934,1.16751,1.16916,951,8,0,0,0,0,0.0
2026-01-20 07:45:00,1.16916,1.16916,1.1686,1.16885,1026,8,0,0,0,0,0.0
2026-01-20 08:00:00,1.16887,1.16996,1.16867,1.16993,1058,8,0,0,1,1,12.0
2026-01-20 08:15:00,1.16993,1.17016,1.16922,1.1696,921,8,0,0,0,0,0.0
2026-01-20 08:30:00,1.16958,1.17145,1.16958,1.1708,1524,8,0,0,0,0,0.0
2026-01-20 08:45:00,1.1708,1.17215,1.1708,1.17161,1312,8,0,1,0,1,21.0
2026-01-20 09:00:00,1.17161,1.17282,1.17161,1.17187,1302,8,0,1,0,1,21.0
2026-01-20 09:15:00,1.17185,1.17245,1.17154,1.17243,1071,8,0,0,0,0,0.0
2026-01-20 09:30:00,1.17245,1.17324,1.17244,1.1727400000000001,846,8,0,0,0,0,0.0
2026-01-20 09:45:00,1.17272,1.17272,1.17221,1.17254,729,8,0,0,0,0,0.0
2026-01-20 10:00:00,1.17258,1.17304,1.17181,1.1719,1098,8,0,1,0,1,21.0
2026-01-20 10:15:00,1.17191,1.17203,1.17151,1.17182,1008,8,0,1,0,1,21.0
2026-01-20 10:30:00,1.17182,1.17269,1.17171,1.17249,700,8,0,0,0,0,0.0
2026-01-20 10:45:00,1.17249,1.17316,1.17226,1.17304,648,8,0,0,0,0,0.0
2026-01-20 11:00:00,1.17306,1.17321,1.17231,1.17241,703,8,0,0,0,0,0.0
2026-01-20 11:15:00,1.17241,1.17298,1.17219,1.1726,650,8,0,0,0,0,0.0
2026-01-20 11:30:00,1.1726,1.17368,1.17249,1.17355,617,8,0,0,0,0,0.0
2026-01-20 11:45:00,1.17353,1.17387,1.1733500000000001,1.17344,650,8,0,0,0,0,0.0
2026-01-20 12:00:00,1.17342,1.17393,1.17302,1.17379,545,8,0,0,1,1,21.0
2026-01-20 12:15:00,1.17379,1.17433,1.17375,1.17418,622,8,0,0,1,1,21.0
2026-01-20 12:30:00,1.17419,1.17423,1.17342,1.17355,700,8,0,0,0,0,0.0
2026-01-20 12:45:00,1.17355,1.1736,1.17252,1.17255,787,8,0,0,0,0,0.0
2026-01-20 13:00:00,1.17256,1.17301,1.17246,1.17279,677,8,0,0,0,0,0.0
2026-01-20 13:15:00,1.17279,1.17328,1.17182,1.17216,990,8,0,0,0,0,0.0
2026-01-20 13:30:00,1.17217,1.17692,1.1718,1.17353,4488,8,0,0,0,0,0.0
2026-01-20 13:45:00,1.17353,1.17454,1.17327,1.17329,2044,8,0,0,0,0,0.0
2026-01-20 14:00:00,1.17329,1.17367,1.17207,1.17241,1749,8,0,0,0,0,0.0
2026-01-20 14:15:00,1.17241,1.17331,1.17233,1.1726,1209,8,0,0,0,0,0.0
2026-01-20 14:30:00,1.17262,1.17268,1.1715,1.17198,1373,8,0,1,0,1,21.0
2026-01-20 14:45:00,1.17196,1.17251,1.17168,1.17191,1150,8,0,1,0,1,21.0
2026-01-20 15:00:00,1.17192,1.17299,1.17159,1.17232,1221,8,0,0,0,0,0.0
2026-01-20 15:15:00,1.17233,1.17282,1.17207,1.17232,1046,8,0,0,0,0,0.0
2026-01-20 15:30:00,1.17232,1.17323,1.17222,1.17293,906,8,0,0,0,0,0.0
2026-01-20 15:45:00,1.17293,1.1736900000000001,1.17253,1.17268,1038,8,0,0,0,0,0.0
2026-01-20 16:00:00,1.17267,1.1736900000000001,1.17267,1.17334,804,8,0,0,0,0,0.0
2026-01-20 16:15:00,1.17334,1.17359,1.17302,1.17329,811,8,0,0,0,0,0.0
2026-01-20 16:30:00,1.17328,1.1734,1.17266,1.17323,851,8,0,0,0,0,0.0
2026-01-20 16:45:00,1.17323,1.1739,1.17295,1.17384,740,8,0,0,1,1,21.0
2026-01-20 17:00:00,1.17383,1.17422,1.17362,1.17393,682,8,0,0,1,1,21.0
2026-01-20 17:15:00,1.1739,1.17407,1.17316,1.1733,669,8,0,0,0,0,0.0
2026-01-20 17:30:00,1.17329,1.17366,1.17299,1.17324,640,8,0,0,0,0,0.0
2026-01-20 17:45:00,1.17325,1.17343,1.17293,1.17311,466,8,0,0,0,0,0.0
2026-01-20 18:00:00,1.1731,1.17337,1.17286,1.17305,476,8,0,0,0,0,0.0
2026-01-20 18:15:00,1.17306,1.17337,1.17303,1.17307,355,8,0,0,0,0,0.0
2026-01-20 18:30:00,1.1730800000000001,1.17322,1.17289,1.17307,344,8,0,0,0,0,0.0
2026-01-20 18:45:00,1.17307,1.17331,1.17261,1.17263,455,8,0,0,0,0,0.0
2026-01-20 19:00:00,1.17264,1.17279,1.172,1.17216,556,8,0,0,0,0,0.0
2026-01-20 19:15:00,1.17216,1.17249,1.17201,1.1722,387,8,0,0,0,0,0.0
2026-01-20 19:30:00,1.1722,1.17226,1.17156,1.17163,456,8,0,1,0,1,21.0
2026-01-20 19:45:00,1.17163,1.17183,1.17111,1.17118,592,8,0,0,0,0,0.0
2026-01-20 20:00:00,1.17118,1.17188,1.17105,1.1715,535,8,0,1,0,1,21.0
2026-01-20 20:15:00,1.17148,1.1719,1.17118,1.1718899999999999,584,8,0,1,0,1,21.0
2026-01-20 20:30:00,1.17191,1.17201,1.17153,1.17188,510,8,0,1,0,1,21.0
2026-01-20 20:45:00,1.17188,1.17199,1.17167,1.17191,422,8,0,1,0,1,21.0
2026-01-20 21:00:00,1.1718899999999999,1.1723,1.17171,1.17222,217,8,0,0,0,0,0.0
2026-01-20 21:15:00,1.1722299999999999,1.17237,1.17217,1.17229,160,8,0,0,0,0,0.0
2026-01-20 21:30:00,1.17231,1.1724700000000001,1.17214,1.17221,137,8,0,0,0,0,0.0
2026-01-20 21:45:00,1.17221,1.17261,1.17216,1.17252,186,8,0,0,0,0,0.0
2026-01-20 22:00:00,1.17248,1.17254,1.17206,1.17208,99,20,0,0,0,0,0.0
2026-01-20 22:15:00,1.17209,1.17224,1.17199,1.1722299999999999,103,58,0,0,0,0,0.0
2026-01-20 22:30:00,1.17224,1.17238,1.17215,1.1723,182,48,0,0,0,0,0.0
2026-01-20 22:45:00,1.1723,1.1724999999999999,1.17203,1.17218,114,20,0,0,0,0,0.0
2026-01-20 23:00:00,1.17224,1.17244,1.17214,1.17216,245,8,0,0,0,0,0.0
2026-01-20 23:15:00,1.17217,1.17242,1.17215,1.17241,118,8,0,0,0,0,0.0
2026-01-20 23:30:00,1.17241,1.17254,1.17232,1.1724999999999999,117,8,0,0,0,0,0.0
2026-01-20 23:45:00,1.1724999999999999,1.1728399999999999,1.1724999999999999,1.17269,238,8,0,0,0,0,0.0
2026-01-21 00:00:00,1.17267,1.17267,1.17216,1.17233,331,8,0,0,0,0,0.0
2026-01-21 00:15:00,1.17233,1.17234,1.17184,1.17198,312,8,0,1,0,1,21.0
2026-01-21 00:30:00,1.17198,1.1721,1.17178,1.17182,185,8,0,1,0,1,21.0
2026-01-21 00:45:00,1.17182,1.17233,1.17163,1.17233,382,8,0,0,0,0,0.0
2026-01-21 01:00:00,1.17235,1.17263,1.1722299999999999,1.1724999999999999,427,8,0,0,0,0,0.0
2026-01-21 01:15:00,1.17248,1.17316,1.17231,1.17314,472,8,0,0,0,0,0.0
2026-01-21 01:30:00,1.17315,1.17339,1.17307,1.17327,392,8,0,0,0,0,0.0
2026-01-21 01:45:00,1.17327,1.17336,1.17276,1.17287,436,8,0,0,0,0,0.0
2026-01-21 02:00:00,1.17287,1.17296,1.17259,1.17281,344,8,0,0,0,0,0.0
2026-01-21 02:15:00,1.17282,1.17289,1.17244,1.17246,283,8,0,0,0,0,0.0
2026-01-21 02:30:00,1.17246,1.17313,1.17239,1.17289,319,8,0,0,0,0,0.0
2026-01-21 02:45:00,1.17287,1.17294,1.17256,1.17261,268,8,0,0,0,0,0.0
2026-01-21 03:00:00,1.17261,1.17287,1.17203,1.1721300000000001,330,8,0,0,0,0,0.0
2026-01-21 03:15:00,1.1721300000000001,1.17218,1.1711,1.17117,714,8,0,0,0,0,0.0
2026-01-21 03:30:00,1.17117,1.17154,1.171,1.17145,464,8,0,1,0,1,21.0
2026-01-21 03:45:00,1.17145,1.1718600000000001,1.17141,1.17184,265,8,0,1,0,1,21.0
2026-01-21 04:00:00,1.17184,1.17193,1.17136,1.17142,318,8,0,1,0,1,21.0
2026-01-21 04:15:00,1.17142,1.17167,1.17141,1.17146,240,8,0,1,0,1,21.0
2026-01-21 04:30:00,1.17146,1.17175,1.17137,1.17167,238,8,0,1,0,1,21.0
2026-01-21 04:45:00,1.17168,1.17202,1.17153,1.17178,323,8,0,1,0,1,21.0
2026-01-21 05:00:00,1.17177,1.17212,1.17174,1.17201,272,8,0,1,0,1,21.0
2026-01-21 05:15:00,1.17201,1.17208,1.17185,1.17187,272,8,0,1,0,1,21.0
2026-01-21 05:30:00,1.1718600000000001,1.17192,1.17164,1.17166,273,8,0,1,0,1,21.0
2026-01-21 05:45:00,1.17167,1.17178,1.17153,1.17172,227,8,0,1,0,1,21.0
2026-01-21 06:00:00,1.17172,1.172,1.17151,1.17187,315,8,0,1,0,1,21.0
2026-01-21 06:15:00,1.1718600000000001,1.17203,1.17183,1.17199,290,8,0,1,0,1,21.0
2026-01-21 06:30:00,1.172,1.17238,1.1718899999999999,1.1722,330,8,0,0,0,0,0.0
2026-01-21 06:45:00,1.17221,1.17246,1.17208,1.17232,309,8,0,0,0,0,0.0
2026-01-21 07:00:00,1.1723,1.17232,1.17134,1.1714,640,8,0,1,0,1,21.0
2026-01-21 07:15:00,1.1714,1.17251,1.1714,1.17232,616,8,0,0,0,0,0.0
2026-01-21 07:30:00,1.17232,1.17234,1.17096,1.17133,719,8,0,0,0,0,0.0
2026-01-21 07:45:00,1.17131,1.17194,1.17122,1.17165,728,8,0,1,0,1,21.0
2026-01-21 08:00:00,1.17167,1.17184,1.17095,1.17118,788,8,0,0,0,0,0.0
2026-01-21 08:15:00,1.17118,1.17141,1.17069,1.17083,700,8,0,0,0,0,0.0
2026-01-21 08:30:00,1.17083,1.17105,1.17046,1.17089,629,8,0,0,0,0,0.0
2026-01-21 08:45:00,1.17089,1.17121,1.17076,1.17097,448,8,0,0,0,0,0.0
2026-01-21 09:00:00,1.17097,1.17117,1.17078,1.17086,539,8,0,0,0,0,0.0
2026-01-21 09:15:00,1.17086,1.1712500000000001,1.17076,1.17112,464,8,0,0,0,0,0.0
2026-01-21 09:30:00,1.17112,1.17112,1.17042,1.17056,458,8,0,0,1,1,12.0
2026-01-21 09:45:00,1.17056,1.17064,1.1701,1.17033,482,8,0,0,1,1,12.0
2026-01-21 10:00:00,1.17033,1.17082,1.17022,1.17057,564,8,0,0,1,1,12.0
2026-01-21 10:15:00,1.17057,1.17076,1.17038,1.17042,537,8,0,0,1,1,12.0
2026-01-21 10:30:00,1.17042,1.17082,1.17009,1.17073,451,8,0,0,0,0,0.0
2026-01-21 10:45:00,1.17072,1.17081,1.17052,1.17066,436,8,0,0,0,0,0.0
2026-01-21 11:00:00,1.17066,1.17085,1.17043,1.17052,521,8,0,0,1,1,12.0
2026-01-21 11:15:00,1.17053,1.17159,1.17034,1.17122,533,8,0,0,0,0,0.0
2026-01-21 11:30:00,1.1712,1.17165,1.17109,1.1714,522,8,0,1,0,1,21.0
2026-01-21 11:45:00,1.1714,1.172,1.17117,1.17138,626,8,0,1,0,1,21.0
2026-01-21 12:00:00,1.17139,1.1721300000000001,1.17115,1.17201,590,8,0,1,0,1,21.0
2026-01-21 12:15:00,1.17202,1.17242,1.1718600000000001,1.17242,498,8,0,0,0,0,0.0
2026-01-21 12:30:00,1.17241,1.17313,1.17237,1.173,560,8,0,0,0,0,0.0
2026-01-21 12:45:00,1.17301,1.17355,1.17298,1.17343,496,8,0,0,0,0,0.0
2026-01-21 13:00:00,1.1734499999999999,1.17394,1.17318,1.17354,632,8,0,0,0,0,0.0
2026-01-21 13:15:00,1.17355,1.17365,1.17282,1.17306,606,8,0,0,0,0,0.0
2026-01-21 13:30:00,1.17306,1.1735,1.1728399999999999,1.17347,570,8,0,0,0,0,0.0
2026-01-21 13:45:00,1.17349,1.17427,1.17315,1.17392,1019,8,0,0,1,1,21.0
2026-01-21 14:00:00,1.17391,1.17403,1.1715,1.17241,3066,8,0,0,0,0,0.0
2026-01-21 14:15:00,1.1724,1.17278,1.1715200000000001,1.17236,1848,8,0,0,0,0,0.0
2026-01-21 14:30:00,1.17237,1.17282,1.17222,1.17259,1292,8,0,0,0,0,0.0
2026-01-21 14:45:00,1.17259,1.17295,1.17203,1.17246,1139,8,0,0,0,0,0.0
2026-01-21 15:00:00,1.17243,1.17283,1.17198,1.172,1123,8,0,1,0,1,21.0
2026-01-21 15:15:00,1.17202,1.17227,1.17042,1.17083,1335,8,0,0,0,0,0.0
2026-01-21 15:30:00,1.17083,1.17155,1.17066,1.17132,1099,8,0,0,0,0,0.0
2026-01-21 15:45:00,1.17132,1.17144,1.17003,1.17016,1085,8,0,0,1,1,12.0
2026-01-21 16:00:00,1.17016,1.17082,1.17012,1.17078,822,8,0,0,0,0,0.0
2026-01-21 16:15:00,1.17079,1.1709,1.16943,1.17023,865,8,0,0,1,1,12.0
2026-01-21 16:30:00,1.17022,1.17104,1.1701,1.17019,1003,8,0,0,1,1,12.0
2026-01-21 16:45:00,1.17018,1.17071,1.16964,1.1703000000000001,1579,8,0,0,1,1,12.0
2026-01-21 17:00:00,1.17033,1.17093,1.17008,1.1709,851,8,0,0,0,0,0.0
2026-01-21 17:15:00,1.17092,1.17111,1.17071,1.17073,613,8,0,0,0,0,0.0
2026-01-21 17:30:00,1.17073,1.17073,1.16965,1.16983,775,8,0,0,0,0,0.0
2026-01-21 17:45:00,1.16983,1.17035,1.16967,1.17026,601,8,0,0,1,1,12.0
2026-01-21 18:00:00,1.17025,1.17032,1.16978,1.16989,564,8,0,0,1,1,12.0
2026-01-21 18:15:00,1.16989,1.1700599999999999,1.16965,1.16993,415,8,0,0,1,1,12.0
2026-01-21 18:30:00,1.16992,1.17015,1.16932,1.16965,528,8,0,0,0,0,0.0
2026-01-21 18:45:00,1.16965,1.16996,1.16955,1.16966,374,8,0,0,0,0,0.0
2026-01-21 19:00:00,1.16967,1.16978,1.16943,1.16971,383,8,0,0,0,0,0.0
2026-01-21 19:15:00,1.1697,1.1705,1.16797,1.16856,1779,8,0,1,0,1,14.0
2026-01-21 19:30:00,1.16855,1.1687,1.16767,1.168,1966,8,0,0,0,0,0.0
2026-01-21 19:45:00,1.16799,1.16914,1.16779,1.1691,892,8,0,0,0,0,0.0
2026-01-21 20:00:00,1.16912,1.16917,1.16832,1.16841,694,8,0,1,0,1,14.0
2026-01-21 20:15:00,1.16841,1.16868,1.1676,1.16797,723,8,0,0,0,0,0.0
2026-01-21 20:30:00,1.1679599999999999,1.16852,1.1679599999999999,1.16843,586,8,0,1,0,1,14.0
2026-01-21 20:45:00,1.16844,1.16892,1.16837,1.16864,491,8,0,1,0,1,14.0
2026-01-21 21:00:00,1.16866,1.1687,1.1684,1.16856,226,8,0,1,0,1,14.0
2026-01-21 21:15:00,1.16856,1.16871,1.16835,1.16837,253,8,0,1,0,1,14.0
2026-01-21 21:30:00,1.16839,1.1689,1.16839,1.1688,156,8,0,0,0,0,0.0
2026-01-21 21:45:00,1.1688,1.1689,1.16848,1.16848,206,8,0,1,0,1,14.0
2026-01-21 22:00:00,1.16842,1.16846,1.16819,1.1682,84,48,0,1,0,1,14.0
2026-01-21 22:15:00,1.16827,1.16846,1.16822,1.16846,98,48,0,1,0,1,14.0
2026-01-21 22:30:00,1.16845,1.16849,1.16837,1.16848,122,48,0,1,0,1,14.0
2026-01-21 22:45:00,1.16849,1.16855,1.16836,1.16855,102,8,0,1,0,1,14.0
2026-01-21 23:00:00,1.16854,1.16854,1.16802,1.16804,214,8,0,0,0,0,0.0
2026-01-21 23:15:00,1.16804,1.1681300000000001,1.16764,1.16765,171,8,0,0,0,0,0.0
2026-01-21 23:30:00,1.16765,1.16766,1.16694,1.16745,427,8,0,0,0,0,0.0
2026-01-21 23:45:00,1.16745,1.16751,1.16714,1.16727,191,8,0,0,0,0,0.0
2026-01-22 00:00:00,1.16726,1.1679,1.16724,1.1678,346,8,0,0,0,0,0.0
2026-01-22 00:15:00,1.1678,1.16794,1.16757,1.16775,254,8,0,0,0,0,0.0
2026-01-22 00:30:00,1.16777,1.16871,1.16777,1.16855,691,8,0,1,0,1,14.0
2026-01-22 00:45:00,1.16855,1.16894,1.16841,1.16868,445,8,0,1,0,1,14.0
2026-01-22 01:00:00,1.16868,1.16871,1.16819,1.16835,480,8,0,1,0,1,14.0
2026-01-22 01:15:00,1.16835,1.1685,1.16808,1.1685,405,8,0,1,0,1,14.0
2026-01-22 01:30:00,1.1685,1.16864,1.16837,1.16859,365,8,0,1,0,1,14.0
2026-01-22 01:45:00,1.1685699999999999,1.16898,1.16851,1.16885,385,8,0,0,0,0,0.0
2026-01-22 02:00:00,1.16885,1.16932,1.16876,1.16912,328,8,0,0,0,0,0.0
2026-01-22 02:15:00,1.16912,1.16914,1.1684,1.16851,305,8,0,1,0,1,14.0
2026-01-22 02:30:00,1.16851,1.1687,1.1683,1.1685,308,8,0,1,0,1,14.0
2026-01-22 02:45:00,1.1685,1.1687,1.16837,1.16853,303,8,0,1,0,1,14.0
2026-01-22 03:00:00,1.16853,1.16868,1.16846,1.16865,244,8,0,1,0,1,14.0
2026-01-22 03:15:00,1.16865,1.16881,1.16853,1.16876,201,8,0,1,0,1,14.0
2026-01-22 03:30:00,1.16877,1.16878,1.16854,1.16864,195,8,0,1,0,1,14.0
2026-01-22 03:45:00,1.16864,1.16899,1.16858,1.16887,237,8,0,0,0,0,0.0
2026-01-22 04:00:00,1.16886,1.16966,1.16885,1.1696,308,8,0,0,0,0,0.0
2026-01-22 04:15:00,1.16961,1.1696900000000001,1.1693500000000001,1.16941,244,8,0,0,0,0,0.0
2026-01-22 04:30:00,1.16941,1.16942,1.16904,1.16906,214,8,0,0,0,0,0.0
2026-01-22 04:45:00,1.16906,1.16923,1.16896,1.16912,156,8,0,0,0,0,0.0
2026-01-22 05:00:00,1.1691,1.16916,1.16894,1.16915,218,8,0,0,0,0,0.0
2026-01-22 05:15:00,1.16915,1.16917,1.16873,1.1688,251,8,0,0,0,0,0.0
2026-01-22 05:30:00,1.1688,1.16892,1.16865,1.16867,175,8,0,1,0,1,14.0
2026-01-22 05:45:00,1.16867,1.16887,1.1684,1.1688,316,8,0,0,0,0,0.0
2026-01-22 06:00:00,1.1688,1.16901,1.16844,1.16867,372,8,0,1,0,1,14.0
2026-01-22 06:15:00,1.16867,1.1690800000000001,1.16864,1.16898,358,8,0,0,0,0,0.0
2026-01-22 06:30:00,1.16897,1.16916,1.16864,1.16864,353,8,0,1,0,1,14.0
2026-01-22 06:45:00,1.16864,1.16892,1.16838,1.1688,348,8,0,0,0,0,0.0
2026-01-22 07:00:00,1.1688,1.16888,1.16845,1.16848,530,8,0,1,0,1,14.0
2026-01-22 07:15:00,1.1685,1.16909,1.16843,1.16887,514,8,0,0,0,0,0.0
2026-01-22 07:30:00,1.16887,1.16927,1.16865,1.16896,535,8,0,0,0,0,0.0
2026-01-22 07:45:00,1.16896,1.16956,1.16893,1.16903,623,8,0,0,0,0,0.0
2026-01-22 08:00:00,1.16902,1.16921,1.16858,1.16862,641,8,0,1,0,1,14.0
2026-01-22 08:15:00,1.16861,1.16947,1.16861,1.16897,755,8,0,0,0,0,0.0
2026-01-22 08:30:00,1.16895,1.16907,1.16837,1.16861,589,8,0,1,0,1,14.0
2026-01-22 08:45:00,1.16861,1.16898,1.16842,1.16885,501,8,0,0,0,0,0.0
2026-01-22 09:00:00,1.16887,1.16916,1.16872,1.16897,524,8,0,0,0,0,0.0
2026-01-22 09:15:00,1.16898,1.16971,1.16879,1.16925,569,8,0,0,0,0,0.0
2026-01-22 09:30:00,1.16926,1.16949,1.16893,1.1693,510,8,0,0,0,0,0.0
2026-01-22 09:45:00,1.1693,1.16953,1.169,1.16925,540,8,0,0,0,0,0.0
2026-01-22 10:00:00,1.16923,1.16951,1.16876,1.16879,439,8,0,0,0,0,0.0
2026-01-22 10:15:00,1.16879,1.16887,1.16863,1.16875,389,8,0,1,0,1,14.0
2026-01-22 10:30:00,1.1687400000000001,1.16938,1.16872,1.16909,364,8,0,0,0,0,0.0
2026-01-22 10:45:00,1.16909,1.16949,1.16864,1.16948,460,8,0,0,0,0,0.0
2026-01-22 11:00:00,1.16948,1.16982,1.16919,1.16936,524,8,0,0,0,0,0.0
2026-01-22 11:15:00,1.16939,1.16992,1.169,1.16973,920,8,0,0,0,0,0.0
2026-01-22 11:30:00,1.16975,1.17022,1.16962,1.17013,868,8,0,0,1,1,12.0
2026-01-22 11:45:00,1.17013,1.17037,1.17005,1.17017,545,8,0,0,1,1,12.0
2026-01-22 12:00:00,1.17016,1.17042,1.17008,1.17035,428,8,0,0,1,1,12.0
2026-01-22 12:15:00,1.17035,1.17086,1.17031,1.17063,419,8,0,0,0,0,0.0
2026-01-22 12:30:00,1.17062,1.17072,1.17016,1.1703000000000001,592,8,0,0,1,1,12.0
2026-01-22 12:45:00,1.17029,1.17049,1.16997,1.17033,484,8,0,0,1,1,12.0
2026-01-22 13:00:00,1.17032,1.17113,1.17024,1.17087,560,8,0,0,0,0,0.0
2026-01-22 13:15:00,1.17086,1.17182,1.17086,1.1713,751,8,0,0,0,0,0.0
2026-01-22 13:30:00,1.17129,1.17173,1.17066,1.17138,1224,8,0,1,0,1,21.0
2026-01-22 13:45:00,1.17139,1.17143,1.17097,1.17135,750,8,0,1,0,1,21.0
2026-01-22 14:00:00,1.17137,1.17187,1.17131,1.17137,686,8,0,1,0,1,21.0
2026-01-22 14:15:00,1.17138,1.1716199999999999,1.17103,1.17138,796,8,0,1,0,1,21.0
2026-01-22 14:30:00,1.17138,1.17252,1.17135,1.17206,1079,8,0,0,0,0,0.0
2026-01-22 14:45:00,1.17208,1.17238,1.17182,1.17195,971,8,0,1,0,1,21.0
2026-01-22 15:00:00,1.17199,1.17264,1.1718,1.17255,894,8,0,0,0,0,0.0
2026-01-22 15:15:00,1.17256,1.17293,1.1724700000000001,1.17278,791,8,0,0,0,0,0.0
2026-01-22 15:30:00,1.17278,1.17319,1.17237,1.17313,748,8,0,0,0,0,0.0
2026-01-22 15:45:00,1.17311,1.17336,1.1727400000000001,1.17336,801,8,0,0,0,0,0.0
2026-01-22 16:00:00,1.17336,1.1745700000000001,1.17329,1.17448,802,8,0,0,1,1,21.0
2026-01-22 16:15:00,1.1745,1.1750099999999999,1.17413,1.17414,806,8,0,0,1,1,21.0
2026-01-22 16:30:00,1.17414,1.17459,1.17392,1.17416,827,8,0,0,1,1,21.0
2026-01-22 16:45:00,1.17417,1.17443,1.17383,1.17383,598,8,0,0,1,1,21.0
2026-01-22 17:00:00,1.17381,1.17402,1.17263,1.17376,1253,8,0,0,0,0,0.0
2026-01-22 17:15:00,1.17377,1.17417,1.17336,1.1741,691,8,0,0,1,1,21.0
2026-01-22 17:30:00,1.1741,1.17475,1.17394,1.17473,491,8,0,0,0,0,0.0
2026-01-22 17:45:00,1.17473,1.17475,1.17452,1.17465,436,8,0,0,0,0,0.0
2026-01-22 18:00:00,1.17463,1.17465,1.17427,1.1745,476,8,0,0,0,0,0.0
2026-01-22 18:15:00,1.17449,1.17483,1.17445,1.17455,332,8,0,0,0,0,0.0
2026-01-22 18:30:00,1.17453,1.17476,1.1745,1.1745700000000001,268,8,0,0,0,0,0.0
2026-01-22 18:45:00,1.1745700000000001,1.17479,1.17452,1.1747,270,8,0,0,0,0,0.0
2026-01-22 19:00:00,1.1747,1.17477,1.17429,1.17434,352,8,0,0,1,1,21.0
2026-01-22 19:15:00,1.17434,1.17438,1.17418,1.17427,304,8,0,0,1,1,21.0
2026-01-22 19:30:00,1.17426,1.17442,1.17409,1.17427,364,8,0,0,1,1,21.0
2026-01-22 19:45:00,1.17427,1.17446,1.17416,1.17436,316,8,0,0,1,1,21.0
2026-01-22 20:00:00,1.17436,1.17466,1.17415,1.17466,277,8,0,0,0,0,0.0
2026-01-22 20:15:00,1.1746699999999999,1.17481,1.17459,1.17466,290,8,0,0,0,0,0.0
2026-01-22 20:30:00,1.17466,1.17506,1.17454,1.17503,322,8,0,0,0,0,0.0
2026-01-22 20:45:00,1.17502,1.17524,1.17472,1.17487,361,8,0,0,0,0,0.0
2026-01-22 21:00:00,1.17486,1.1749100000000001,1.17468,1.17485,226,8,0,0,0,0,0.0
2026-01-22 21:15:00,1.17485,1.17546,1.1748,1.17545,252,8,0,0,0,0,0.0
2026-01-22 21:30:00,1.17545,1.17545,1.17524,1.17537,157,8,0,0,0,0,0.0
2026-01-22 21:45:00,1.17539,1.17555,1.1752,1.1752,292,8,0,0,0,0,0.0
2026-01-22 22:00:00,1.17521,1.17524,1.17493,1.17506,114,48,0,0,0,0,0.0
2026-01-22 22:15:00,1.17505,1.17526,1.17505,1.17525,130,48,0,0,0,0,0.0
2026-01-22 22:30:00,1.17525,1.17534,1.17512,1.17531,143,48,0,0,0,0,0.0
2026-01-22 22:45:00,1.17531,1.17548,1.17522,1.17546,88,20,0,0,0,0,0.0
2026-01-22 23:00:00,1.17554,1.1759,1.17553,1.17568,245,8,0,0,0,0,0.0
2026-01-22 23:15:00,1.17567,1.17574,1.17555,1.1756199999999999,146,8,0,0,0,0,0.0
2026-01-22 23:30:00,1.1756199999999999,1.17564,1.17531,1.17538,139,8,0,0,0,0,0.0
2026-01-22 23:45:00,1.17537,1.17547,1.17529,1.17535,199,8,0,0,0,0,0.0
2026-01-23 00:00:00,1.17535,1.17535,1.17486,1.17489,287,8,0,0,0,0,0.0
2026-01-23 00:15:00,1.17487,1.17513,1.17485,1.17509,234,8,0,0,0,0,0.0
2026-01-23 00:30:00,1.17509,1.17522,1.17483,1.17488,262,8,0,0,0,0,0.0
2026-01-23 00:45:00,1.17488,1.17496,1.17476,1.17477,302,8,0,0,0,0,0.0
2026-01-23 01:00:00,1.17477,1.17492,1.17466,1.17473,317,8,0,0,0,0,0.0
2026-01-23 01:15:00,1.17473,1.17536,1.17473,1.17511,612,8,0,0,0,0,0.0
2026-01-23 01:30:00,1.17511,1.17517,1.17485,1.17496,401,8,0,0,0,0,0.0
2026-01-23 01:45:00,1.17495,1.1752,1.17475,1.17489,304,8,0,0,0,0,0.0
2026-01-23 02:00:00,1.17487,1.17497,1.1745700000000001,1.17482,336,8,0,0,0,0,0.0
2026-01-23 02:15:00,1.17482,1.17488,1.17473,1.17479,174,8,0,0,0,0,0.0
2026-01-23 02:30:00,1.1748,1.17496,1.17437,1.17449,248,8,0,0,1,1,21.0
2026-01-23 02:45:00,1.17449,1.17469,1.17441,1.1745,344,8,0,0,0,0,0.0
2026-01-23 03:00:00,1.17449,1.17484,1.17449,1.17464,357,8,0,0,0,0,0.0
2026-01-23 03:15:00,1.17464,1.17475,1.17441,1.17445,285,8,0,0,1,1,21.0
2026-01-23 03:30:00,1.17444,1.17452,1.17435,1.17446,232,8,0,0,1,1,21.0
2026-01-23 03:45:00,1.17446,1.17462,1.17432,1.17435,204,8,0,0,1,1,21.0
2026-01-23 04:00:00,1.17435,1.17447,1.17429,1.17445,188,8,0,0,1,1,21.0
2026-01-23 04:15:00,1.17446,1.1746,1.17441,1.17446,115,8,0,0,1,1,21.0
2026-01-23 04:30:00,1.17446,1.17481,1.17442,1.1748,158,8,0,0,0,0,0.0
2026-01-23 04:45:00,1.17482,1.17507,1.17469,1.17497,229,8,0,0,0,0,0.0
2026-01-23 05:00:00,1.17497,1.17519,1.17495,1.17508,184,8,0,0,0,0,0.0
2026-01-23 05:15:00,1.17508,1.17536,1.17499,1.17503,249,8,0,0,0,0,0.0
2026-01-23 05:30:00,1.17504,1.17523,1.175,1.17519,236,8,0,0,0,0,0.0
2026-01-23 05:45:00,1.17519,1.1752,1.17494,1.17505,240,8,0,0,0,0,0.0
2026-01-23 06:00:00,1.17505,1.17527,1.17464,1.17474,302,8,0,0,0,0,0.0
2026-01-23 06:15:00,1.17474,1.17477,1.17433,1.17435,482,8,0,0,1,1,21.0
2026-01-23 06:30:00,1.17435,1.17478,1.17435,1.17443,501,8,0,0,1,1,21.0
2026-01-23 06:45:00,1.17441,1.1746,1.17411,1.17419,570,8,0,0,1,1,21.0
2026-01-23 07:00:00,1.17419,1.17444,1.17403,1.17419,558,8,0,0,1,1,21.0
2026-01-23 07:15:00,1.17419,1.17421,1.17353,1.17366,482,8,0,0,0,0,0.0
2026-01-23 07:30:00,1.17367,1.17463,1.17348,1.17427,1155,8,0,0,1,1,21.0
2026-01-23 07:45:00,1.17425,1.17471,1.1735,1.17358,1556,8,0,0,0,0,0.0
2026-01-23 08:00:00,1.17357,1.17392,1.17313,1.17347,974,8,0,0,0,0,0.0
2026-01-23 08:15:00,1.17349,1.17349,1.17281,1.17309,651,8,0,0,0,0,0.0
2026-01-23 08:30:00,1.17312,1.17449,1.17312,1.17448,797,8,0,0,1,1,21.0
2026-01-23 08:45:00,1.17448,1.17448,1.17391,1.174,601,8,0,0,1,1,21.0
2026-01-23 09:00:00,1.1739600000000001,1.17431,1.1736,1.17377,744,8,0,0,0,0,0.0
2026-01-23 09:15:00,1.17377,1.17436,1.17359,1.1741,514,8,0,0,1,1,21.0
2026-01-23 09:30:00,1.17412,1.17447,1.17382,1.17417,626,8,0,0,1,1,21.0
2026-01-23 09:45:00,1.17419,1.17428,1.17347,1.17352,637,8,0,0,0,0,0.0
2026-01-23 10:00:00,1.17354,1.17358,1.1730800000000001,1.1731,490,8,0,0,0,0,0.0
2026-01-23 10:15:00,1.17311,1.1733,1.17297,1.17317,390,8,0,0,0,0,0.0
2026-01-23 10:30:00,1.17317,1.17346,1.17309,1.17314,304,8,0,0,0,0,0.0
2026-01-23 10:45:00,1.17313,1.17355,1.17304,1.17343,444,8,0,0,0,0,0.0
2026-01-23 11:00:00,1.17344,1.17354,1.17304,1.17346,521,8,0,0,0,0,0.0
2026-01-23 11:15:00,1.17346,1.17384,1.17329,1.17367,487,8,0,0,0,0,0.0
2026-01-23 11:30:00,1.17366,1.17384,1.17353,1.17367,370,8,0,0,0,0,0.0
2026-01-23 11:45:00,1.17367,1.174,1.17349,1.17371,545,8,0,0,0,0,0.0
2026-01-23 12:00:00,1.17372,1.17395,1.17362,1.1738,421,8,0,0,1,1,21.0
2026-01-23 12:15:00,1.1738,1.17393,1.17371,1.17386,280,8,0,0,1,1,21.0
2026-01-23 12:30:00,1.17385,1.17429,1.17374,1.17397,429,8,0,0,1,1,21.0
2026-01-23 12:45:00,1.17399,1.17442,1.17395,1.1742,437,8,0,0,1,1,21.0
2026-01-23 13:00:00,1.17421,1.17444,1.17404,1.17444,451,8,0,0,1,1,21.0
2026-01-23 13:15:00,1.17444,1.1747,1.1741,1.17433,486,8,0,0,1,1,21.0
2026-01-23 13:30:00,1.17431,1.1743999999999999,1.1738,1.17416,507,8,0,0,1,1,21.0
2026-01-23 13:45:00,1.17417,1.17417,1.17324,1.17338,546,8,0,0,0,0,0.0
2026-01-23 14:00:00,1.17339,1.17391,1.17315,1.17388,553,8,0,0,1,1,21.0
2026-01-23 14:15:00,1.17387,1.1745,1.17374,1.17439,524,8,0,0,1,1,21.0
2026-01-23 14:30:00,1.17441,1.1745,1.17394,1.17404,650,8,0,0,1,1,21.0
2026-01-23 14:45:00,1.17405,1.17478,1.17404,1.17464,669,8,0,0,0,0,0.0
2026-01-23 15:00:00,1.17466,1.17514,1.17454,1.17472,688,8,0,0,0,0,0.0
2026-01-23 15:15:00,1.17472,1.17533,1.17468,1.17495,709,8,0,0,0,0,0.0
2026-01-23 15:30:00,1.17495,1.1752,1.17479,1.17487,499,8,0,0,0,0,0.0
2026-01-23 15:45:00,1.17489,1.1761,1.17484,1.17575,778,8,0,0,0,0,0.0
2026-01-23 16:00:00,1.17575,1.17585,1.17468,1.17468,694,8,0,0,0,0,0.0
2026-01-23 16:15:00,1.17466,1.17632,1.17461,1.17631,933,8,0,0,1,1,15.0
2026-01-23 16:30:00,1.17632,1.1768399999999999,1.17626,1.17671,861,8,0,0,0,0,0.0
2026-01-23 16:45:00,1.17671,1.1775,1.17657,1.17703,1005,8,0,0,0,0,0.0
2026-01-23 17:00:00,1.17702,1.17839,1.17685,1.17831,1058,8,0,0,0,0,0.0
2026-01-23 17:15:00,1.17829,1.17932,1.17795,1.17923,1202,8,0,1,0,1,2.0
2026-01-23 17:30:00,1.17923,1.17983,1.17824,1.17854,1604,8,0,0,0,0,0.0
2026-01-23 17:45:00,1.17856,1.17977,1.17847,1.17939,1242,8,0,0,0,0,0.0
2026-01-23 18:00:00,1.17939,1.17951,1.17776,1.17779,1211,8,0,0,0,0,0.0
2026-01-23 18:15:00,1.17777,1.17927,1.17767,1.17902,1162,8,0,1,0,1,2.0
2026-01-23 18:30:00,1.17901,1.17904,1.17851,1.17884,846,8,0,1,0,1,2.0
2026-01-23 18:45:00,1.17884,1.17919,1.17846,1.17916,573,8,0,1,0,1,2.0
2026-01-23 19:00:00,1.1791800000000001,1.18003,1.1791,1.17986,676,8,0,0,0,0,0.0
2026-01-23 19:15:00,1.17985,1.18002,1.17926,1.17958,628,8,0,0,0,0,0.0
2026-01-23 19:30:00,1.17958,1.17985,1.1795,1.17977,513,8,0,0,0,0,0.0
2026-01-23 19:45:00,1.17976,1.18147,1.1796,1.18113,1023,8,0,0,0,0,0.0
2026-01-23 20:00:00,1.18113,1.18159,1.18094,1.18155,708,8,0,0,0,0,0.0
2026-01-23 20:15:00,1.18158,1.18263,1.18152,1.18217,869,8,0,0,0,0,0.0
2026-01-23 20:30:00,1.18218,1.18218,1.18128,1.18177,717,8,0,0,0,0,0.0
2026-01-23 20:45:00,1.18177,1.18232,1.18144,1.18207,627,8,0,0,0,0,0.0
2026-01-23 21:00:00,1.18208,1.1831,1.18203,1.18286,575,8,0,0,0,0,0.0
2026-01-23 21:15:00,1.18285,1.18331,1.18245,1.1829,649,8,0,0,0,0,0.0
2026-01-23 21:30:00,1.18289,1.18316,1.18214,1.18258,500,8,0,0,0,0,0.0
2026-01-23 21:45:00,1.1825700000000001,1.18298,1.18237,1.18275,448,8,0,0,0,0,0.0
