time,open,high,low,close,tick_volume,spread,real_volume,is_near_supply,is_near_demand,distance_to_nearest_supply,distance_to_nearest_demand,bayesian_probability,composite_zone_score,high_prob_zone
2025-12-10 13:00:00,1.16391,1.16416,1.16311,1.16329,700,8,0,0,1,0.0007478788608172928,0.00010315570494040181,0.99,0.7463231108286543,1
2025-12-10 13:15:00,1.1633,1.16351,1.16272,1.16341,582,8,0,0,1,0.0006446566558651107,0.0,0.99,0.7463231108286543,1
2025-12-10 13:30:00,1.16344,1.16368,1.16321,1.16349,691,8,0,0,1,0.0005758536815960348,6.87586485486407e-05,0.99,0.7463231108286543,1
2025-12-10 13:45:00,1.16349,1.16417,1.16346,1.16397,707,8,0,1,1,0.0001632344476233361,7.732158045303872e-05,0.99,0.7465961517913471,1
2025-12-10 14:00:00,1.16395,1.16441,1.16364,1.1639,896,8,0,0,1,0.0002233868889081098,1.718360683899732e-05,0.99,0.7465961517913471,1
2025-12-10 14:15:00,1.16392,1.16432,1.1633499999999999,1.16352,703,8,0,0,1,0.0005500550055005276,9.454070407045387e-05,0.99,0.7463231108286543,1
2025-12-10 14:30:00,1.16352,1.16398,1.16337,1.16371,659,8,0,0,1,0.00038669427950267804,0.00014608450558988362,0.99,0.7465961517913471,1
2025-12-10 14:45:00,1.16373,1.16446,1.1635900000000001,1.16429,891,8,0,1,0,0.000111656030713966,0.00035214594302108705,0.99,0.7465598897682393,1
2025-12-10 15:00:00,1.16428,1.16509,1.16428,1.1645699999999999,770,8,0,0,0,0.000352061275835544,0.00042934301931199243,0.99,0.0,0
2025-12-10 15:15:00,1.16458,1.1646,1.16393,1.16398,582,8,0,1,1,0.00015464183233394817,8.591212907437326e-05,0.99,0.7465961517913471,1
2025-12-10 15:30:00,1.16395,1.16425,1.16364,1.16387,677,8,0,0,1,0.00024916872159272386,8.592024882560347e-06,0.99,0.7465961517913471,1
2025-12-10 15:45:00,1.16385,1.16419,1.16343,1.16415,781,8,0,1,0,8.589958338758331e-06,0.00023192887514494908,0.99,0.7465598897682393,1
2025-12-10 16:00:00,1.16412,1.16454,1.16369,1.16444,598,8,0,0,0,0.0002404589330492219,0.0004809178660986345,0.99,0.0,0
2025-12-10 16:15:00,1.16442,1.16493,1.16431,1.16465,487,8,0,0,0,0.0004207272571157682,0.0003606233632422504,0.99,0.0,0
2025-12-10 16:30:00,1.16466,1.1648,1.16451,1.16453,454,8,0,0,0,0.00031772474732293836,0.0004637063879848393,0.99,0.0,0
2025-12-10 16:45:00,1.16453,1.16495,1.16435,1.16495,458,8,0,0,1,0.00021460148504234817,0.00010300871282039574,0.99,0.7469520158646528,1
2025-12-10 17:00:00,1.16494,1.16509,1.16453,1.16507,448,8,0,1,1,0.00011158127837809185,0.0,0.99,0.7469520158646528,1
2025-12-10 17:15:00,1.1650800000000001,1.16545,1.16507,1.16537,468,8,0,1,1,3.432386280755469e-05,0.0001887812454414555,0.99,0.7467575548780019,1
2025-12-10 17:30:00,1.16537,1.16555,1.16528,1.16552,393,8,0,1,0,9.437847484370278e-05,0.00030029514723048297,0.99,0.7467071424793549,1
2025-12-10 17:45:00,1.16552,1.16599,1.16535,1.16583,471,8,0,0,1,0.00024874981772653263,3.4310319686437995e-05,0.99,0.746970550711667,1
2025-12-10 18:00:00,1.16581,1.16596,1.16561,1.16568,330,8,0,0,1,0.00023162445954292126,0.00016299499004865183,0.99,0.746970550711667,1
2025-12-10 18:15:00,1.16568,1.16596,1.16545,1.16595,324,8,0,1,1,0.00014580385093700715,6.861357691159998e-05,0.99,0.746970550711667,1
2025-12-10 18:30:00,1.16593,1.16606,1.16536,1.16564,429,8,0,1,1,0.0001973164956589963,0.0001973164956589963,0.99,0.746970550711667,1
2025-12-10 18:45:00,1.16563,1.16595,1.16535,1.16554,458,8,0,1,0,0.00011153628361099874,0.00028313056608948766,0.99,0.7467071424793549,1
2025-12-10 19:00:00,1.16552,1.16758,1.16472,1.16689,2691,8,0,1,0,2.5709364207401292e-05,0.0005827455887016034,0.99,0.7478424462034479,1
2025-12-10 19:15:00,1.1669,1.16747,1.16616,1.16641,1420,8,0,0,1,0.0002486261263191343,0.00017146629401323547,0.99,0.7465033207851278,1
2025-12-10 19:30:00,1.16643,1.16809,1.16464,1.16515,7470,8,0,1,1,4.2912929665798843e-05,0.0,0.99,0.7467575548780019,1
2025-12-10 19:45:00,1.16512,1.16805,1.1649,1.16778,3775,8,0,0,1,0.00023120793300107252,4.281628388898891e-05,0.99,0.7472396351771357,1
2025-12-10 20:00:00,1.16776,1.16992,1.16733,1.16985,2355,8,0,0,1,0.0005128862674703218,0.0001880582980723058,0.99,0.7481765338352446,1
2025-12-10 20:15:00,1.16983,1.16993,1.16876,1.16938,1727,8,0,1,0,0.00011117002172107057,0.000590056269133949,0.99,0.7473251023690077,1
2025-12-10 20:30:00,1.16937,1.16967,1.16881,1.16922,1033,8,0,1,0,2.5658131061711648e-05,0.000726980380082463,0.99,0.7473251023690077,1
2025-12-10 20:45:00,1.1692,1.16964,1.16912,1.16936,721,8,0,1,0,9.406855031816934e-05,0.0006071697338715096,0.99,0.7473251023690077,1
2025-12-10 21:00:00,1.1693500000000001,1.16944,1.16893,1.16915,428,8,0,1,0,8.553222426548262e-05,0.0007441303511097177,0.99,0.7473251023690077,1
2025-12-10 21:15:00,1.16916,1.16944,1.16895,1.16928,339,8,0,1,0,2.565681445008598e-05,0.0006756294471810399,0.99,0.7473251023690077,1
2025-12-10 21:30:00,1.16928,1.16931,1.16896,1.16905,273,8,0,1,0,0.00017107908130531457,0.0006586544630254801,0.99,0.7473251023690077,1
2025-12-10 21:45:00,1.16905,1.1695,1.16892,1.16948,366,8,0,1,0,0.00019666860485016802,0.0005044977254847183,0.99,0.7473251023690077,1
2025-12-10 22:00:00,1.16948,1.16948,1.16875,1.16894,176,20,0,0,0,0.000265197529385435,0.0005646140948210387,0.99,0.0,0
2025-12-10 22:15:00,1.16891,1.16907,1.1688,1.16901,212,58,0,0,0,0.00020530192213907145,0.0006244600131736422,0.99,0.0,0
2025-12-10 22:30:00,1.169,1.16904,1.16892,1.16897,240,63,0,0,0,0.00023952710505815883,0.0005902632231794481,0.99,0.0,0
2025-12-10 22:45:00,1.16896,1.1693500000000001,1.16893,1.16923,220,8,0,1,0,1.71052744112869e-05,0.0007184215252772782,0.99,0.7473251023690077,1
2025-12-10 23:00:00,1.16944,1.16983,1.16942,1.16974,201,8,0,0,0,0.00041889650691615357,0.0002821139740454643,0.99,0.0,0
2025-12-10 23:15:00,1.16973,1.16998,1.1697,1.16984,139,8,0,0,1,0.0005043424741845812,0.00019660808315663037,0.99,0.7481765338352446,1
2025-12-10 23:30:00,1.16984,1.1702,1.16982,1.17012,187,8,0,0,1,0.0007435134857964554,4.2730660103327446e-05,0.99,0.7481765338352446,1
2025-12-10 23:45:00,1.17011,1.17023,1.16995,1.17011,207,8,0,0,1,0.000734973634957468,3.41848202306108e-05,0.99,0.7481765338352446,1
2025-12-11 00:00:00,1.17011,1.17044,1.16988,1.1703000000000001,357,8,0,0,1,0.0008972058446554024,0.00010253781081784158,0.99,0.747195688364286,1
2025-12-11 00:15:00,1.17028,1.17034,1.1698,1.16983,281,8,0,0,0,0.0004957985348298684,0.0002051580144123659,0.99,0.0,0
2025-12-11 00:30:00,1.16983,1.16995,1.16968,1.16981,343,8,0,0,0,0.00047871021789873224,0.00022225831545287435,0.99,0.0,0
2025-12-11 00:45:00,1.16983,1.17017,1.16976,1.17016,519,8,0,0,1,0.000777671429548257,1.7091679770210037e-05,0.99,0.747195688364286,1
2025-12-11 01:00:00,1.17016,1.17071,1.1700599999999999,1.17047,497,8,0,0,0,0.0009397934163200262,0.00024776371884789995,0.99,0.0,0
2025-12-11 01:15:00,1.17049,1.17058,1.17023,1.17036,423,8,0,0,1,0.0009484261252949232,0.00015379883112894236,0.99,0.747195688364286,1
2025-12-11 01:30:00,1.17036,1.17044,1.17008,1.17036,417,8,0,0,1,0.0009484261252949232,0.00015379883112894236,0.99,0.747195688364286,1
2025-12-11 01:45:00,1.17036,1.17042,1.17,1.17014,336,8,0,0,1,0.0007605927495855688,3.418394380163058e-05,0.99,0.747195688364286,1
2025-12-11 02:00:00,1.17015,1.17057,1.16999,1.17002,374,8,0,0,1,0.0006581084084034114,4.273431223387931e-05,0.99,0.7481765338352446,1
2025-12-11 02:15:00,1.17002,1.17025,1.16988,1.17019,307,8,0,0,1,0.0008032883548826797,8.545620796678754e-06,0.99,0.747195688364286,1
2025-12-11 02:30:00,1.17018,1.1702,1.16981,1.16993,424,8,0,0,1,0.0005812313557221492,0.00011966527911928834,0.99,0.7481765338352446,1
2025-12-11 02:45:00,1.16992,1.16999,1.16929,1.16936,372,8,0,1,0,9.406855031816934e-05,0.0006071697338715096,0.99,0.7473251023690077,1
2025-12-11 03:00:00,1.16936,1.16973,1.16928,1.1693500000000001,450,8,0,1,0,8.551759524540216e-05,0.0006157266857654525,0.99,0.7473251023690077,1
2025-12-11 03:15:00,1.16934,1.16949,1.16904,1.16914,403,8,0,1,0,9.40862514325337e-05,0.0007355834202919093,0.99,0.7473251023690077,1
2025-12-11 03:30:00,1.16913,1.16938,1.16899,1.16932,306,8,0,1,0,5.9863852495479854e-05,0.0006413984195943184,0.99,0.7473251023690077,1
2025-12-11 03:45:00,1.16932,1.16942,1.16902,1.16904,216,8,0,1,0,0.00017963457195632437,0.000650106069937807,0.99,0.7473251023690077,1
2025-12-11 04:00:00,1.16905,1.16914,1.1689,1.16893,238,8,0,0,0,0.0002737546303028205,0.0005560640928028534,0.99,0.0,0
2025-12-11 04:15:00,1.16892,1.169,1.16852,1.16862,244,8,0,0,0,0.0003765124676969382,0.0002909414523112791,0.99,0.0,0
2025-12-11 04:30:00,1.16862,1.16886,1.16859,1.16862,210,8,0,0,0,0.0003765124676969382,0.0002909414523112791,0.99,0.0,0
2025-12-11 04:45:00,1.16861,1.16904,1.1686,1.16898,283,8,0,0,0,0.0002309705897448994,0.0005988126400793195,0.99,0.0,0
2025-12-11 05:00:00,1.16898,1.16917,1.1688,1.1688399999999999,266,8,0,0,0,0.000350775127476833,0.00047910749118775366,0.99,0.0,0
2025-12-11 05:15:00,1.1688399999999999,1.16899,1.16867,1.16886,260,8,0,0,0,0.0003336584364251411,0.0004962099823760117,0.99,0.0,0
2025-12-11 05:30:00,1.16886,1.16896,1.16872,1.1688,210,8,0,0,0,0.00038501026694031434,0.0004449007529090314,0.99,0.0,0
2025-12-11 05:45:00,1.1688,1.16887,1.16845,1.16853,330,8,0,0,0,0.00029952162118223105,0.0002139440151301922,0.99,0.0,0
2025-12-11 06:00:00,1.16855,1.16861,1.16833,1.1684,332,8,0,1,1,0.0001882916809312812,0.00010270455323529613,0.99,0.746807676305854,1
2025-12-11 06:15:00,1.16841,1.16853,1.16819,1.16835,330,8,0,1,1,0.00014550434373261734,5.991355330167715e-05,0.99,0.746807676305854,1
2025-12-11 06:30:00,1.16836,1.16871,1.16831,1.16867,333,8,0,0,0,0.000419280036280645,0.0003337126819376834,0.99,0.0,0
2025-12-11 06:45:00,1.16867,1.16894,1.16856,1.16885,278,8,0,0,0,0.0003422167087307661,0.0004876588099413607,0.99,0.0,0
2025-12-11 07:00:00,1.16888,1.1693500000000001,1.16871,1.16915,503,8,0,1,0,8.553222426548262e-05,0.0007441303511097177,0.99,0.7473251023690077,1
2025-12-11 07:15:00,1.16914,1.16952,1.169,1.1695,452,8,0,0,0,0.00021376656690900683,0.0004873877725523381,0.99,0.0,0
2025-12-11 07:30:00,1.16952,1.17001,1.16923,1.17,496,8,0,0,1,0.0006410256410256653,5.9829059829072224e-05,0.99,0.7481765338352446,1
2025-12-11 07:45:00,1.16998,1.1700599999999999,1.16927,1.16933,592,8,0,1,0,6.841524633771477e-05,0.000632841028623197,0.99,0.7473251023690077,1
2025-12-11 08:00:00,1.16933,1.17024,1.16933,1.16998,700,8,0,0,1,0.0006239422896118903,7.692439186988109e-05,0.99,0.7481765338352446,1
2025-12-11 08:15:00,1.16998,1.17017,1.16962,1.17016,573,8,0,0,1,0.000777671429548257,1.7091679770210037e-05,0.99,0.747195688364286,1
2025-12-11 08:30:00,1.17016,1.17054,1.17011,1.17025,565,8,0,0,1,0.000854518265328017,5.9816278572966884e-05,0.99,0.747195688364286,1
2025-12-11 08:45:00,1.17026,1.17063,1.16967,1.1696900000000001,566,8,0,0,0,0.00037616804452480395,0.00032487240208929277,0.99,0.0,0
2025-12-11 09:00:00,1.16971,1.1697899999999999,1.16886,1.16899,736,8,0,0,0,0.00022241422082304124,0.0006073619107092349,0.99,0.0,0
2025-12-11 09:15:00,1.16899,1.16939,1.1687,1.16924,583,8,0,1,0,8.552564058570924e-06,0.0007098628168724011,0.99,0.7473251023690077,1
2025-12-11 09:30:00,1.16924,1.16985,1.16923,1.16966,587,8,0,0,0,0.00035052921361765084,0.00035052921361765084,0.99,0.0,0
2025-12-11 09:45:00,1.16966,1.17031,1.16966,1.17017,460,8,0,0,1,0.0007862105506037857,8.545766854444664e-06,0.99,0.747195688364286,1
2025-12-11 10:00:00,1.17018,1.17038,1.16984,1.17037,584,8,0,0,1,0.000956962328152644,0.00016234182352581873,0.99,0.747195688364286,1
2025-12-11 10:15:00,1.17037,1.17062,1.17023,1.17026,508,8,0,0,1,0.0008630560730095683,6.836087707012118e-05,0.99,0.747195688364286,1
2025-12-11 10:30:00,1.17026,1.17049,1.17005,1.17009,427,8,0,0,1,0.0007178934953722994,1.7092702270877473e-05,0.99,0.7481765338352446,1
2025-12-11 10:45:00,1.17008,1.17074,1.17003,1.1706699999999999,454,8,0,0,0,0.0007687905216671846,0.00041856372846308477,0.99,0.0,0
2025-12-11 11:00:00,1.17066,1.17147,1.17056,1.17131,528,8,0,0,0,0.0002219736875805098,0.00035003543041553595,0.99,0.0,0
2025-12-11 11:15:00,1.17131,1.1717,1.17107,1.1716199999999999,437,8,0,1,1,2.5605571772585427e-05,8.535190590823905e-05,0.99,0.7467995173236754,1
2025-12-11 11:30:00,1.17161,1.17174,1.17109,1.17141,470,8,0,1,0,0.0001365875312656866,0.00026463834182739813,0.99,0.7470608323596877,1
2025-12-11 11:45:00,1.17142,1.17155,1.17124,1.1712500000000001,396,8,0,0,0,0.0002732123799358599,0.0004012806830309246,0.99,0.0,0
2025-12-11 12:00:00,1.17124,1.17161,1.17095,1.17156,501,8,0,1,1,8.535627710117717e-06,0.00013657004336112535,0.99,0.7470608323596877,1
2025-12-11 12:15:00,1.17155,1.1719,1.17147,1.17168,452,8,0,1,1,2.5604260548933575e-05,3.413901406530793e-05,0.99,0.7467995173236754,1
2025-12-11 12:30:00,1.17168,1.17171,1.17133,1.17159,431,8,0,1,1,1.7070818289597026e-05,0.00011096031888304402,0.99,0.7470608323596877,1
2025-12-11 12:45:00,1.1716,1.17178,1.171,1.17164,604,8,0,1,1,8.53504489439206e-06,6.828035915475744e-05,0.99,0.7467995173236754,1
2025-12-11 13:00:00,1.17166,1.17188,1.1713,1.17148,748,8,0,1,0,7.682589544842718e-05,0.0002048690545293287,0.99,0.7470608323596877,1
2025-12-11 13:15:00,1.1715,1.17215,1.17136,1.17199,608,8,0,0,1,0.00029010486437598183,1.7064992022228023e-05,0.99,0.7465637960765799,1
2025-12-11 13:30:00,1.17201,1.17294,1.17153,1.1728,1216,8,0,1,1,0.00016200545702584624,1.705320600284023e-05,0.99,0.7471142295148,1
2025-12-11 13:45:00,1.1728,1.1736,1.1728,1.17307,931,8,0,1,0,4.2623202366530144e-05,0.0002472145737254584,0.99,0.7465937230933395,1
2025-12-11 14:00:00,1.17305,1.17404,1.17298,1.17391,901,8,0,0,0,0.00025555621810868545,0.0009625950882095522,0.99,0.0,0
2025-12-11 14:15:00,1.17393,1.17469,1.17393,1.17449,712,8,0,0,0,0.00020434401314614682,0.0014559510936662725,0.99,0.0,0
2025-12-11 14:30:00,1.17452,1.1748,1.1741,1.17434,885,8,0,1,0,7.663879285379318e-05,0.0013284057428002163,0.99,0.7473043160209429,1
2025-12-11 14:45:00,1.17432,1.17438,1.1734499999999999,1.17371,922,8,0,1,0,0.00010223990593938878,0.0007923592710295536,0.99,0.7474406991857608,1
2025-12-11 15:00:00,1.17372,1.17473,1.17316,1.17461,1031,8,0,1,0,0.00011067503256396888,0.0015579639199393828,0.99,0.7464277181952659,1
2025-12-11 15:15:00,1.17461,1.17487,1.17423,1.17484,895,8,0,1,0,8.511797351146626e-05,0.0017534302543326518,0.99,0.7464277181952659,1
2025-12-11 15:30:00,1.17483,1.17513,1.17456,1.17506,750,8,0,0,0,0.00027232651949696013,0.0019403264514152977,0.99,0.0,0
2025-12-11 15:45:00,1.17505,1.17568,1.17497,1.17557,768,8,0,1,0,0.00019564976989881714,0.0023733167739905495,0.99,0.7473736533629121,1
2025-12-11 16:00:00,1.17557,1.17592,1.17516,1.17581,765,8,0,1,0,8.50477543146045e-06,0.0025769469557157094,0.99,0.7473736533629121,1
2025-12-11 16:15:00,1.17581,1.17593,1.1746699999999999,1.17468,714,8,0,1,0,5.107774032072478e-05,0.0016174617768243377,0.99,0.7464277181952659,1
2025-12-11 16:30:00,1.1746699999999999,1.1751800000000001,1.17459,1.17488,632,8,0,1,0,0.00011916110581508665,0.0017874165872259218,0.99,0.7464277181952659,1
2025-12-11 16:45:00,1.17488,1.17568,1.17488,1.1755,624,8,0,0,0,0.0002552105487026516,0.0023139089749043434,0.99,0.0,0
2025-12-11 17:00:00,1.17549,1.17624,1.17548,1.1758899999999999,679,8,0,1,0,1.7008393642373882e-05,0.0026448052113717665,0.99,0.747955171355261,1
2025-12-11 17:15:00,1.1758899999999999,1.1762,1.17563,1.17569,595,8,0,1,0,9.356207843909067e-05,0.002475142256887418,0.99,0.7473736533629121,1
2025-12-11 17:30:00,1.1757,1.1757,1.17494,1.17561,632,8,0,1,0,0.0001616182237305845,0.002407260911356751,0.99,0.7473736533629121,1
2025-12-11 17:45:00,1.17561,1.17571,1.17536,1.17547,446,8,0,0,0,0.00028073876832240846,0.002288446323598289,0.99,0.0,0
2025-12-11 18:00:00,1.17546,1.1758,1.17529,1.1755,386,8,0,0,0,0.0002552105487026516,0.0023139089749043434,0.99,0.0,0
2025-12-11 18:15:00,1.1755,1.17591,1.1751800000000001,1.17538,456,8,0,0,0,0.0003573312460649874,0.002212050570879339,0.99,0.0,0
2025-12-11 18:30:00,1.17538,1.17547,1.17507,1.17545,415,8,0,0,0,0.00029775830532974637,0.002271470500659468,0.99,0.0,0
2025-12-11 18:45:00,1.17545,1.17551,1.17522,1.17531,345,8,0,0,0,0.0004169112829805578,0.0021526235631451644,0.99,0.0,0
2025-12-11 19:00:00,1.17531,1.17531,1.1746699999999999,1.17492,428,8,0,1,0,0.00015320192013079103,0.0018214006059987325,0.99,0.7464277181952659,1
2025-12-11 19:15:00,1.17492,1.17533,1.17475,1.17526,324,8,0,0,0,0.00044245528648986267,0.002110171366335992,0.99,0.0,0
2025-12-11 19:30:00,1.17526,1.17529,1.17465,1.17468,355,8,0,1,0,5.107774032072478e-05,0.0016174617768243377,0.99,0.7464277181952659,1
2025-12-11 19:45:00,1.1746699999999999,1.17478,1.17401,1.17408,485,8,0,1,0,0.00011072499318612315,0.0011072499318616098,0.99,0.7479942141944069,1
2025-12-11 20:00:00,1.17408,1.17408,1.17363,1.1738,518,8,0,1,0,0.00017890611688536675,0.0008689725677287621,0.99,0.7474406991857608,1
2025-12-11 20:15:00,1.17381,1.17433,1.17376,1.17433,322,8,0,1,0,6.81239515298766e-05,0.0013199015608901777,0.99,0.7473043160209429,1
2025-12-11 20:30:00,1.17433,1.17454,1.17413,1.1743000000000001,347,8,0,1,0,4.257855743856383e-05,0.001294388146129769,0.99,0.7473043160209429,1
2025-12-11 20:45:00,1.1743000000000001,1.17445,1.17404,1.17408,245,8,0,1,0,0.00011072499318612315,0.0011072499318616098,0.99,0.7479942141944069,1
2025-12-11 21:00:00,1.17407,1.1743000000000001,1.17394,1.1743000000000001,262,8,0,1,0,4.257855743856383e-05,0.001294388146129769,0.99,0.7473043160209429,1
2025-12-11 21:15:00,1.17429,1.1743000000000001,1.1739600000000001,1.17415,211,8,0,1,0,5.1100796320699216e-05,0.0011668015159903703,0.99,0.7479942141944069,1
2025-12-11 21:30:00,1.17416,1.17416,1.17393,1.17404,194,8,0,1,0,0.00014479915505434524,0.0010732172668733934,0.99,0.7479942141944069,1
2025-12-11 21:45:00,1.17404,1.17404,1.17356,1.17356,295,8,0,1,0,2.556324346430902e-05,0.0006646443300726021,0.99,0.7474406991857608,1
2025-12-11 22:00:00,1.17357,1.1738,1.17354,1.17368,96,20,0,1,0,7.668188944187983e-05,0.0007668188944176631,0.99,0.7474406991857608,1
2025-12-11 22:15:00,1.17367,1.17375,1.1736,1.17373,79,48,0,1,0,0.00011927785776969916,0.0008093854634370821,0.99,0.7474406991857608,1
2025-12-11 22:30:00,1.17374,1.17393,1.17367,1.17367,119,20,0,1,0,6.816226026061841e-05,0.0007583051453986703,0.99,0.7474406991857608,1
2025-12-11 22:45:00,1.17367,1.17394,1.17363,1.17394,107,8,0,0,0,0.00022999471863978778,0.0009881254578598992,0.99,0.0,0
2025-12-11 23:00:00,1.17394,1.17417,1.17385,1.17397,205,8,0,0,0,0.00020443452558414438,0.0010136545226879941,0.99,0.0,0
2025-12-11 23:15:00,1.17397,1.174,1.17392,1.17395,118,8,0,0,0,0.00022147450913576126,0.000996635291111304,0.99,0.0,0
2025-12-11 23:30:00,1.1739600000000001,1.1739600000000001,1.1736900000000001,1.17382,164,8,0,1,0,0.0001959414561007433,0.0008859961493245573,0.99,0.7474406991857608,1
2025-12-11 23:45:00,1.17382,1.1740599999999999,1.17381,1.17404,134,8,0,1,0,0.00014479915505434524,0.0010732172668733934,0.99,0.7479942141944069,1
2025-12-12 00:00:00,1.1740599999999999,1.17439,1.1740599999999999,1.17435,338,8,0,1,0,8.515348916420913e-05,0.0013369097798782913,0.99,0.7473043160209429,1
2025-12-12 00:15:00,1.17434,1.17442,1.17422,1.1743000000000001,280,8,0,1,0,4.257855743856383e-05,0.001294388146129769,0.99,0.7473043160209429,1
2025-12-12 00:30:00,1.17429,1.17439,1.17411,1.17428,296,8,0,1,0,2.5547569574526084e-05,0.0012773784787274388,0.99,0.7473043160209429,1
2025-12-12 00:45:00,1.17429,1.17441,1.17386,1.17402,427,8,0,1,0,0.00016183710669316745,0.0010562000647349533,0.99,0.7479942141944069,1
2025-12-12 01:00:00,1.17402,1.17414,1.17376,1.1740599999999999,397,8,0,1,0,0.00012776178389528177,0.0010902338892390066,0.99,0.7479942141944069,1
2025-12-12 01:15:00,1.1740599999999999,1.17459,1.1740599999999999,1.17453,326,8,0,1,0,0.0001787949222240568,0.0014899576852018597,0.99,0.7464277181952659,1
2025-12-12 01:30:00,1.17453,1.17454,1.17363,1.17366,348,8,0,1,0,5.964248589882462e-05,0.0007497912512993473,0.99,0.7474406991857608,1
2025-12-12 01:45:00,1.17364,1.17377,1.17322,1.17346,359,8,0,1,0,0.00011078349496358077,0.000579482896732751,0.99,0.7474406991857608,1
2025-12-12 02:00:00,1.17346,1.17364,1.1731,1.17361,425,8,0,1,0,1.704143625235898e-05,0.0007072196044683569,0.99,0.7474406991857608,1
2025-12-12 02:15:00,1.17361,1.17362,1.17328,1.1733,297,8,0,0,0,0.00023864314327116506,0.0004431944089321367,0.99,0.0,0
2025-12-12 02:30:00,1.1733,1.17374,1.17325,1.17363,260,8,0,1,0,3.408229169332754e-05,0.0007242486984825008,0.99,0.7474406991857608,1
2025-12-12 02:45:00,1.17363,1.17363,1.1734499999999999,1.17357,235,8,0,1,0,1.7042017093065587e-05,0.0006731596751792126,0.99,0.7474406991857608,1
2025-12-12 03:00:00,1.17357,1.17358,1.17329,1.17343,210,8,0,1,0,0.00013635240278494498,0.0005539316363140873,0.99,0.7474406991857608,1
2025-12-12 03:15:00,1.17343,1.17372,1.1734,1.17358,186,8,0,1,0,8.520935939470224e-06,0.0006816748751684025,0.99,0.7474406991857608,1
2025-12-12 03:30:00,1.17359,1.17367,1.1734499999999999,1.1735,159,8,0,1,0,7.669365146989644e-05,0.0006135492117597392,0.99,0.7474406991857608,1
2025-12-12 03:45:00,1.1735,1.17367,1.17338,1.17339,169,8,0,1,0,0.0001704463136723323,0.0005198612567006702,0.99,0.7474406991857608,1
2025-12-12 04:00:00,1.17339,1.17343,1.17315,1.17316,172,8,0,1,0,0.00011933581097210014,0.00032391148692424476,0.99,0.7465937230933395,1
2025-12-12 04:15:00,1.17316,1.17348,1.1731,1.17342,202,8,0,1,0,0.00014487566259310688,0.000545414259174016,0.99,0.7474406991857608,1
2025-12-12 04:30:00,1.17342,1.17352,1.17331,1.17341,226,8,0,1,0,0.0001533990676744249,0.0005368967368610548,0.99,0.7474406991857608,1
2025-12-12 04:45:00,1.17341,1.17353,1.17313,1.17316,213,8,0,1,0,0.00011933581097210014,0.00032391148692424476,0.99,0.7465937230933395,1
2025-12-12 05:00:00,1.17316,1.1734,1.17314,1.17339,225,8,0,1,0,0.0001704463136723323,0.0005198612567006702,0.99,0.7474406991857608,1
2025-12-12 05:15:00,1.17339,1.17355,1.17333,1.17338,156,8,0,1,0,0.00017897015459597182,0.0005113432988462015,0.99,0.7474406991857608,1
2025-12-12 05:30:00,1.17337,1.17371,1.17337,1.17363,208,8,0,1,0,3.408229169332754e-05,0.0007242486984825008,0.99,0.7474406991857608,1
2025-12-12 05:45:00,1.17361,1.1739,1.17356,1.17384,244,8,0,0,0,0.00021297621481640043,0.0009030191508212882,0.99,0.0,0
2025-12-12 06:00:00,1.17384,1.17414,1.1736900000000001,1.17404,319,8,0,1,0,0.00014479915505434524,0.0010732172668733934,0.99,0.7479942141944069,1
2025-12-12 06:15:00,1.17405,1.17405,1.17368,1.17381,284,8,0,1,0,0.00018742385905735085,0.0008774844310408724,0.99,0.7474406991857608,1
2025-12-12 06:30:00,1.1738,1.17386,1.1733500000000001,1.17358,300,8,0,1,0,8.520935939470224e-06,0.0006816748751684025,0.99,0.7474406991857608,1
2025-12-12 06:45:00,1.17358,1.1739,1.17347,1.17385,332,8,0,0,0,0.00022149337649627208,0.0009115304340419358,0.99,0.0,0
2025-12-12 07:00:00,1.17382,1.17402,1.17353,1.17386,551,8,0,0,0,0.00023001039306219862,0.0009200415722487945,0.99,0.0,0
2025-12-12 07:15:00,1.17386,1.17395,1.17355,1.17388,420,8,0,0,0,0.0002470439908679963,0.0009370634136369142,0.99,0.0,0
2025-12-12 07:30:00,1.1739,1.1743000000000001,1.1738,1.17395,458,8,0,0,0,0.00022147450913576126,0.000996635291111304,0.99,0.0,0
2025-12-12 07:45:00,1.17393,1.17412,1.17362,1.17376,473,8,0,1,0,0.00014483369683751662,0.0008349236641221212,0.99,0.7474406991857608,1
2025-12-12 08:00:00,1.17377,1.1742,1.17349,1.17365,764,8,0,1,0,5.112256635297663e-05,0.0007412772121161746,0.99,0.7474406991857608,1
2025-12-12 08:15:00,1.17362,1.17418,1.17354,1.17388,618,8,0,0,0,0.0002470439908679963,0.0009370634136369142,0.99,0.0,0
2025-12-12 08:30:00,1.17388,1.17399,1.17353,1.17368,617,8,0,1,0,7.668188944187983e-05,0.0007668188944176631,0.99,0.7474406991857608,1
2025-12-12 08:45:00,1.17367,1.17371,1.17278,1.17278,606,8,0,1,1,0.00017906171660502694,0.0,0.99,0.7471142295148,1
2025-12-12 09:00:00,1.17276,1.1732,1.17266,1.17318,579,8,0,1,0,0.00013638145894060417,0.000340953647351605,0.99,0.7465937230933395,1
2025-12-12 09:15:00,1.1732,1.1732,1.17287,1.17297,391,8,0,1,1,1.7050734460309283e-05,0.00016198197737379003,0.99,0.7471142295148,1
2025-12-12 09:30:00,1.17296,1.17321,1.17278,1.17304,458,8,0,1,0,1.7049716974809915e-05,0.00022164632067120388,0.99,0.7465937230933395,1
2025-12-12 09:45:00,1.17304,1.1734499999999999,1.17295,1.17325,477,8,0,1,0,0.00019603665033023863,0.00040059663328358873,0.99,0.7465937230933395,1
2025-12-12 10:00:00,1.17325,1.17325,1.17296,1.17305,430,8,0,1,0,2.557435744424747e-05,0.0002301692169984165,0.99,0.7465937230933395,1
2025-12-12 10:15:00,1.17306,1.1733,1.17253,1.17256,456,8,0,0,1,0.00036671897386908166,0.00018762366104923154,0.99,0.7463099569277062,1
2025-12-12 10:30:00,1.17254,1.17277,1.17248,1.17251,356,8,0,0,0,0.0004093781716147717,0.00023027522153328542,0.99,0.0,0
2025-12-12 10:45:00,1.17249,1.17273,1.17241,1.17272,396,8,0,0,1,0.00023023398594719326,5.116310798822309e-05,0.99,0.7463099569277062,1
2025-12-12 11:00:00,1.17272,1.17286,1.17258,1.17259,371,8,0,0,1,0.00034112520147703456,0.0001620344707015346,0.99,0.7463099569277062,1
2025-12-12 11:15:00,1.17258,1.17289,1.1722299999999999,1.17231,364,8,0,0,0,0.0005629910177341172,0.00029002567580248143,0.99,0.0,0
2025-12-12 11:30:00,1.17231,1.17243,1.17221,1.17241,276,8,0,0,0,0.0004947074828771718,0.0003155892563181664,0.99,0.0,0
2025-12-12 11:45:00,1.17241,1.17286,1.17241,1.17265,364,8,0,0,1,0.00028994158529826205,0.00011086001790812559,0.99,0.7463099569277062,1
2025-12-12 12:00:00,1.17265,1.17278,1.17216,1.17228,510,8,0,0,0,0.0005374142696283383,0.00026444194219813735,0.99,0.0,0
2025-12-12 12:15:00,1.17228,1.17257,1.17219,1.17229,341,8,0,0,0,0.0005459399977820965,0.00027296999889114295,0.99,0.0,0
2025-12-12 12:30:00,1.17232,1.1724,1.17198,1.17202,348,8,0,0,1,0.00031569427142879935,4.2661388031011e-05,0.99,0.7465637960765799,1
2025-12-12 12:45:00,1.17202,1.17251,1.17192,1.17248,451,8,0,0,0,0.00043497543668123164,0.0002558679039301028,0.99,0.0,0
2025-12-12 13:00:00,1.1724700000000001,1.17325,1.17234,1.17294,646,8,0,1,1,4.2627926407048496e-05,0.00013640936450300952,0.99,0.7471142295148,1
2025-12-12 13:15:00,1.17295,1.17323,1.17262,1.17311,530,8,0,1,0,7.67191482470915e-05,0.00028130354357235336,0.99,0.7465937230933395,1
2025-12-12 13:30:00,1.1730800000000001,1.17348,1.17302,1.17326,537,8,0,0,0,0.0002045582394354346,0.0004091164788708692,0.99,0.0,0
2025-12-12 13:45:00,1.17325,1.17331,1.17258,1.17272,594,8,0,0,1,0.00023023398594719326,5.116310798822309e-05,0.99,0.7463099569277062,1
2025-12-12 14:00:00,1.17271,1.17292,1.17228,1.17257,757,8,0,0,1,0.0003581875708913643,0.00017909378544568214,0.99,0.7463099569277062,1
2025-12-12 14:15:00,1.17259,1.1732,1.17259,1.1732,740,8,0,1,0,0.00015342652574162034,0.00035799522673038436,0.99,0.7465937230933395,1
2025-12-12 14:30:00,1.17319,1.17388,1.17311,1.17372,757,8,0,1,0,0.00011075895443562819,0.0008008724397643073,0.99,0.7474406991857608,1
2025-12-12 14:45:00,1.17374,1.17431,1.17362,1.17416,706,8,0,1,0,4.258363425758284e-05,0.0011753083055121608,0.99,0.7479942141944069,1
2025-12-12 15:00:00,1.17415,1.17446,1.17368,1.17376,744,8,0,1,0,0.00014483369683751662,0.0008349236641221212,0.99,0.7474406991857608,1
2025-12-12 15:15:00,1.17375,1.17377,1.17291,1.17355,845,8,0,1,0,3.408461505672358e-05,0.0006561288398450508,0.99,0.7474406991857608,1
2025-12-12 15:30:00,1.17356,1.17398,1.17336,1.17354,869,8,0,1,0,4.260613187440008e-05,0.0006476132044924706,0.99,0.7474406991857608,1
2025-12-12 15:45:00,1.17356,1.1739,1.17327,1.17378,828,8,0,1,0,0.00016187019714097574,0.0008519484060046276,0.99,0.7474406991857608,1
2025-12-12 16:00:00,1.17377,1.17429,1.17366,1.17375,806,8,0,1,0,0.00013631522896712247,0.0008264110756124706,0.99,0.7474406991857608,1
2025-12-12 16:15:00,1.17377,1.1741,1.17352,1.17361,625,8,0,1,0,1.704143625235898e-05,0.0007072196044683569,0.99,0.7474406991857608,1
2025-12-12 16:30:00,1.17361,1.17363,1.17259,1.1728,727,8,0,1,1,0.00016200545702584624,1.705320600284023e-05,0.99,0.7471142295148,1
2025-12-12 16:45:00,1.17279,1.17328,1.17272,1.17307,540,8,0,1,0,4.2623202366530144e-05,0.0002472145737254584,0.99,0.7465937230933395,1
2025-12-12 17:00:00,1.17307,1.17332,1.17295,1.17325,489,8,0,1,0,0.00019603665033023863,0.00040059663328358873,0.99,0.7465937230933395,1
2025-12-12 17:15:00,1.17324,1.17425,1.17315,1.17425,516,8,0,1,0,0.0,0.0012518628912072235,0.99,0.7473043160209429,1
2025-12-12 17:30:00,1.17425,1.17478,1.1740599999999999,1.17476,438,8,0,1,0,1.7024753992416342e-05,0.0016854506452382552,0.99,0.7464277181952659,1
2025-12-12 17:45:00,1.17475,1.17477,1.17442,1.17471,383,8,0,1,0,2.5538217943130213e-05,0.0016429586876760965,0.99,0.7464277181952659,1
2025-12-12 18:00:00,1.17472,1.17483,1.17441,1.17459,457,8,0,1,0,0.00012770413505978464,0.0015409632297227877,0.99,0.7464277181952659,1
2025-12-12 18:15:00,1.1746,1.17488,1.17454,1.17475,391,8,0,1,0,8.512449457387115e-06,0.0016769525430942987,0.99,0.7464277181952659,1
2025-12-12 18:30:00,1.17477,1.17494,1.1746,1.17461,318,8,0,1,0,0.00011067503256396888,0.0015579639199393828,0.99,0.7464277181952659,1
2025-12-12 18:45:00,1.17461,1.17466,1.17403,1.17411,336,8,0,1,0,8.517089540161398e-05,0.001132772908841636,0.99,0.7479942141944069,1
2025-12-12 19:00:00,1.17413,1.17413,1.17371,1.17391,375,8,0,0,0,0.00025555621810868545,0.0009625950882095522,0.99,0.0,0
2025-12-12 19:15:00,1.17388,1.17408,1.17372,1.17379,272,8,0,1,0,0.0001703882295810818,0.0008604605593845198,0.99,0.7474406991857608,1
2025-12-12 19:30:00,1.17379,1.17407,1.17375,1.17378,315,8,0,1,0,0.00016187019714097574,0.0008519484060046276,0.99,0.7474406991857608,1
2025-12-12 19:45:00,1.17377,1.17408,1.1735,1.174,387,8,0,1,0,0.00017887563884160434,0.0010391822827938663,0.99,0.7479942141944069,1
2025-12-12 20:00:00,1.17399,1.17463,1.17397,1.17446,413,8,0,1,0,0.00017880557873409353,0.0014304446298725592,0.99,0.7473043160209429,1
2025-12-12 20:15:00,1.17447,1.17449,1.1741,1.1742,276,8,0,1,0,8.516436722930942e-06,0.0012093340146482514,0.99,0.7479942141944069,1
2025-12-12 20:30:00,1.1742,1.1743999999999999,1.1741,1.17423,248,8,0,1,0,1.703243827862427e-05,0.0012348517752060271,0.99,0.7473043160209429,1
2025-12-12 20:45:00,1.17423,1.17431,1.17366,1.17391,839,8,0,0,0,0.00025555621810868545,0.0009625950882095522,0.99,0.0,0
2025-12-12 21:00:00,1.17389,1.17446,1.1738,1.17429,234,8,0,1,0,3.4063136022651986e-05,0.0012858833848539307,0.99,0.7473043160209429,1
2025-12-12 21:15:00,1.17427,1.17433,1.17394,1.17397,158,8,0,0,0,0.00020443452558414438,0.0010136545226879941,0.99,0.0,0
2025-12-12 21:30:00,1.17395,1.17429,1.17389,1.17414,189,8,0,1,0,5.9618103462972474e-05,0.001158294581566106,0.99,0.7479942141944069,1
2025-12-12 21:45:00,1.17414,1.17421,1.17381,1.1739600000000001,267,8,0,0,0,0.00021295444478505352,0.0010051449793861637,0.99,0.0,0
2025-12-14 22:00:00,1.17378,1.17378,1.17322,1.17354,105,48,0,1,0,4.260613187440008e-05,0.0006476132044924706,0.99,0.7474406991857608,1
2025-12-14 22:15:00,1.17355,1.1736,1.1735,1.17359,113,48,0,1,0,0.0,0.0006901899300436928,0.99,0.7474406991857608,1
2025-12-14 22:30:00,1.17356,1.17362,1.17343,1.17348,164,48,0,1,0,9.373828271451788e-05,0.0005965163445479641,0.99,0.7474406991857608,1
2025-12-14 22:45:00,1.17347,1.17359,1.17347,1.17351,104,48,0,1,0,6.817155371480256e-05,0.0006220654276487797,0.99,0.7474406991857608,1
2025-12-14 23:00:00,1.17364,1.17395,1.17352,1.17389,264,8,0,0,0,0.0002555605721150951,0.0009455741168253979,0.99,0.0,0
2025-12-14 23:15:00,1.1739,1.17402,1.17379,1.17387,195,8,0,0,0,0.00023852726451826692,0.0009285525654459483,0.99,0.0,0
2025-12-14 23:30:00,1.17386,1.174,1.17373,1.17393,147,8,0,0,0,0.00023851507330084246,0.000979615479628244,0.99,0.0,0
2025-12-14 23:45:00,1.17393,1.17399,1.17362,1.17366,172,8,0,1,0,5.964248589882462e-05,0.0007497912512993473,0.99,0.7474406991857608,1
2025-12-15 00:00:00,1.17368,1.17368,1.17317,1.17318,289,8,0,1,0,0.00013638145894060417,0.000340953647351605,0.99,0.7465937230933395,1
2025-12-15 00:15:00,1.17318,1.17321,1.17285,1.17285,225,8,0,1,1,0.0001193673530289713,5.968367651448565e-05,0.99,0.7471142295148,1
2025-12-15 00:30:00,1.17285,1.17314,1.17282,1.17302,243,8,0,1,0,0.0,0.00020460009207005678,0.99,0.7465937230933395,1
2025-12-15 00:45:00,1.17302,1.17339,1.17296,1.17328,392,8,0,0,0,0.00022160098186293893,0.0004261557343517037,0.99,0.0,0
2025-12-15 01:00:00,1.17327,1.17337,1.17293,1.17309,363,8,0,1,0,5.967146595744103e-05,0.00026425934924006897,0.99,0.7465937230933395,1
2025-12-15 01:15:00,1.1730800000000001,1.1733,1.1729,1.17329,355,8,0,0,0,0.0002301221351924865,0.0004346751442524955,0.99,0.0,0
2025-12-15 01:30:00,1.1733,1.17394,1.17319,1.17387,344,8,0,0,0,0.00023852726451826692,0.0009285525654459483,0.99,0.0,0
2025-12-15 01:45:00,1.17387,1.17421,1.17372,1.17409,382,8,0,1,0,0.00010220681549105942,0.0011157577357784705,0.99,0.7479942141944069,1
2025-12-15 02:00:00,1.17408,1.17426,1.17368,1.17391,411,8,0,0,0,0.00025555621810868545,0.0009625950882095522,0.99,0.0,0
2025-12-15 02:15:00,1.1739,1.17409,1.17373,1.17405,367,8,0,1,0,0.00013628039691660317,0.001081725650526046,0.99,0.7479942141944069,1
2025-12-15 02:30:00,1.17407,1.17423,1.17384,1.17416,415,8,0,1,0,4.258363425758284e-05,0.0011753083055121608,0.99,0.7479942141944069,1
2025-12-15 02:45:00,1.17416,1.17445,1.17397,1.17409,365,8,0,1,0,0.00010220681549105942,0.0011157577357784705,0.99,0.7479942141944069,1
2025-12-15 03:00:00,1.1741,1.17445,1.17388,1.17393,310,8,0,0,0,0.00023851507330084246,0.000979615479628244,0.99,0.0,0
2025-12-15 03:15:00,1.17394,1.17409,1.17376,1.17376,348,8,0,1,0,0.00014483369683751662,0.0008349236641221212,0.99,0.7474406991857608,1
2025-12-15 03:30:00,1.17376,1.17389,1.17355,1.17364,310,8,0,1,0,4.2602501618984966e-05,0.0007327630278450657,0.99,0.7474406991857608,1
2025-12-15 03:45:00,1.17365,1.17366,1.17317,1.1734,250,8,0,1,0,0.0001619226180329917,0.0005283790693711138,0.99,0.7474406991857608,1
2025-12-15 04:00:00,1.1734,1.17348,1.17326,1.17331,217,8,0,0,0,0.00023864110934010272,0.0004517135283941511,0.99,0.0,0
2025-12-15 04:15:00,1.17331,1.17349,1.17317,1.17349,243,8,0,1,0,8.521589446862691e-05,0.0006050328507273079,0.99,0.7474406991857608,1
2025-12-15 04:30:00,1.17351,1.17355,1.17334,1.17348,254,8,0,1,0,9.373828271451788e-05,0.0005965163445479641,0.99,0.7474406991857608,1
2025-12-15 04:45:00,1.17347,1.17351,1.1732,1.17321,203,8,0,1,0,0.00016194884121353763,0.00036651579853577145,0.99,0.7465937230933395,1
2025-12-15 05:00:00,1.17322,1.1734,1.17318,1.17339,198,8,0,1,0,0.0001704463136723323,0.0005198612567006702,0.99,0.7474406991857608,1
2025-12-15 05:15:00,1.1734,1.17343,1.17322,1.17328,201,8,0,0,0,0.00022160098186293893,0.0004261557343517037,0.99,0.0,0
2025-12-15 05:30:00,1.17328,1.1735,1.17324,1.17334,302,8,0,0,0,0.00021306697121027275,0.0004772700155113743,0.99,0.0,0
2025-12-15 05:45:00,1.17334,1.17356,1.17328,1.17341,271,8,0,1,0,0.0001533990676744249,0.0005368967368610548,0.99,0.7474406991857608,1
2025-12-15 06:00:00,1.1734,1.17344,1.17298,1.17328,312,8,0,0,0,0.00022160098186293893,0.0004261557343517037,0.99,0.0,0
2025-12-15 06:15:00,1.17329,1.17353,1.17285,1.17348,461,8,0,1,0,9.373828271451788e-05,0.0005965163445479641,0.99,0.7474406991857608,1
2025-12-15 06:30:00,1.17349,1.17353,1.17304,1.17329,334,8,0,0,0,0.0002301221351924865,0.0004346751442524955,0.99,0.0,0
2025-12-15 06:45:00,1.17329,1.17361,1.17317,1.1735,361,8,0,1,0,7.669365146989644e-05,0.0006135492117597392,0.99,0.7474406991857608,1
2025-12-15 07:00:00,1.17351,1.17379,1.17307,1.1732,497,8,0,1,0,0.00015342652574162034,0.00035799522673038436,0.99,0.7465937230933395,1
2025-12-15 07:15:00,1.1732,1.17366,1.17309,1.1734,416,8,0,1,0,0.0001619226180329917,0.0005283790693711138,0.99,0.7474406991857608,1
2025-12-15 07:30:00,1.1734,1.17358,1.17312,1.1732,404,8,0,1,0,0.00015342652574162034,0.00035799522673038436,0.99,0.7465937230933395,1
2025-12-15 07:45:00,1.1732,1.17336,1.17275,1.17281,493,8,0,1,1,0.00015347754538251636,2.5579590897054506e-05,0.99,0.7471142295148,1
2025-12-15 08:00:00,1.1728,1.17311,1.17259,1.17299,603,8,0,1,1,0.0,0.00017902965924691897,0.99,0.7471142295148,1
2025-12-15 08:15:00,1.17299,1.17341,1.17289,1.17326,591,8,0,0,0,0.0002045582394354346,0.0004091164788708692,0.99,0.0,0
2025-12-15 08:30:00,1.17324,1.17384,1.17321,1.17354,560,8,0,1,0,4.260613187440008e-05,0.0006476132044924706,0.99,0.7474406991857608,1
2025-12-15 08:45:00,1.17354,1.17363,1.17311,1.17311,558,8,0,1,0,7.67191482470915e-05,0.00028130354357235336,0.99,0.7465937230933395,1
2025-12-15 09:00:00,1.1731,1.17425,1.17301,1.17415,599,8,0,1,0,5.1100796320699216e-05,0.0011668015159903703,0.99,0.7479942141944069,1
2025-12-15 09:15:00,1.17415,1.17424,1.17383,1.17419,495,8,0,1,0,1.703301850629709e-05,0.0012008278046995234,0.99,0.7479942141944069,1
2025-12-15 09:30:00,1.17418,1.17428,1.17388,1.17414,453,8,0,1,0,5.9618103462972474e-05,0.001158294581566106,0.99,0.7479942141944069,1
2025-12-15 09:45:00,1.17413,1.17432,1.1739600000000001,1.17429,392,8,0,1,0,3.4063136022651986e-05,0.0012858833848539307,0.99,0.7473043160209429,1
2025-12-15 10:00:00,1.17428,1.17438,1.17412,1.17412,382,8,0,1,0,7.665315299962821e-05,0.001141280277995536,0.99,0.7479942141944069,1
2025-12-15 10:15:00,1.17413,1.17465,1.17407,1.17428,452,8,0,1,0,2.5547569574526084e-05,0.0012773784787274388,0.99,0.7473043160209429,1
2025-12-15 10:30:00,1.17427,1.1743000000000001,1.17388,1.17419,468,8,0,1,0,1.703301850629709e-05,0.0012008278046995234,0.99,0.7479942141944069,1
2025-12-15 10:45:00,1.17418,1.17431,1.17402,1.17425,309,8,0,1,0,0.0,0.0012518628912072235,0.99,0.7473043160209429,1
2025-12-15 11:00:00,1.17425,1.17456,1.17409,1.17451,275,8,0,1,0,0.0001958263446032409,0.0014729546789725156,0.99,0.7464277181952659,1
2025-12-15 11:15:00,1.17451,1.17484,1.17449,1.1746699999999999,289,8,0,1,0,5.959120433825202e-05,0.0016089625171324265,0.99,0.7464277181952659,1
2025-12-15 11:30:00,1.17468,1.17486,1.17459,1.17481,316,8,0,1,0,5.958410296134226e-05,0.0017279389858785475,0.99,0.7464277181952659,1
2025-12-15 11:45:00,1.17481,1.17496,1.17448,1.17484,354,8,0,1,0,8.511797351146626e-05,0.0017534302543326518,0.99,0.7464277181952659,1
2025-12-15 12:00:00,1.17484,1.17523,1.17478,1.17503,381,8,0,0,0,0.0002468022093053994,0.0019148447273687355,0.99,0.0,0
2025-12-15 12:15:00,1.17503,1.17545,1.17503,1.17542,331,8,0,0,0,0.000323288696806288,0.0022460056830749657,0.99,0.0,0
2025-12-15 12:30:00,1.17542,1.17549,1.17521,1.17536,332,8,0,0,0,0.0003743533895997788,0.0021950721481078365,0.99,0.0,0
2025-12-15 12:45:00,1.17536,1.1758899999999999,1.17519,1.17525,544,8,0,0,0,0.0004339502233567415,0.0021016804935119955,0.99,0.0,0
2025-12-15 13:00:00,1.17523,1.17563,1.17514,1.17554,542,8,0,0,0,0.00022117494938490138,0.002347857155009694,0.99,0.0,0
2025-12-15 13:15:00,1.17554,1.17559,1.1752,1.17545,421,8,0,0,0,0.00029775830532974637,0.002271470500659468,0.99,0.0,0
2025-12-15 13:30:00,1.17543,1.17595,1.17543,1.17559,536,8,0,1,0,0.00017863370732997346,0.0023902891314148463,0.99,0.7473736533629121,1
2025-12-15 13:45:00,1.1756,1.1757900000000001,1.17469,1.17472,680,8,0,1,0,1.702533369646297e-05,0.001651457368564469,0.99,0.7464277181952659,1
2025-12-15 14:00:00,1.1747,1.17478,1.17437,1.17463,657,8,0,1,0,9.364650996469735e-05,0.0015749640312269645,0.99,0.7464277181952659,1
2025-12-15 14:15:00,1.17463,1.17506,1.17446,1.17503,574,8,0,0,0,0.0002468022093053994,0.0019148447273687355,0.99,0.0,0
2025-12-15 14:30:00,1.17503,1.17586,1.17503,1.17573,766,8,0,1,0,5.953747884294396e-05,0.002509079465523554,0.99,0.7473736533629121,1
2025-12-15 14:45:00,1.17572,1.17638,1.1756199999999999,1.17631,801,8,0,1,0,5.100696245033111e-05,0.0030009096241637267,0.99,0.7466971274088896,1
2025-12-15 15:00:00,1.17633,1.17685,1.17614,1.17636,925,8,0,1,0,8.500799075112123e-05,0.0030432860688905934,0.99,0.7471431941821486,1
2025-12-15 15:15:00,1.17635,1.1768399999999999,1.1756,1.17585,1477,8,0,1,0,4.2522430582221805e-05,0.002610877237743018,0.99,0.7473736533629121,1
2025-12-15 15:30:00,1.17582,1.17629,1.17544,1.17608,986,8,0,1,0,0.0001275423440583077,0.00280593156928107,0.99,0.7467548115029226,1
2025-12-15 15:45:00,1.1761,1.1764999999999999,1.17581,1.17625,829,8,0,1,0,0.0,0.002950053134962877,0.99,0.7466971274088896,1
2025-12-15 16:00:00,1.17626,1.17626,1.17584,1.17607,637,8,0,1,0,0.00011904053330161385,0.002797452532587359,0.99,0.7467548115029226,1
2025-12-15 16:15:00,1.17606,1.17642,1.1758899999999999,1.1758899999999999,660,8,0,1,0,1.7008393642373882e-05,0.0026448052113717665,0.99,0.747955171355261,1
2025-12-15 16:30:00,1.1758899999999999,1.17596,1.1752,1.17535,719,8,0,0,0,0.0003828646786064249,0.002186582720040806,0.99,0.0,0
2025-12-15 16:45:00,1.17537,1.17583,1.1753,1.1755200000000001,658,8,0,0,0,0.0002381924595071423,0.0023308833537499887,0.99,0.0,0
2025-12-15 17:00:00,1.17551,1.17554,1.1751800000000001,1.1752799999999999,539,8,0,0,0,0.00044244775713028046,0.0021271526785106077,0.99,0.0,0
2025-12-15 17:15:00,1.17529,1.1753,1.17484,1.17496,345,8,0,1,0,0.0001872404166951292,0.0018553823108872394,0.99,0.7464277181952659,1
2025-12-15 17:30:00,1.17495,1.17513,1.17454,1.17462,481,8,0,1,0,0.00010216069877909279,0.0015664640479474757,0.99,0.7464277181952659,1
2025-12-15 17:45:00,1.17462,1.17476,1.17444,1.17456,399,8,0,1,0,0.00015324887617477773,0.001515461108840855,0.99,0.7464277181952659,1
2025-12-15 18:00:00,1.17456,1.1748,1.17437,1.17448,426,8,0,1,0,0.0001958313466384719,0.0014474490838499038,0.99,0.7473043160209429,1
2025-12-15 18:15:00,1.17448,1.17449,1.17397,1.1740599999999999,341,8,0,1,0,0.00012776178389528177,0.0010902338892390066,0.99,0.7479942141944069,1
2025-12-15 18:30:00,1.1740599999999999,1.17425,1.17398,1.1742,333,8,0,1,0,8.516436722930942e-06,0.0012093340146482514,0.99,0.7479942141944069,1
2025-12-15 18:45:00,1.17421,1.17441,1.17389,1.1743000000000001,316,8,0,1,0,4.257855743856383e-05,0.001294388146129769,0.99,0.7473043160209429,1
2025-12-15 19:00:00,1.17429,1.17435,1.17391,1.17393,276,8,0,0,0,0.00023851507330084246,0.000979615479628244,0.99,0.0,0
2025-12-15 19:15:00,1.17393,1.17399,1.1738,1.17387,216,8,0,0,0,0.00023852726451826692,0.0009285525654459483,0.99,0.0,0
2025-12-15 19:30:00,1.17387,1.17449,1.17386,1.17449,218,8,0,0,0,0.00020434401314614682,0.0014559510936662725,0.99,0.0,0
2025-12-15 19:45:00,1.17449,1.17495,1.17439,1.17483,289,8,0,1,0,7.660682822207938e-05,0.001744933309500189,0.99,0.7464277181952659,1
2025-12-15 20:00:00,1.17482,1.17496,1.17471,1.17485,263,8,0,1,0,9.362897391160957e-05,0.001761927054517612,0.99,0.7464277181952659,1
2025-12-15 20:15:00,1.17485,1.175,1.1748,1.17487,247,8,0,1,0,0.0001106505400599092,0.0017789202209607421,0.99,0.7464277181952659,1
2025-12-15 20:30:00,1.17488,1.17514,1.17476,1.1751,248,8,0,0,0,0.00030635690579536887,0.001974300059569483,0.99,0.0,0
2025-12-15 20:45:00,1.1751,1.17515,1.17487,1.17508,203,8,0,0,0,0.0002893420022466615,0.0019573135446097024,0.99,0.0,0
2025-12-15 21:00:00,1.17506,1.17513,1.17485,1.17511,218,8,0,0,0,0.0003148641403785207,0.0019827931002205455,0.99,0.0,0
2025-12-15 21:15:00,1.17511,1.17521,1.17492,1.17505,162,8,0,0,0,0.00026381856091232925,0.00193183268797072,0.99,0.0,0
2025-12-15 21:30:00,1.17505,1.17521,1.17496,1.17506,128,8,0,0,0,0.00027232651949696013,0.0019403264514152977,0.99,0.0,0
2025-12-15 21:45:00,1.17506,1.17531,1.1749,1.17523,223,8,0,0,0,0.0004169396628745875,0.0020846983143725595,0.99,0.0,0
2025-12-15 22:00:00,1.17524,1.17531,1.17486,1.1749,205,20,0,1,0,0.00013618180270674952,0.0018044088858627301,0.99,0.7464277181952659,1
2025-12-15 22:15:00,1.1749,1.17509,1.17483,1.17497,129,48,0,1,0,0.00019574967871534976,0.0018638773755926842,0.99,0.7464277181952659,1
2025-12-15 22:30:00,1.17498,1.17514,1.17492,1.17507,156,20,0,0,0,0.0002808343332739015,0.0019488200702937912,0.99,0.0,0
2025-12-15 22:45:00,1.17508,1.17514,1.1750099999999999,1.17509,97,20,0,0,0,0.0002978495264193147,0.0019658068743670988,0.99,0.0,0
2025-12-15 23:00:00,1.17512,1.17554,1.17512,1.17541,188,8,0,0,0,0.00033179911690379564,0.0022375171216853116,0.99,0.0,0
2025-12-15 23:15:00,1.17539,1.17541,1.17523,1.17537,106,8,0,0,0,0.0003658422454205318,0.002203561431719452,0.99,0.0,0
2025-12-15 23:30:00,1.17537,1.17545,1.17519,1.17535,121,8,0,0,0,0.0003828646786064249,0.002186582720040806,0.99,0.0,0
2025-12-15 23:45:00,1.17535,1.17544,1.17529,1.1753,100,8,0,0,0,0.00042542329617965195,0.002144133412745748,0.99,0.0,0
2025-12-16 00:00:00,1.1753,1.17576,1.1753,1.1757,315,8,0,1,0,8.505571149101726e-05,0.0024836267755380063,0.99,0.7473736533629121,1
2025-12-16 00:15:00,1.17571,1.17575,1.1754,1.17541,240,8,0,0,0,0.00033179911690379564,0.0022375171216853116,0.99,0.0,0
2025-12-16 00:30:00,1.1754,1.17545,1.17519,1.1753,199,8,0,0,0,0.00042542329617965195,0.002144133412745748,0.99,0.0,0
2025-12-16 00:45:00,1.1753,1.17531,1.17479,1.17495,321,8,0,1,0,0.00017873100983024256,0.0018468871015787953,0.99,0.7464277181952659,1
2025-12-16 01:00:00,1.17495,1.17521,1.17482,1.17486,409,8,0,1,0,0.000102139829426587,0.0017704237100591405,0.99,0.7464277181952659,1
2025-12-16 01:15:00,1.17486,1.17496,1.17473,1.17476,281,8,0,1,0,1.7024753992416342e-05,0.0016854506452382552,0.99,0.7464277181952659,1
2025-12-16 01:30:00,1.17475,1.17549,1.1747,1.17524,387,8,0,0,0,0.0004254450154863406,0.0020931894761922064,0.99,0.0,0
2025-12-16 01:45:00,1.17524,1.17529,1.17464,1.17515,482,8,0,0,0,0.00034889163085565373,0.0020167638173850004,0.99,0.0,0
2025-12-16 02:00:00,1.17515,1.17536,1.17496,1.17536,335,8,0,0,0,0.0003743533895997788,0.0021950721481078365,0.99,0.0,0
2025-12-16 02:15:00,1.17536,1.17551,1.17519,1.17543,308,8,0,0,0,0.0003147784215138132,0.002254494100031513,0.99,0.0,0
2025-12-16 02:30:00,1.17544,1.17558,1.17536,1.17558,227,8,0,1,0,0.00018714166624124852,0.002381803024889957,0.99,0.7473736533629121,1
2025-12-16 02:45:00,1.17558,1.1756199999999999,1.1754,1.17551,260,8,0,0,0,0.00024670143171891474,0.0023223962365272275,0.99,0.0,0
2025-12-16 03:00:00,1.1755200000000001,1.17588,1.17533,1.17538,328,8,0,0,0,0.0003573312460649874,0.002212050570879339,0.99,0.0,0
2025-12-16 03:15:00,1.17538,1.1755,1.17516,1.17519,291,8,0,0,0,0.00038291680494223186,0.002050732222023693,0.99,0.0,0
2025-12-16 03:30:00,1.17519,1.17521,1.17499,1.175,282,8,0,0,0,0.00022127659574480764,0.0018893617021277537,0.99,0.0,0
2025-12-16 03:45:00,1.175,1.17522,1.17499,1.17515,176,8,0,0,0,0.00034889163085565373,0.0020167638173850004,0.99,0.0,0
2025-12-16 04:00:00,1.17515,1.17531,1.17496,1.17498,178,8,0,0,0,0.00020425879589441352,0.001872372295698633,0.99,0.0,0
2025-12-16 04:15:00,1.17498,1.17535,1.17496,1.1752799999999999,171,8,0,0,0,0.00044244775713028046,0.0021271526785106077,0.99,0.0,0
2025-12-16 04:30:00,1.1752799999999999,1.17534,1.17515,1.17526,165,8,0,0,0,0.00044245528648986267,0.002110171366335992,0.99,0.0,0
2025-12-16 04:45:00,1.17526,1.17531,1.17503,1.17507,181,8,0,0,0,0.0002808343332739015,0.0019488200702937912,0.99,0.0,0
2025-12-16 05:00:00,1.17507,1.17529,1.17498,1.1751,205,8,0,0,0,0.00030635690579536887,0.001974300059569483,0.99,0.0,0
2025-12-16 05:15:00,1.17509,1.17525,1.17503,1.17519,210,8,0,0,0,0.00038291680494223186,0.002050732222023693,0.99,0.0,0
2025-12-16 05:30:00,1.1752,1.17532,1.17488,1.17519,287,8,0,0,0,0.00038291680494223186,0.002050732222023693,0.99,0.0,0
2025-12-16 05:45:00,1.17519,1.17538,1.17494,1.1750099999999999,291,8,0,0,0,0.00022978527842315596,0.0018978561884579318,0.99,0.0,0
2025-12-16 06:00:00,1.175,1.17511,1.17481,1.17493,295,8,0,1,0,0.0001617117615518665,0.0018298962491383284,0.99,0.7464277181952659,1
2025-12-16 06:15:00,1.17493,1.17493,1.17463,1.17472,310,8,0,1,0,1.702533369646297e-05,0.001651457368564469,0.99,0.7464277181952659,1
2025-12-16 06:30:00,1.17473,1.17509,1.1747,1.17508,268,8,0,0,0,0.0002893420022466615,0.0019573135446097024,0.99,0.0,0
2025-12-16 06:45:00,1.17508,1.17533,1.175,1.17524,272,8,0,0,0,0.0004254450154863406,0.0020931894761922064,0.99,0.0,0
2025-12-16 07:00:00,1.17521,1.1754,1.1743999999999999,1.17469,504,8,0,1,0,4.256442125146504e-05,0.0016259608918098207,0.99,0.7464277181952659,1
2025-12-16 07:15:00,1.1747,1.17495,1.17461,1.17489,377,8,0,1,0,0.00012767152669619666,0.0017959128088587495,0.99,0.7464277181952659,1
2025-12-16 07:30:00,1.17487,1.1752799999999999,1.17472,1.17515,431,8,0,0,0,0.00034889163085565373,0.0020167638173850004,0.99,0.0,0
2025-12-16 07:45:00,1.17513,1.17521,1.17486,1.17519,477,8,0,0,0,0.00038291680494223186,0.002050732222023693,0.99,0.0,0
2025-12-16 08:00:00,1.17521,1.1758899999999999,1.17521,1.17573,601,8,0,1,0,5.953747884294396e-05,0.002509079465523554,0.99,0.7473736533629121,1
2025-12-16 08:15:00,1.17574,1.17636,1.17541,1.17575,632,8,0,1,0,4.2526047203813286e-05,0.0025260472039125145,0.99,0.7473736533629121,1
2025-12-16 08:30:00,1.17574,1.17574,1.17463,1.1749100000000001,740,8,0,1,0,0.0001446919338504443,0.0018129048182415565,0.99,0.7464277181952659,1
2025-12-16 08:45:00,1.1749,1.17559,1.17484,1.1754,631,8,0,0,0,0.00034030968181041,0.002229028415858488,0.99,0.0,0
2025-12-16 09:00:00,1.17539,1.17558,1.17499,1.17558,551,8,0,1,0,0.00018714166624124852,0.002381803024889957,0.99,0.7473736533629121,1
2025-12-16 09:15:00,1.17558,1.17558,1.17498,1.17511,555,8,0,0,0,0.0003148641403785207,0.0019827931002205455,0.99,0.0,0
2025-12-16 09:30:00,1.1751,1.17611,1.175,1.17576,632,8,0,1,0,3.402054841127442e-05,0.0025345308566373944,0.99,0.7473736533629121,1
2025-12-16 09:45:00,1.17577,1.17615,1.17543,1.17558,542,8,0,1,0,0.00018714166624124852,0.002381803024889957,0.99,0.7473736533629121,1
2025-12-16 10:00:00,1.17558,1.17614,1.17558,1.17592,555,8,0,1,0,8.50397986244257e-06,0.0026702496768488864,0.99,0.7467548115029226,1
2025-12-16 10:15:00,1.17593,1.17593,1.1755200000000001,1.17576,396,8,0,1,0,3.402054841127442e-05,0.0025345308566373944,0.99,0.7473736533629121,1
2025-12-16 10:30:00,1.17576,1.17591,1.17533,1.1759,560,8,0,1,0,8.504124500438398e-06,0.002653286844119408,0.99,0.747955171355261,1
2025-12-16 10:45:00,1.17588,1.17602,1.17541,1.17569,461,8,0,1,0,9.356207843909067e-05,0.002475142256887418,0.99,0.7473736533629121,1
2025-12-16 11:00:00,1.17568,1.17571,1.17538,1.1755,328,8,0,0,0,0.0002552105487026516,0.0023139089749043434,0.99,0.0,0
2025-12-16 11:15:00,1.17549,1.17554,1.17514,1.17547,361,8,0,0,0,0.00028073876832240846,0.002288446323598289,0.99,0.0,0
2025-12-16 11:30:00,1.17546,1.17594,1.17546,1.17586,336,8,0,1,0,4.252206895387675e-05,0.002619359447553256,0.99,0.747955171355261,1
2025-12-16 11:45:00,1.17585,1.17629,1.17575,1.17627,381,8,0,1,0,1.7002898994201145e-05,0.002967005874501597,0.99,0.7466971274088896,1
2025-12-16 12:00:00,1.17629,1.17645,1.17603,1.17624,422,8,0,1,0,8.50166632665571e-06,0.0029415765490036208,0.99,0.7466971274088896,1
2025-12-16 12:15:00,1.17625,1.17695,1.1762299999999999,1.17664,505,8,0,1,0,0.00011048409029096707,0.003280527604024999,0.99,0.7470666480314436,1
2025-12-16 12:30:00,1.17665,1.17681,1.17639,1.17671,417,8,0,1,0,0.00016996541203863143,0.003339820346559466,0.99,0.7470666480314436,1
2025-12-16 12:45:00,1.17669,1.17779,1.17657,1.17774,545,8,0,1,0,6.792670708312531e-05,0.0042114558391496216,0.99,0.7474700566146135,1
2025-12-16 13:00:00,1.17776,1.17781,1.17727,1.17736,741,8,0,0,0,0.00039070462730186775,0.003890059115308851,0.99,0.0,0
2025-12-16 13:15:00,1.1773500000000001,1.17776,1.17703,1.17704,1099,8,0,0,0,0.0004502820634813952,0.003619248283830755,0.99,0.0,0
2025-12-16 13:30:00,1.17704,1.17943,1.17615,1.17631,3778,8,0,1,0,5.100696245033111e-05,0.0030009096241637267,0.99,0.7466971274088896,1
2025-12-16 13:45:00,1.17632,1.17763,1.17567,1.17753,2006,8,0,0,0,0.00024627822645718027,0.004033867502314194,0.99,0.0,0
2025-12-16 14:00:00,1.17751,1.17787,1.17717,1.17744,1465,8,0,0,0,0.00032273406712872584,0.003957738823209767,0.99,0.0,0
2025-12-16 14:15:00,1.17743,1.17837,1.17686,1.17826,1226,8,0,0,0,0.000373432009912919,0.00465092594164289,0.99,0.0,0
2025-12-16 14:30:00,1.17824,1.1786699999999999,1.17813,1.17835,992,8,0,0,0,0.00044129503118774214,0.0047269486994526875,0.99,0.0,0
2025-12-16 14:45:00,1.17838,1.17995,1.17835,1.17991,1150,8,0,0,0,0.00024578145790791117,0.006042833775457519,0.99,0.0,0
2025-12-16 15:00:00,1.17992,1.18038,1.17856,1.17873,1276,8,0,1,0,0.00011877189856882321,0.005047805689174045,0.99,0.7468513222244763,1
2025-12-16 15:15:00,1.17875,1.17879,1.17768,1.17815,1150,8,0,0,0,0.0002801001570257959,0.0045579934643297515,0.99,0.0,0
2025-12-16 15:30:00,1.17815,1.17837,1.17751,1.17759,1046,8,0,1,0,0.00019531415857826113,0.004084613490263998,0.99,0.7474700566146135,1
2025-12-16 15:45:00,1.17761,1.17793,1.17671,1.17698,976,8,0,0,0,0.0003993270913694119,0.0035684548590460175,0.99,0.0,0
2025-12-16 16:00:00,1.177,1.17717,1.17608,1.17687,938,8,0,0,0,0.00030589614825778376,0.0034753201288163934,0.99,0.0,0
2025-12-16 16:15:00,1.17687,1.17755,1.17663,1.17726,766,8,0,0,0,0.00047568081817110576,0.0038054465453680915,0.99,0.0,0
2025-12-16 16:30:00,1.17724,1.17729,1.17641,1.17672,750,8,0,1,0,0.00017846216602084055,0.0033482901624855995,0.99,0.7470666480314436,1
2025-12-16 16:45:00,1.17671,1.17691,1.17645,1.17686,563,8,0,0,0,0.0002974015600836739,0.0034668524718318946,0.99,0.0,0
2025-12-16 17:00:00,1.17688,1.17764,1.17679,1.17752,606,8,0,0,0,0.0002547727427136601,0.004025409334873265,0.99,0.0,0
2025-12-16 17:15:00,1.17752,1.17757,1.17717,1.17731,470,8,0,0,0,0.0004331909182798162,0.003847754627073706,0.99,0.0,0
2025-12-16 17:30:00,1.17731,1.17775,1.17713,1.17742,445,8,0,0,0,0.0003397258412462656,0.003940819758454908,0.99,0.0,0
2025-12-16 17:45:00,1.17742,1.1776200000000001,1.17621,1.17637,558,8,0,1,0,7.650654130940565e-05,0.0030517609255591204,0.99,0.7471431941821486,1
2025-12-16 18:00:00,1.17637,1.17637,1.17527,1.17553,763,8,0,0,0,0.00022968363206382863,0.0023393703265761233,0.99,0.0,0
2025-12-16 18:15:00,1.17553,1.17554,1.17455,1.1745700000000001,598,8,0,1,0,0.0001447338174819563,0.0015239619605474175,0.99,0.7464277181952659,1
2025-12-16 18:30:00,1.17459,1.17531,1.17448,1.17521,495,8,0,0,0,0.00039992852341300063,0.0020677155572196917,0.99,0.0,0
2025-12-16 18:45:00,1.17521,1.17551,1.17519,1.17527,410,8,0,0,0,0.00045096020488902077,0.002118662094667696,0.99,0.0,0
2025-12-16 19:00:00,1.17525,1.17525,1.17459,1.17478,407,8,0,1,0,3.40489283100155e-05,0.0017024464154990738,0.99,0.7464277181952659,1
2025-12-16 19:15:00,1.17478,1.17509,1.17343,1.17451,1244,8,0,1,0,0.0001958263446032409,0.0014729546789725156,0.99,0.7464277181952659,1
2025-12-16 19:30:00,1.17453,1.17588,1.17453,1.17583,755,8,0,1,0,2.551389231434348e-05,0.0025939123852937902,0.99,0.7473736533629121,1
2025-12-16 19:45:00,1.17583,1.1762,1.1756,1.17573,576,8,0,1,0,5.953747884294396e-05,0.002509079465523554,0.99,0.7473736533629121,1
2025-12-16 20:00:00,1.17571,1.17625,1.17568,1.17591,528,8,0,1,0,0.0,0.0026617683326105547,0.99,0.747955171355261,1
2025-12-16 20:15:00,1.1759,1.17592,1.17535,1.17563,371,8,0,1,0,0.00014460331907147954,0.002424232113845359,0.99,0.7473736533629121,1
2025-12-16 20:30:00,1.17564,1.17596,1.17549,1.17571,396,8,0,1,0,7.654948924473167e-05,0.0024921111498584676,0.99,0.7473736533629121,1
2025-12-16 20:45:00,1.17571,1.1759,1.17461,1.17476,594,8,0,1,0,1.7024753992416342e-05,0.0016854506452382552,0.99,0.7464277181952659,1
2025-12-16 21:00:00,1.17473,1.17509,1.17455,1.17481,396,8,0,1,0,5.958410296134226e-05,0.0017279389858785475,0.99,0.7464277181952659,1
2025-12-16 21:15:00,1.17482,1.17482,1.17461,1.1747,167,8,0,1,0,3.4051247126771056e-05,0.0016344598620925714,0.99,0.7464277181952659,1
2025-12-16 21:30:00,1.17468,1.17495,1.17466,1.17482,180,8,0,1,0,6.809553803993805e-05,0.001736436220016719,0.99,0.7464277181952659,1
2025-12-16 21:45:00,1.17482,1.17506,1.17459,1.17465,205,8,0,1,0,7.66185672327276e-05,0.0015919635636147263,0.99,0.7464277181952659,1
2025-12-16 22:00:00,1.17463,1.17465,1.17442,1.1745,59,20,0,0,0,0.0002043422733076168,0.0014644529587059733,0.99,0.0,0
2025-12-16 22:15:00,1.17449,1.17469,1.17448,1.1745700000000001,119,20,0,1,0,0.0001447338174819563,0.0015239619605474175,0.99,0.7464277181952659,1
2025-12-16 22:30:00,1.17456,1.17472,1.17455,1.17455,140,20,0,1,0,0.00016176407986029752,0.001506960112383508,0.99,0.7464277181952659,1
2025-12-16 22:45:00,1.17454,1.17481,1.17453,1.17481,62,8,0,1,0,5.958410296134226e-05,0.0017279389858785475,0.99,0.7464277181952659,1
2025-12-16 23:00:00,1.17481,1.17503,1.17481,1.17492,151,8,0,1,0,0.00015320192013079103,0.0018214006059987325,0.99,0.7464277181952659,1
2025-12-16 23:15:00,1.17492,1.175,1.17484,1.17488,96,8,0,1,0,0.00011916110581508665,0.0017874165872259218,0.99,0.7464277181952659,1
2025-12-16 23:30:00,1.17488,1.17509,1.17487,1.17507,96,8,0,0,0,0.0002808343332739015,0.0019488200702937912,0.99,0.0,0
2025-12-16 23:45:00,1.17507,1.17507,1.17486,1.17489,100,8,0,1,0,0.00012767152669619666,0.0017959128088587495,0.99,0.7464277181952659,1
2025-12-17 00:00:00,1.1749,1.17492,1.17455,1.17458,209,8,0,1,0,0.00013621890377831905,0.0015324626675067036,0.99,0.7464277181952659,1
2025-12-17 00:15:00,1.17458,1.17469,1.17449,1.1746699999999999,128,8,0,1,0,5.959120433825202e-05,0.0016089625171324265,0.99,0.7464277181952659,1
2025-12-17 00:30:00,1.1746699999999999,1.17482,1.17458,1.17482,215,8,0,1,0,6.809553803993805e-05,0.001736436220016719,0.99,0.7464277181952659,1
2025-12-17 00:45:00,1.17483,1.17513,1.17476,1.175,365,8,0,0,0,0.00022127659574480764,0.0018893617021277537,0.99,0.0,0
2025-12-17 01:00:00,1.175,1.1751800000000001,1.17479,1.17496,455,8,0,1,0,0.0001872404166951292,0.0018553823108872394,0.99,0.7464277181952659,1
2025-12-17 01:15:00,1.17498,1.1752,1.17493,1.17498,271,8,0,0,0,0.00020425879589441352,0.001872372295698633,0.99,0.0,0
2025-12-17 01:30:00,1.17498,1.17499,1.17451,1.17464,329,8,0,1,0,8.513246611726912e-05,0.0015834638697813568,0.99,0.7464277181952659,1
2025-12-17 01:45:00,1.17464,1.17474,1.17447,1.1747,280,8,0,1,0,3.4051247126771056e-05,0.0016344598620925714,0.99,0.7464277181952659,1
2025-12-17 02:00:00,1.1747,1.17477,1.17393,1.17402,399,8,0,1,0,0.00016183710669316745,0.0010562000647349533,0.99,0.7479942141944069,1
2025-12-17 02:15:00,1.17402,1.1741,1.17371,1.17397,348,8,0,0,0,0.00020443452558414438,0.0010136545226879941,0.99,0.0,0
2025-12-17 02:30:00,1.17399,1.17405,1.17377,1.1739600000000001,340,8,0,0,0,0.00021295444478505352,0.0010051449793861637,0.99,0.0,0
2025-12-17 02:45:00,1.1739600000000001,1.17399,1.1737,1.1739600000000001,297,8,0,0,0,0.00021295444478505352,0.0010051449793861637,0.99,0.0,0
2025-12-17 03:00:00,1.17397,1.17403,1.17366,1.17377,265,8,0,1,0,0.00015335201956096083,0.0008434361075850008,0.99,0.7474406991857608,1
2025-12-17 03:15:00,1.17375,1.17385,1.1737,1.17376,214,8,0,1,0,0.00014483369683751662,0.0008349236641221212,0.99,0.7474406991857608,1
2025-12-17 03:30:00,1.17376,1.17391,1.1737,1.17389,223,8,0,0,0,0.0002555605721150951,0.0009455741168253979,0.99,0.0,0
2025-12-17 03:45:00,1.17389,1.17398,1.17378,1.17387,221,8,0,0,0,0.00023852726451826692,0.0009285525654459483,0.99,0.0,0
2025-12-17 04:00:00,1.17387,1.17393,1.17339,1.17344,240,8,0,1,0,0.00012782928824641435,0.0005624488682847909,0.99,0.7474406991857608,1
2025-12-17 04:15:00,1.17344,1.1735,1.17296,1.173,236,8,0,1,1,8.525149190166677e-06,0.0001875532821825311,0.99,0.7471142295148,1
2025-12-17 04:30:00,1.17299,1.17317,1.1727400000000001,1.17291,310,8,0,1,1,6.820642675062879e-05,0.0001108354434696298,0.99,0.7471142295148,1
2025-12-17 04:45:00,1.17291,1.17317,1.17283,1.17294,310,8,0,1,1,4.2627926407048496e-05,0.00013640936450300952,0.99,0.7471142295148,1
2025-12-17 05:00:00,1.17294,1.17303,1.17275,1.17296,239,8,0,1,1,2.5576319738076737e-05,0.00015345791842864975,0.99,0.7471142295148,1
2025-12-17 05:15:00,1.17296,1.17307,1.17271,1.1728,224,8,0,1,1,0.00016200545702584624,1.705320600284023e-05,0.99,0.7471142295148,1
2025-12-17 05:30:00,1.17281,1.17285,1.17248,1.17273,318,8,0,0,1,0.00022170491076371112,4.263555976216475e-05,0.99,0.7463099569277062,1
2025-12-17 05:45:00,1.1727400000000001,1.1729,1.17246,1.17288,409,8,0,1,1,9.378623559107028e-05,8.526021417364862e-05,0.99,0.7471142295148,1
2025-12-17 06:00:00,1.17289,1.17305,1.17232,1.17235,445,8,0,0,0,0.0005459120569795488,0.0003241352838316603,0.99,0.0,0
2025-12-17 06:15:00,1.17235,1.17242,1.17211,1.17218,399,8,0,0,1,0.0004521489873568218,0.00017915337234899374,0.99,0.7465637960765799,1
2025-12-17 06:30:00,1.17216,1.17246,1.17202,1.17208,300,8,0,0,1,0.0003668691556889721,9.385024912979873e-05,0.99,0.7465637960765799,1
2025-12-17 06:45:00,1.17208,1.17227,1.17062,1.17095,689,8,0,0,0,0.0005294846065161322,0.0006575857209957192,0.99,0.0,0
2025-12-17 07:00:00,1.17096,1.17109,1.17047,1.17104,1033,8,0,0,0,0.00045258915152336334,0.0005806804208225286,0.99,0.0,0
2025-12-17 07:15:00,1.17105,1.17115,1.17028,1.17097,897,8,0,0,0,0.0005123957061239262,0.0006404946326550026,0.99,0.0,0
2025-12-17 07:30:00,1.17097,1.17123,1.1703999999999999,1.17052,734,8,0,0,0,0.0008970372142295692,0.0002904691931791058,0.99,0.0,0
2025-12-17 07:45:00,1.17053,1.17131,1.17046,1.17126,783,8,0,0,0,0.0002646722333214081,0.00039273944299312446,0.99,0.0,0
2025-12-17 08:00:00,1.17126,1.17151,1.17056,1.17083,725,8,0,0,0,0.0006320302691252897,0.0005551617228803835,0.99,0.0,0
2025-12-17 08:15:00,1.17084,1.17174,1.17074,1.17163,744,8,0,1,1,1.707023548401033e-05,7.681605967766746e-05,0.99,0.7467995173236754,1
2025-12-17 08:30:00,1.17163,1.17206,1.17146,1.17153,630,8,0,1,1,3.414338514595444e-05,0.0001621810794432362,0.99,0.7470608323596877,1
2025-12-17 08:45:00,1.17153,1.17198,1.1713,1.17182,560,8,0,1,1,0.00014507347544845067,8.533733849907748e-05,0.99,0.7467995173236754,1
2025-12-17 09:00:00,1.17182,1.17204,1.17121,1.17132,703,8,0,0,0,0.00021343441587276193,0.000341495065396457,0.99,0.0,0
2025-12-17 09:15:00,1.17132,1.17174,1.17111,1.17155,561,8,0,1,1,1.7071401135170483e-05,0.00014510690964961246,0.99,0.7470608323596877,1
2025-12-17 09:30:00,1.17155,1.17175,1.17144,1.17151,473,8,0,1,1,5.121595206182532e-05,0.00017925583221657817,0.99,0.7470608323596877,1
2025-12-17 09:45:00,1.1715200000000001,1.172,1.17129,1.17156,508,8,0,1,1,8.535627710117717e-06,0.00013657004336112535,0.99,0.7470608323596877,1
2025-12-17 10:00:00,1.17157,1.17201,1.17131,1.17165,455,8,0,1,1,0.0,5.974480433577817e-05,0.99,0.7467995173236754,1
2025-12-17 10:15:00,1.17163,1.17171,1.1712500000000001,1.1715,466,8,0,1,1,5.975245411866367e-05,0.00018779342723014,0.99,0.7470608323596877,1
2025-12-17 10:30:00,1.1715,1.1718,1.17139,1.1717,482,8,0,1,1,4.267303917375051e-05,1.706921566965181e-05,0.99,0.7467995173236754,1
2025-12-17 10:45:00,1.1717,1.17249,1.17169,1.1724700000000001,583,8,0,0,0,0.0004435081494621217,0.0002643990891023313,0.99,0.0,0
2025-12-17 11:00:00,1.1724999999999999,1.17269,1.17195,1.17206,495,8,0,0,1,0.00034981144310020085,7.678787775382277e-05,0.99,0.7465637960765799,1
2025-12-17 11:15:00,1.17206,1.17218,1.17142,1.17149,485,8,0,1,1,6.828910191301677e-05,0.0001963311679998758,0.99,0.7470608323596877,1
2025-12-17 11:30:00,1.17149,1.1716199999999999,1.17075,1.17094,503,8,0,0,0,0.0005380292756246336,0.0006490511896425896,0.99,0.0,0
2025-12-17 11:45:00,1.17092,1.17117,1.17076,1.1709,525,8,0,0,0,0.0005722094115637103,0.0006149116064566179,0.99,0.0,0
2025-12-17 12:00:00,1.1709100000000001,1.17159,1.1708,1.17157,540,8,0,1,1,0.0,0.0001280333228062297,0.99,0.7470608323596877,1
2025-12-17 12:15:00,1.17157,1.17179,1.17144,1.17147,437,8,0,1,0,8.536283472900628e-05,0.00021340708682261047,0.99,0.7470608323596877,1
2025-12-17 12:30:00,1.17147,1.17175,1.17124,1.17155,479,8,0,1,1,1.7071401135170483e-05,0.00014510690964961246,0.99,0.7470608323596877,1
2025-12-17 12:45:00,1.17155,1.17271,1.17144,1.17261,650,8,0,0,1,0.0003240634140933874,0.00014497573788386887,0.99,0.7463099569277062,1
2025-12-17 13:00:00,1.17262,1.1728,1.17194,1.17205,820,8,0,0,1,0.0003412823684995998,6.825647369999574e-05,0.99,0.7465637960765799,1
2025-12-17 13:15:00,1.17208,1.17324,1.17206,1.17238,1025,8,0,0,0,0.0005203091147921318,0.0003411863047816885,0.99,0.0,0
2025-12-17 13:30:00,1.17242,1.17273,1.1721,1.1724,728,8,0,0,0,0.0005032412146024124,0.0003241214602523242,0.99,0.0,0
2025-12-17 13:45:00,1.1724,1.17329,1.17238,1.17315,767,8,0,1,0,0.00011081276904058602,0.00031539018880789453,0.99,0.7465937230933395,1
2025-12-17 14:00:00,1.17314,1.17375,1.1731,1.17331,741,8,0,0,0,0.00023864110934010272,0.0004517135283941511,0.99,0.0,0
2025-12-17 14:15:00,1.17331,1.17344,1.17281,1.1728399999999999,653,8,0,1,1,0.000127894682991793,5.115787319664148e-05,0.99,0.7471142295148,1
2025-12-17 14:30:00,1.1728399999999999,1.17397,1.17279,1.17382,811,8,0,1,0,0.0001959414561007433,0.0008859961493245573,0.99,0.7474406991857608,1
2025-12-17 14:45:00,1.17383,1.17439,1.17379,1.17408,748,8,0,1,0,0.00011072499318612315,0.0011072499318616098,0.99,0.7479942141944069,1
2025-12-17 15:00:00,1.17408,1.17504,1.17398,1.1749,792,8,0,1,0,0.00013618180270674952,0.0018044088858627301,0.99,0.7464277181952659,1
2025-12-17 15:15:00,1.1749,1.17511,1.17439,1.17471,792,8,0,1,0,2.5538217943130213e-05,0.0016429586876760965,0.99,0.7464277181952659,1
2025-12-17 15:30:00,1.17471,1.17577,1.1747,1.17535,906,8,0,0,0,0.0003828646786064249,0.002186582720040806,0.99,0.0,0
2025-12-17 15:45:00,1.17536,1.17551,1.17482,1.17527,1131,8,0,0,0,0.00045096020488902077,0.002118662094667696,0.99,0.0,0
2025-12-17 16:00:00,1.17524,1.1756,1.17495,1.17506,852,8,0,0,0,0.00027232651949696013,0.0019403264514152977,0.99,0.0,0
2025-12-17 16:15:00,1.17504,1.17557,1.17482,1.1750099999999999,706,8,0,0,0,0.00022978527842315596,0.0018978561884579318,0.99,0.0,0
2025-12-17 16:30:00,1.175,1.17539,1.17477,1.17478,728,8,0,1,0,3.40489283100155e-05,0.0017024464154990738,0.99,0.7464277181952659,1
2025-12-17 16:45:00,1.17477,1.17495,1.17451,1.17468,525,8,0,1,0,5.107774032072478e-05,0.0016174617768243377,0.99,0.7464277181952659,1
2025-12-17 17:00:00,1.17469,1.17543,1.17461,1.17499,475,8,0,0,0,0.00021276776823639647,0.0018808670712091552,0.99,0.0,0
2025-12-17 17:15:00,1.17498,1.17521,1.17478,1.17478,448,8,0,1,0,3.40489283100155e-05,0.0017024464154990738,0.99,0.7464277181952659,1
2025-12-17 17:30:00,1.17477,1.17499,1.17461,1.1748,374,8,0,1,0,5.107252298278092e-05,0.0017194416070821694,0.99,0.7464277181952659,1
2025-12-17 17:45:00,1.17481,1.17516,1.17453,1.17489,562,8,0,1,0,0.00012767152669619666,0.0017959128088587495,0.99,0.7464277181952659,1
2025-12-17 18:00:00,1.17489,1.17553,1.17489,1.17499,542,8,0,0,0,0.00021276776823639647,0.0018808670712091552,0.99,0.0,0
2025-12-17 18:15:00,1.17499,1.1750099999999999,1.17463,1.17463,385,8,0,1,0,9.364650996469735e-05,0.0015749640312269645,0.99,0.7464277181952659,1
2025-12-17 18:30:00,1.17463,1.1746699999999999,1.17431,1.17434,414,8,0,1,0,7.663879285379318e-05,0.0013284057428002163,0.99,0.7473043160209429,1
2025-12-17 18:45:00,1.17434,1.17455,1.17421,1.17436,402,8,0,1,0,9.366804046463988e-05,0.0013454136721279138,0.99,0.7473043160209429,1
2025-12-17 19:00:00,1.17436,1.17468,1.17429,1.17439,379,8,0,1,0,0.00011921082434287501,0.0013709244799428736,0.99,0.7473043160209429,1
2025-12-17 19:15:00,1.17439,1.17471,1.17439,1.17454,291,8,0,1,0,0.00017027942854221906,0.0014984589711716791,0.99,0.7464277181952659,1
2025-12-17 19:30:00,1.17454,1.17459,1.17414,1.17416,321,8,0,1,0,4.258363425758284e-05,0.0011753083055121608,0.99,0.7479942141944069,1
2025-12-17 19:45:00,1.17416,1.17451,1.17412,1.17446,326,8,0,1,0,0.00017880557873409353,0.0014304446298725592,0.99,0.7473043160209429,1
2025-12-17 20:00:00,1.17445,1.17455,1.17421,1.17427,300,8,0,1,0,1.7031858090480876e-05,0.0012688734277465927,0.99,0.7473043160209429,1
2025-12-17 20:15:00,1.17427,1.17436,1.1740599999999999,1.17413,244,8,0,1,0,6.813555568810951e-05,0.001149787502235666,0.99,0.7479942141944069,1
2025-12-17 20:30:00,1.17412,1.17432,1.17411,1.17431,222,8,0,1,0,5.109383382577768e-05,0.0013028927625584653,0.99,0.7473043160209429,1
2025-12-17 20:45:00,1.17432,1.17459,1.17382,1.17395,312,8,0,0,0,0.00022147450913576126,0.000996635291111304,0.99,0.0,0
2025-12-17 21:00:00,1.17394,1.17411,1.17383,1.17388,195,8,0,0,0,0.0002470439908679963,0.0009370634136369142,0.99,0.0,0
2025-12-17 21:15:00,1.17388,1.17409,1.17386,1.17393,121,8,0,0,0,0.00023851507330084246,0.000979615479628244,0.99,0.0,0
2025-12-17 21:30:00,1.17393,1.17412,1.17385,1.1739,152,8,0,0,0,0.0002640770082630824,0.000954084675014916,0.99,0.0,0
2025-12-17 21:45:00,1.17391,1.17412,1.17384,1.17386,197,8,0,0,0,0.00023001039306219862,0.0009200415722487945,0.99,0.0,0
2025-12-17 22:00:00,1.17386,1.1739600000000001,1.17375,1.17393,55,20,0,0,0,0.00023851507330084246,0.000979615479628244,0.99,0.0,0
2025-12-17 22:15:00,1.17394,1.17401,1.17389,1.17401,85,48,0,1,0,0.00017035630020185345,0.001047691246241569,0.99,0.7479942141944069,1
2025-12-17 22:30:00,1.17401,1.17415,1.17389,1.17392,78,20,0,0,0,0.00024703557312244566,0.0009711053564128228,0.99,0.0,0
2025-12-17 22:45:00,1.17389,1.17397,1.1737,1.17385,187,20,0,0,0,0.00022149337649627208,0.0009115304340419358,0.99,0.0,0
2025-12-17 23:00:00,1.17393,1.17425,1.17393,1.17414,176,8,0,1,0,5.9618103462972474e-05,0.001158294581566106,0.99,0.7479942141944069,1
2025-12-17 23:15:00,1.17414,1.17415,1.17404,1.17411,97,8,0,1,0,8.517089540161398e-05,0.001132772908841636,0.99,0.7479942141944069,1
2025-12-17 23:30:00,1.17411,1.17431,1.1741,1.17427,107,8,0,1,0,1.7031858090480876e-05,0.0012688734277465927,0.99,0.7473043160209429,1
2025-12-17 23:45:00,1.17426,1.1743000000000001,1.17414,1.17414,92,8,0,1,0,5.9618103462972474e-05,0.001158294581566106,0.99,0.7479942141944069,1
2025-12-18 00:00:00,1.17414,1.17421,1.17405,1.17415,199,8,0,1,0,5.1100796320699216e-05,0.0011668015159903703,0.99,0.7479942141944069,1
2025-12-18 00:15:00,1.17415,1.17429,1.17404,1.17429,191,8,0,1,0,3.4063136022651986e-05,0.0012858833848539307,0.99,0.7473043160209429,1
2025-12-18 00:30:00,1.1743000000000001,1.17455,1.17411,1.17412,224,8,0,1,0,7.665315299962821e-05,0.001141280277995536,0.99,0.7479942141944069,1
2025-12-18 00:45:00,1.17411,1.17442,1.17399,1.17438,335,8,0,1,0,0.00011069670805017411,0.001362421022156411,0.99,0.7473043160209429,1
2025-12-18 01:00:00,1.17438,1.17451,1.17414,1.17425,317,8,0,1,0,0.0,0.0012518628912072235,0.99,0.7473043160209429,1
2025-12-18 01:15:00,1.17425,1.17434,1.17383,1.17409,359,8,0,1,0,0.00010220681549105942,0.0011157577357784705,0.99,0.7479942141944069,1
2025-12-18 01:30:00,1.17409,1.17429,1.17362,1.17366,400,8,0,1,0,5.964248589882462e-05,0.0007497912512993473,0.99,0.7474406991857608,1
2025-12-18 01:45:00,1.17367,1.17386,1.17348,1.1738,393,8,0,1,0,0.00017890611688536675,0.0008689725677287621,0.99,0.7474406991857608,1
2025-12-18 02:00:00,1.1738,1.17408,1.17376,1.17381,399,8,0,1,0,0.00018742385905735085,0.0008774844310408724,0.99,0.7474406991857608,1
2025-12-18 02:15:00,1.17381,1.17418,1.17363,1.17412,380,8,0,1,0,7.665315299962821e-05,0.001141280277995536,0.99,0.7479942141944069,1
2025-12-18 02:30:00,1.17415,1.17424,1.1737,1.1737,252,8,0,1,0,9.372071227745974e-05,0.0007838459572293021,0.99,0.7474406991857608,1
2025-12-18 02:45:00,1.17371,1.17412,1.17368,1.17404,207,8,0,1,0,0.00014479915505434524,0.0010732172668733934,0.99,0.7479942141944069,1
2025-12-18 03:00:00,1.17404,1.17417,1.17389,1.17403,233,8,0,1,0,0.00015331805831202694,0.001064708738277534,0.99,0.7479942141944069,1
2025-12-18 03:15:00,1.17403,1.17405,1.17382,1.17394,234,8,0,0,0,0.00022999471863978778,0.0009881254578598992,0.99,0.0,0
2025-12-18 03:30:00,1.17394,1.17401,1.17373,1.17385,179,8,0,0,0,0.00022149337649627208,0.0009115304340419358,0.99,0.0,0
2025-12-18 03:45:00,1.17385,1.17395,1.17372,1.17389,221,8,0,0,0,0.0002555605721150951,0.0009455741168253979,0.99,0.0,0
2025-12-18 04:00:00,1.17389,1.17401,1.1738,1.17399,188,8,0,1,0,0.0001873951226159396,0.0010306731743883297,0.99,0.7479942141944069,1
2025-12-18 04:15:00,1.17399,1.17403,1.17389,1.17398,134,8,0,1,0,0.00019591475152894638,0.0010221639210208776,0.99,0.7479942141944069,1
2025-12-18 04:30:00,1.17398,1.1741,1.17382,1.17399,186,8,0,1,0,0.0001873951226159396,0.0010306731743883297,0.99,0.7479942141944069,1
2025-12-18 04:45:00,1.17399,1.17426,1.1739600000000001,1.17425,187,8,0,1,0,0.0,0.0012518628912072235,0.99,0.7473043160209429,1
2025-12-18 05:00:00,1.17424,1.17441,1.17417,1.17438,236,8,0,1,0,0.00011069670805017411,0.001362421022156411,0.99,0.7473043160209429,1
2025-12-18 05:15:00,1.17438,1.17442,1.17407,1.1743000000000001,258,8,0,1,0,4.257855743856383e-05,0.001294388146129769,0.99,0.7473043160209429,1
2025-12-18 05:30:00,1.1743000000000001,1.1743999999999999,1.17419,1.17426,201,8,0,1,0,8.516001567000078e-06,0.0012603682319078805,0.99,0.7473043160209429,1
2025-12-18 05:45:00,1.17424,1.17464,1.17419,1.1745700000000001,241,8,0,1,0,0.0001447338174819563,0.0015239619605474175,0.99,0.7464277181952659,1
2025-12-18 06:00:00,1.1745700000000001,1.17468,1.17422,1.17436,365,8,0,1,0,9.366804046463988e-05,0.0013454136721279138,0.99,0.7473043160209429,1
2025-12-18 06:15:00,1.17436,1.1743999999999999,1.17385,1.17424,359,8,0,1,0,8.516146614035897e-06,0.00124335740564111,0.99,0.7473043160209429,1
2025-12-18 06:30:00,1.17423,1.1745,1.17412,1.17442,286,8,0,1,0,0.00014475230326459315,0.001396433984434943,0.99,0.7473043160209429,1
2025-12-18 06:45:00,1.1743999999999999,1.17464,1.17437,1.17437,312,8,0,1,0,0.00010218244675860075,0.0013539174195525945,0.99,0.7473043160209429,1
2025-12-18 07:00:00,1.17437,1.17493,1.17426,1.17438,408,8,0,1,0,0.00011069670805017411,0.001362421022156411,0.99,0.7473043160209429,1
2025-12-18 07:15:00,1.17439,1.17471,1.17413,1.17439,369,8,0,1,0,0.00011921082434287501,0.0013709244799428736,0.99,0.7473043160209429,1
2025-12-18 07:30:00,1.17441,1.17441,1.17393,1.1743000000000001,431,8,0,1,0,4.257855743856383e-05,0.001294388146129769,0.99,0.7473043160209429,1
2025-12-18 07:45:00,1.17432,1.1745,1.17333,1.17334,821,8,0,0,0,0.00021306697121027275,0.0004772700155113743,0.99,0.0,0
2025-12-18 08:00:00,1.17332,1.17368,1.17298,1.1735,654,8,0,1,0,7.669365146989644e-05,0.0006135492117597392,0.99,0.7474406991857608,1
2025-12-18 08:15:00,1.1735,1.17368,1.17325,1.17328,523,8,0,0,0,0.00022160098186293893,0.0004261557343517037,0.99,0.0,0
2025-12-18 08:30:00,1.17328,1.17337,1.17278,1.1732,511,8,0,1,0,0.00015342652574162034,0.00035799522673038436,0.99,0.7465937230933395,1
2025-12-18 08:45:00,1.17321,1.17321,1.17278,1.17318,547,8,0,1,0,0.00013638145894060417,0.000340953647351605,0.99,0.7465937230933395,1
2025-12-18 09:00:00,1.17316,1.17324,1.17253,1.17265,584,8,0,0,1,0.00028994158529826205,0.00011086001790812559,0.99,0.7463099569277062,1
2025-12-18 09:15:00,1.17266,1.1727400000000001,1.1717,1.17191,663,8,0,0,1,0.00022186004044672967,5.119847087229308e-05,0.99,0.7465637960765799,1
2025-12-18 09:30:00,1.17191,1.17216,1.17184,1.17214,472,8,0,0,1,0.0004180388008257371,0.00014503386967427398,0.99,0.7465637960765799,1
2025-12-18 09:45:00,1.17214,1.1726,1.17203,1.17216,604,8,0,0,1,0.00043509418509419395,0.00016209391209402683,0.99,0.7465637960765799,1
2025-12-18 10:00:00,1.17215,1.17239,1.17171,1.1718899999999999,596,8,0,0,1,0.0002047973785933799,6.826579286458628e-05,0.99,0.7465637960765799,1
2025-12-18 10:15:00,1.1719,1.17227,1.17175,1.17215,377,8,0,0,1,0.00042656656571253245,0.00015356396365658745,0.99,0.7465637960765799,1
2025-12-18 10:30:00,1.17215,1.17251,1.17199,1.17249,331,8,0,0,0,0.000426442869448733,0.0002473368642802083,0.99,0.0,0
2025-12-18 10:45:00,1.17251,1.17264,1.17221,1.17245,418,8,0,0,0,0.0004605740116849204,0.0002814618960296315,0.99,0.0,0
2025-12-18 11:00:00,1.1724700000000001,1.17261,1.17211,1.17212,401,8,0,0,1,0.00040098283452203733,0.00012797324506031335,0.99,0.7465637960765799,1
2025-12-18 11:15:00,1.17214,1.17256,1.17208,1.17252,340,8,0,0,0,0.0004008460410056719,0.00022174461842862123,0.99,0.0,0
2025-12-18 11:30:00,1.17251,1.17271,1.1721,1.17222,409,8,0,0,0,0.0004862568459845075,0.00021327054648451953,0.99,0.0,0
2025-12-18 11:45:00,1.17221,1.17244,1.17199,1.17201,415,8,0,0,1,0.00030716461463632216,3.412940162630012e-05,0.99,0.7465637960765799,1
2025-12-18 12:00:00,1.172,1.17231,1.17176,1.17179,922,8,0,1,1,0.00011947533261081677,5.9737666305408384e-05,0.99,0.7467995173236754,1
2025-12-18 12:15:00,1.17179,1.17188,1.17118,1.17174,549,8,0,1,1,7.680884837926799e-05,1.7068632973107498e-05,0.99,0.7467995173236754,1
2025-12-18 12:30:00,1.17174,1.1718899999999999,1.17131,1.17137,542,8,0,1,0,0.00017074024432927083,0.0002987954275763187,0.99,0.7470608323596877,1
2025-12-18 12:45:00,1.17138,1.1715200000000001,1.17127,1.17137,492,8,0,1,0,0.00017074024432927083,0.0002987954275763187,0.99,0.7470608323596877,1
2025-12-18 13:00:00,1.17137,1.17237,1.17129,1.17231,699,8,0,0,0,0.0005629910177341172,0.00029002567580248143,0.99,0.0,0
2025-12-18 13:15:00,1.1723,1.17393,1.17226,1.17288,1263,8,0,1,1,9.378623559107028e-05,8.526021417364862e-05,0.99,0.7471142295148,1
2025-12-18 13:30:00,1.17287,1.17558,1.17266,1.17389,2877,8,0,0,0,0.0002555605721150951,0.0009455741168253979,0.99,0.0,0
2025-12-18 13:45:00,1.1739,1.17625,1.17386,1.17465,2232,8,0,1,0,7.66185672327276e-05,0.0015919635636147263,0.99,0.7464277181952659,1
2025-12-18 14:00:00,1.17463,1.17553,1.17408,1.17416,2531,8,0,1,0,4.258363425758284e-05,0.0011753083055121608,0.99,0.7479942141944069,1
2025-12-18 14:15:00,1.17415,1.17459,1.17349,1.17384,1511,8,0,0,0,0.00021297621481640043,0.0009030191508212882,0.99,0.0,0
2025-12-18 14:30:00,1.17385,1.17434,1.17329,1.17334,1258,8,0,0,0,0.00021306697121027275,0.0004772700155113743,0.99,0.0,0
2025-12-18 14:45:00,1.17334,1.17397,1.17323,1.17343,1018,8,0,1,0,0.00013635240278494498,0.0005539316363140873,0.99,0.7474406991857608,1
2025-12-18 15:00:00,1.17343,1.17401,1.17304,1.17343,1036,8,0,1,0,0.00013635240278494498,0.0005539316363140873,0.99,0.7474406991857608,1
2025-12-18 15:15:00,1.17342,1.17346,1.17193,1.17231,1051,8,0,0,0,0.0005629910177341172,0.00029002567580248143,0.99,0.0,0
2025-12-18 15:30:00,1.1723,1.17317,1.17157,1.1728,1601,8,0,1,1,0.00016200545702584624,1.705320600284023e-05,0.99,0.7471142295148,1
2025-12-18 15:45:00,1.17283,1.17315,1.17203,1.17269,1176,8,0,0,1,0.0002558220842677664,7.674662528027312e-05,0.99,0.7463099569277062,1
2025-12-18 16:00:00,1.17268,1.17438,1.17256,1.1741,904,8,0,1,0,9.368878289758497e-05,0.0011242653947704522,0.99,0.7479942141944069,1
2025-12-18 16:15:00,1.17411,1.17456,1.17359,1.17376,755,8,0,1,0,0.00014483369683751662,0.0008349236641221212,0.99,0.7474406991857608,1
2025-12-18 16:30:00,1.17377,1.17381,1.17292,1.17322,847,8,0,1,0,0.0001704710114044919,0.00037503622508992004,0.99,0.7465937230933395,1
2025-12-18 16:45:00,1.1732,1.1733,1.17252,1.17277,716,8,0,1,1,0.00018759006454793943,8.526821115686339e-06,0.99,0.7471142295148,1
2025-12-18 17:00:00,1.17279,1.17286,1.17194,1.17195,793,8,0,0,1,0.0002559836170484807,1.7065574469822925e-05,0.99,0.7465637960765799,1
2025-12-18 17:15:00,1.17195,1.17216,1.17148,1.17194,729,8,0,0,1,0.0002474529412767731,2.559858013206691e-05,0.99,0.7465637960765799,1
2025-12-18 17:30:00,1.17193,1.17246,1.1717,1.17237,529,8,0,0,0,0.0005288432832638714,0.00034118921500887604,0.99,0.0,0
2025-12-18 17:45:00,1.17238,1.17243,1.17161,1.17184,488,8,0,1,1,0.000162138175860111,0.00010240305843792494,0.99,0.7467995173236754,1
2025-12-18 18:00:00,1.17185,1.17244,1.17149,1.1724,556,8,0,0,0,0.0005032412146024124,0.0003241214602523242,0.99,0.0,0
2025-12-18 18:15:00,1.1724,1.17244,1.17172,1.17203,460,8,0,0,1,0.0003242237826675298,5.11932288422216e-05,0.99,0.7465637960765799,1
2025-12-18 18:30:00,1.17204,1.17222,1.17198,1.17199,300,8,0,0,1,0.00029010486437598183,1.7064992022228023e-05,0.99,0.7465637960765799,1
2025-12-18 18:45:00,1.17199,1.1721,1.17181,1.17194,434,8,0,0,1,0.0002474529412767731,2.559858013206691e-05,0.99,0.7465637960765799,1
2025-12-18 19:00:00,1.17194,1.17235,1.17173,1.1721,493,8,0,0,1,0.00038392628615292165,0.00011091203822196356,0.99,0.7465637960765799,1
2025-12-18 19:15:00,1.1721,1.17236,1.17205,1.1723,316,8,0,0,0,0.0005544655804826558,0.00028149791009122365,0.99,0.0,0
2025-12-18 19:30:00,1.1723,1.1726,1.17221,1.1726,345,8,0,0,1,0.00033259423503316596,0.0001535050315536815,0.99,0.7463099569277062,1
2025-12-18 19:45:00,1.17259,1.17272,1.17231,1.17246,367,8,0,0,0,0.00045204100779550635,0.0002729304198009961,0.99,0.0,0
2025-12-18 20:00:00,1.17245,1.17273,1.17236,1.1724999999999999,360,8,0,0,0,0.0004179104477612806,0.0002388059701493032,0.99,0.0,0
2025-12-18 20:15:00,1.17249,1.17261,1.17234,1.1724999999999999,299,8,0,0,0,0.0004179104477612806,0.0002388059701493032,0.99,0.0,0
2025-12-18 20:30:00,1.17251,1.17268,1.1724,1.17255,247,8,0,0,1,0.0003752505223657805,0.0001961536821457102,0.99,0.7463099569277062,1
2025-12-18 20:45:00,1.17255,1.17255,1.172,1.17219,297,8,0,0,1,0.00046067617024542516,0.00018768288417416032,0.99,0.7465637960765799,1
2025-12-18 21:00:00,1.17218,1.1724999999999999,1.17214,1.17243,220,8,0,0,0,0.0004776404561465451,0.0002985252850915197,0.99,0.0,0
2025-12-18 21:15:00,1.17243,1.17244,1.1723,1.17236,125,8,0,0,0,0.0005373775973249756,0.00033266232215370064,0.99,0.0,0
2025-12-18 21:30:00,1.17236,1.17236,1.1722,1.17226,97,8,0,0,0,0.0005203623769470931,0.00024738539231921545,0.99,0.0,0
2025-12-18 21:45:00,1.17226,1.1724700000000001,1.17221,1.17232,185,8,0,0,0,0.0005715163095400133,0.00029855329602845,0.99,0.0,0
2025-12-18 22:00:00,1.17233,1.17234,1.17177,1.17206,253,20,0,0,1,0.00034981144310020085,7.678787775382277e-05,0.99,0.7465637960765799,1
2025-12-18 22:15:00,1.17206,1.17234,1.17205,1.17234,231,20,0,0,0,0.000554446662231127,0.00031560810003922196,0.99,0.0,0
2025-12-18 22:30:00,1.17233,1.17239,1.17201,1.17203,171,20,0,0,1,0.0003242237826675298,5.11932288422216e-05,0.99,0.7465637960765799,1
2025-12-18 22:45:00,1.17205,1.17242,1.17204,1.17236,136,20,0,0,0,0.0005373775973249756,0.00033266232215370064,0.99,0.0,0
2025-12-18 23:00:00,1.17237,1.17272,1.17237,1.17245,182,8,0,0,0,0.0004605740116849204,0.0002814618960296315,0.99,0.0,0
2025-12-18 23:15:00,1.17244,1.17255,1.17237,1.17252,95,8,0,0,0,0.0004008460410056719,0.00022174461842862123,0.99,0.0,0
2025-12-18 23:30:00,1.1724999999999999,1.1726,1.17234,1.17238,107,8,0,0,0,0.0005203091147921318,0.0003411863047816885,0.99,0.0,0
2025-12-18 23:45:00,1.17238,1.17256,1.17238,1.17244,130,8,0,0,0,0.0004691071611340883,0.0002899935177919612,0.99,0.0,0
2025-12-19 00:00:00,1.17243,1.17256,1.17219,1.17222,188,8,0,0,0,0.0004862568459845075,0.00021327054648451953,0.99,0.0,0
2025-12-19 00:15:00,1.17222,1.1723,1.17215,1.17222,141,8,0,0,0,0.0004862568459845075,0.00021327054648451953,0.99,0.0,0
2025-12-19 00:30:00,1.17222,1.17238,1.17214,1.17225,237,8,0,0,0,0.0005118362124119718,0.0002388568991256626,0.99,0.0,0
2025-12-19 00:45:00,1.17224,1.17265,1.17221,1.17261,369,8,0,0,1,0.0003240634140933874,0.00014497573788386887,0.99,0.7463099569277062,1
2025-12-19 01:00:00,1.17263,1.1728,1.17241,1.1727,245,8,0,0,1,0.00024729257269540496,6.821864074346206e-05,0.99,0.7463099569277062,1
2025-12-19 01:15:00,1.17269,1.17283,1.17228,1.17234,282,8,0,0,0,0.000554446662231127,0.00031560810003922196,0.99,0.0,0
2025-12-19 01:30:00,1.17234,1.17235,1.172,1.17216,361,8,0,0,1,0.00043509418509419395,0.00016209391209402683,0.99,0.7465637960765799,1
2025-12-19 01:45:00,1.17217,1.1724999999999999,1.1721,1.17238,283,8,0,0,0,0.0005203091147921318,0.0003411863047816885,0.99,0.0,0
2025-12-19 02:00:00,1.17238,1.17281,1.17238,1.17272,255,8,0,0,1,0.00023023398594719326,5.116310798822309e-05,0.99,0.7463099569277062,1
2025-12-19 02:15:00,1.17273,1.1728,1.17242,1.17254,201,8,0,0,0,0.00038378221638499455,0.00020468384873865113,0.99,0.0,0
2025-12-19 02:30:00,1.17254,1.17258,1.17215,1.17229,213,8,0,0,0,0.0005459399977820965,0.00027296999889114295,0.99,0.0,0
2025-12-19 02:45:00,1.17229,1.17237,1.1721,1.1722299999999999,238,8,0,0,0,0.0004947834469343072,0.00022179947621194388,0.99,0.0,0
2025-12-19 03:00:00,1.17225,1.17246,1.17208,1.17238,262,8,0,0,0,0.0005203091147921318,0.0003411863047816885,0.99,0.0,0
2025-12-19 03:15:00,1.17238,1.17254,1.17187,1.17225,616,8,0,0,0,0.0005118362124119718,0.0002388568991256626,0.99,0.0,0
2025-12-19 03:30:00,1.17224,1.17224,1.17178,1.17183,302,8,0,1,1,0.00015360589846637052,9.387027128494104e-05,0.99,0.7467995173236754,1
2025-12-19 03:45:00,1.17183,1.17217,1.1718,1.17208,270,8,0,0,1,0.0003668691556889721,9.385024912979873e-05,0.99,0.7465637960765799,1
2025-12-19 04:00:00,1.17209,1.1722299999999999,1.17184,1.17194,276,8,0,0,1,0.0002474529412767731,2.559858013206691e-05,0.99,0.7465637960765799,1
2025-12-19 04:15:00,1.17194,1.17194,1.1715200000000001,1.17157,210,8,0,1,1,0.0,0.0001280333228062297,0.99,0.7470608323596877,1
2025-12-19 04:30:00,1.17157,1.1718,1.17154,1.17167,199,8,0,1,1,1.706965271783777e-05,4.267413179487869e-05,0.99,0.7467995173236754,1
2025-12-19 04:45:00,1.17166,1.17177,1.1715200000000001,1.17176,205,8,0,1,1,9.387587901945147e-05,3.413668327969717e-05,0.99,0.7467995173236754,1
2025-12-19 05:00:00,1.17176,1.17194,1.17173,1.17183,225,8,0,1,1,0.00015360589846637052,9.387027128494104e-05,0.99,0.7467995173236754,1
2025-12-19 05:15:00,1.17183,1.17199,1.17182,1.17195,177,8,0,0,1,0.0002559836170484807,1.7065574469822925e-05,0.99,0.7465637960765799,1
2025-12-19 05:30:00,1.17195,1.17202,1.17174,1.17183,205,8,0,1,1,0.00015360589846637052,9.387027128494104e-05,0.99,0.7467995173236754,1
2025-12-19 05:45:00,1.17183,1.17204,1.17178,1.17196,229,8,0,0,1,0.0002645141472403584,8.532714427169454e-06,0.99,0.7465637960765799,1
2025-12-19 06:00:00,1.17196,1.17212,1.17182,1.172,251,8,0,0,1,0.00029863481228656184,2.5597269624551617e-05,0.99,0.7465637960765799,1
2025-12-19 06:15:00,1.172,1.17212,1.17187,1.17193,274,8,0,0,1,0.00023892211992169836,3.413173141743961e-05,0.99,0.7465637960765799,1
2025-12-19 06:30:00,1.17195,1.17208,1.17121,1.17123,654,8,0,0,0,0.00029029311066144735,0.00041836360065922276,0.99,0.0,0
2025-12-19 06:45:00,1.17123,1.17198,1.17114,1.17195,607,8,0,0,1,0.0002559836170484807,1.7065574469822925e-05,0.99,0.7465637960765799,1
2025-12-19 07:00:00,1.17196,1.17202,1.17129,1.17137,531,8,0,1,0,0.00017074024432927083,0.0002987954275763187,0.99,0.7470608323596877,1
2025-12-19 07:15:00,1.17138,1.17161,1.17085,1.17124,605,8,0,0,0,0.00028175267238135775,0.0004098220689184419,0.99,0.0,0
2025-12-19 07:30:00,1.17124,1.17141,1.1708,1.17081,517,8,0,0,0,0.0006491232565489653,0.0005380890152970238,0.99,0.0,0
2025-12-19 07:45:00,1.17083,1.17097,1.17029,1.17076,670,8,0,0,0,0.0006918582800915452,0.0004954046943865736,0.99,0.0,0
2025-12-19 08:00:00,1.17075,1.17131,1.17059,1.17129,645,8,0,0,0,0.0002390526684254608,0.0003671165979391547,0.99,0.0,0
2025-12-19 08:15:00,1.17129,1.17159,1.17106,1.17115,595,8,0,0,0,0.0003586218673953695,0.0004867011057509128,0.99,0.0,0
2025-12-19 08:30:00,1.17114,1.17134,1.17084,1.17106,557,8,0,0,0,0.0004355028777347108,0.0005635919594214685,0.99,0.0,0
2025-12-19 08:45:00,1.17104,1.17146,1.17082,1.17122,507,8,0,0,0,0.00029883369477986415,0.00042690527825700294,0.99,0.0,0
2025-12-19 09:00:00,1.17123,1.1716,1.17108,1.1712500000000001,513,8,0,0,0,0.0002732123799358599,0.0004012806830309246,0.99,0.0,0
2025-12-19 09:15:00,1.1712500000000001,1.17175,1.17112,1.17157,560,8,0,1,1,0.0,0.0001280333228062297,0.99,0.7470608323596877,1
2025-12-19 09:30:00,1.17155,1.17155,1.17088,1.17132,566,8,0,0,0,0.00021343441587276193,0.000341495065396457,0.99,0.0,0
2025-12-19 09:45:00,1.17132,1.17158,1.17085,1.17116,649,8,0,0,0,0.00035008026230405875,0.00047815840704952013,0.99,0.0,0
2025-12-19 10:00:00,1.17118,1.17155,1.17106,1.1715200000000001,542,8,0,1,1,4.267959573876969e-05,0.00017071838295545783,0.99,0.7470608323596877,1
2025-12-19 10:15:00,1.17153,1.17174,1.17133,1.17143,370,8,0,1,0,0.0001195120493755743,0.0002475606737066009,0.99,0.7470608323596877,1
2025-12-19 10:30:00,1.17142,1.17144,1.17085,1.17115,529,8,0,0,0,0.0003586218673953695,0.0004867011057509128,0.99,0.0,0
2025-12-19 10:45:00,1.17115,1.17164,1.17105,1.17158,513,8,0,1,1,8.535481998724383e-06,0.00011949674798138325,0.99,0.7470608323596877,1
2025-12-19 11:00:00,1.17157,1.17174,1.17103,1.17104,433,8,0,0,0,0.00045258915152336334,0.0005806804208225286,0.99,0.0,0
2025-12-19 11:15:00,1.17102,1.1712500000000001,1.17073,1.17118,454,8,0,0,0,0.0003329974897111378,0.00046107344729246137,0.99,0.0,0
2025-12-19 11:30:00,1.17116,1.17129,1.17079,1.1711,470,8,0,0,0,0.00040133208094950937,0.0005294167876356118,0.99,0.0,0
2025-12-19 11:45:00,1.17112,1.17136,1.17103,1.17109,452,8,0,0,0,0.0004098745613061643,0.0005379603617144118,0.99,0.0,0
2025-12-19 12:00:00,1.17107,1.17123,1.1709,1.17123,444,8,0,0,0,0.00029029311066144735,0.00041836360065922276,0.99,0.0,0
2025-12-19 12:15:00,1.17123,1.17131,1.17073,1.17095,420,8,0,0,0,0.0005294846065161322,0.0006575857209957192,0.99,0.0,0
2025-12-19 12:30:00,1.17097,1.17137,1.17093,1.17119,376,8,0,0,0,0.0003244563222022447,0.0004525311862295114,0.99,0.0,0
2025-12-19 12:45:00,1.17119,1.17147,1.1709,1.17097,462,8,0,0,0,0.0005123957061239262,0.0006404946326550026,0.99,0.0,0
2025-12-19 13:00:00,1.17099,1.17123,1.17065,1.17085,636,8,0,0,0,0.000614937865653204,0.000572233847204978,0.99,0.0,0
2025-12-19 13:15:00,1.17084,1.1712799999999999,1.17018,1.1712,827,8,0,0,0,0.00031591530054643225,0.00044398907103831623,0.99,0.0,0
2025-12-19 13:30:00,1.17123,1.1718600000000001,1.17115,1.17134,830,8,0,1,0,0.00019635630986729083,0.0003244147728243268,0.99,0.7470608323596877,1
2025-12-19 13:45:00,1.17135,1.1719,1.17129,1.1719,575,8,0,0,1,0.0002133287823191923,5.9732059049419315e-05,0.99,0.7465637960765799,1
2025-12-19 14:00:00,1.17191,1.17337,1.17185,1.1733500000000001,942,8,0,0,0,0.00020454254911134436,0.0004857885541400106,0.99,0.0,0
2025-12-19 14:15:00,1.17333,1.17374,1.1731,1.17325,784,8,0,1,0,0.00019603665033023863,0.00040059663328358873,0.99,0.7465937230933395,1
2025-12-19 14:30:00,1.17322,1.1735,1.17295,1.1734,790,8,0,1,0,0.0001619226180329917,0.0005283790693711138,0.99,0.7474406991857608,1
2025-12-19 14:45:00,1.1734,1.17341,1.17258,1.17261,782,8,0,0,1,0.0003240634140933874,0.00014497573788386887,0.99,0.7463099569277062,1
2025-12-19 15:00:00,1.17261,1.17281,1.17222,1.1723,857,8,0,0,0,0.0005544655804826558,0.00028149791009122365,0.99,0.0,0
2025-12-19 15:15:00,1.17229,1.17237,1.17165,1.17171,712,8,0,1,1,5.120720997512096e-05,8.534534995916663e-06,0.99,0.7467995173236754,1
2025-12-19 15:30:00,1.17169,1.17211,1.1714,1.17172,718,8,0,1,1,5.97412351073759e-05,0.0,0.99,0.7467995173236754,1
2025-12-19 15:45:00,1.17173,1.1722,1.1709,1.17092,906,8,0,0,0,0.0005551190516858875,0.0006319816896115558,0.99,0.0,0
2025-12-19 16:00:00,1.17095,1.1715,1.17081,1.17145,617,8,0,1,0,0.00010243715053984203,0.00023048358871483412,0.99,0.7470608323596877,1
2025-12-19 16:15:00,1.17146,1.17182,1.17116,1.17155,544,8,0,1,1,1.7071401135170483e-05,0.00014510690964961246,0.99,0.7470608323596877,1
2025-12-19 16:30:00,1.17156,1.17195,1.1714,1.17169,535,8,0,1,1,3.413872269953483e-05,2.5604042024935382e-05,0.99,0.7467995173236754,1
2025-12-19 16:45:00,1.17169,1.17206,1.17129,1.17206,537,8,0,0,1,0.00034981144310020085,7.678787775382277e-05,0.99,0.7465637960765799,1
2025-12-19 17:00:00,1.17204,1.17205,1.17132,1.17143,407,8,0,1,0,0.0001195120493755743,0.0002475606737066009,0.99,0.7470608323596877,1
2025-12-19 17:15:00,1.17142,1.1718600000000001,1.17142,1.1717,481,8,0,1,1,4.267303917375051e-05,1.706921566965181e-05,0.99,0.7467995173236754,1
2025-12-19 17:30:00,1.17171,1.17192,1.17161,1.17178,347,8,0,1,1,0.000110942327057949,5.120415094979346e-05,0.99,0.7467995173236754,1
2025-12-19 17:45:00,1.17178,1.17205,1.17173,1.1719,319,8,0,0,1,0.0002133287823191923,5.9732059049419315e-05,0.99,0.7465637960765799,1
2025-12-19 18:00:00,1.1718899999999999,1.17248,1.17176,1.17246,369,8,0,0,0,0.00045204100779550635,0.0002729304198009961,0.99,0.0,0
2025-12-19 18:15:00,1.1724700000000001,1.17268,1.1723,1.17246,405,8,0,0,0,0.00045204100779550635,0.0002729304198009961,0.99,0.0,0
2025-12-19 18:30:00,1.1724700000000001,1.17253,1.17208,1.17212,483,8,0,0,1,0.00040098283452203733,0.00012797324506031335,0.99,0.7465637960765799,1
2025-12-19 18:45:00,1.17211,1.17236,1.17191,1.17198,342,8,0,0,1,0.00028157477090047734,8.532568815223393e-06,0.99,0.7465637960765799,1
2025-12-19 19:00:00,1.17198,1.17207,1.17161,1.17206,373,8,0,0,1,0.00034981144310020085,7.678787775382277e-05,0.99,0.7465637960765799,1
2025-12-19 19:15:00,1.17205,1.17215,1.17178,1.17204,420,8,0,0,1,0.0003327531483566179,5.972492406403749e-05,0.99,0.7465637960765799,1
2025-12-19 19:30:00,1.17202,1.17207,1.1718,1.17197,275,8,0,0,1,0.00027304453185651164,0.0,0.99,0.7465637960765799,1
2025-12-19 19:45:00,1.17197,1.1724700000000001,1.17194,1.17232,296,8,0,0,0,0.0005715163095400133,0.00029855329602845,0.99,0.0,0
2025-12-19 20:00:00,1.17231,1.17252,1.17211,1.17216,275,8,0,0,1,0.00043509418509419395,0.00016209391209402683,0.99,0.7465637960765799,1
2025-12-19 20:15:00,1.17216,1.17217,1.17191,1.17191,231,8,0,0,1,0.00022186004044672967,5.119847087229308e-05,0.99,0.7465637960765799,1
2025-12-19 20:30:00,1.17191,1.17193,1.17175,1.17178,211,8,0,1,1,0.000110942327057949,5.120415094979346e-05,0.99,0.7467995173236754,1
2025-12-19 20:45:00,1.17178,1.17188,1.17061,1.17095,605,8,0,0,0,0.0005294846065161322,0.0006575857209957192,0.99,0.0,0
2025-12-19 21:00:00,1.17097,1.17135,1.17086,1.17114,298,8,0,0,0,0.00036716361835470603,0.0004952439503390072,0.99,0.0,0
2025-12-19 21:15:00,1.17114,1.1712799999999999,1.17105,1.17116,196,8,0,0,0,0.00035008026230405875,0.00047815840704952013,0.99,0.0,0
2025-12-19 21:30:00,1.17116,1.17119,1.17077,1.17106,216,8,0,0,0,0.0004355028777347108,0.0005635919594214685,0.99,0.0,0
2025-12-19 21:45:00,1.17106,1.17113,1.17055,1.17087,357,8,0,0,0,0.000597846046102405,0.0005893053883010747,0.99,0.0,0
2025-12-21 22:00:00,1.17073,1.17136,1.17065,1.17126,117,61,0,0,0,0.0002646722333214081,0.00039273944299312446,0.99,0.0,0
2025-12-21 22:15:00,1.17129,1.17139,1.17088,1.17097,227,51,0,0,0,0.0005123957061239262,0.0006404946326550026,0.99,0.0,0
2025-12-21 22:30:00,1.17097,1.17143,1.1709,1.17116,316,48,0,0,0,0.00035008026230405875,0.00047815840704952013,0.99,0.0,0
2025-12-21 22:45:00,1.17115,1.17143,1.1710099999999999,1.1712500000000001,245,20,0,0,0,0.0002732123799358599,0.0004012806830309246,0.99,0.0,0
2025-12-21 23:00:00,1.1713,1.17149,1.1712,1.17138,267,8,0,1,0,0.00016220184739359768,0.00029025593744131447,0.99,0.7470608323596877,1
2025-12-21 23:15:00,1.17138,1.17146,1.1712799999999999,1.17142,205,8,0,1,0,0.00012804971743703755,0.0002560994348740751,0.99,0.7470608323596877,1
2025-12-21 23:30:00,1.17142,1.17142,1.1711,1.17111,253,8,0,0,0,0.00039278974647975415,0.0005208733594623899,0.99,0.0,0
2025-12-21 23:45:00,1.17111,1.17113,1.17059,1.17097,256,8,0,0,0,0.0005123957061239262,0.0006404946326550026,0.99,0.0,0
2025-12-22 00:00:00,1.17095,1.17156,1.17092,1.17137,791,8,0,1,0,0.00017074024432927083,0.0002987954275763187,0.99,0.7470608323596877,1
2025-12-22 00:15:00,1.17137,1.17148,1.17104,1.17109,600,8,0,0,0,0.0004098745613061643,0.0005379603617144118,0.99,0.0,0
2025-12-22 00:30:00,1.17109,1.17137,1.17099,1.17122,397,8,0,0,0,0.00029883369477986415,0.00042690527825700294,0.99,0.0,0
2025-12-22 00:45:00,1.17122,1.17158,1.17112,1.17155,390,8,0,1,1,1.7071401135170483e-05,0.00014510690964961246,0.99,0.7470608323596877,1
2025-12-22 01:00:00,1.17156,1.1718899999999999,1.17134,1.17165,486,8,0,1,1,0.0,5.974480433577817e-05,0.99,0.7467995173236754,1
2025-12-22 01:15:00,1.17165,1.17174,1.1715200000000001,1.17164,236,8,0,1,1,8.53504489439206e-06,6.828035915475744e-05,0.99,0.7467995173236754,1
2025-12-22 01:30:00,1.17166,1.1719,1.17139,1.17183,340,8,0,1,1,0.00015360589846637052,9.387027128494104e-05,0.99,0.7467995173236754,1
2025-12-22 01:45:00,1.1718600000000001,1.1718600000000001,1.17148,1.1717,252,8,0,1,1,4.267303917375051e-05,1.706921566965181e-05,0.99,0.7467995173236754,1
2025-12-22 02:00:00,1.1717,1.17191,1.17169,1.17183,145,8,0,1,1,0.00015360589846637052,9.387027128494104e-05,0.99,0.7467995173236754,1
2025-12-22 02:15:00,1.17185,1.1718899999999999,1.17168,1.17173,160,8,0,1,1,6.827511457405542e-05,8.53438932163849e-06,0.99,0.7467995173236754,1
2025-12-22 02:30:00,1.17173,1.1718899999999999,1.17157,1.17169,155,8,0,1,1,3.413872269953483e-05,2.5604042024935382e-05,0.99,0.7467995173236754,1
2025-12-22 02:45:00,1.17169,1.17169,1.17149,1.1716,184,8,0,1,1,2.560600887672797e-05,0.00010242403550710142,0.99,0.7470608323596877,1
2025-12-22 03:00:00,1.17161,1.17172,1.17146,1.17156,195,8,0,1,1,8.535627710117717e-06,0.00013657004336112535,0.99,0.7470608323596877,1
2025-12-22 03:15:00,1.17158,1.17169,1.17132,1.17137,242,8,0,1,0,0.00017074024432927083,0.0002987954275763187,0.99,0.7470608323596877,1
2025-12-22 03:30:00,1.17137,1.17165,1.17136,1.17161,211,8,0,1,1,3.4141053763658555e-05,9.388789785001365e-05,0.99,0.7470608323596877,1
2025-12-22 03:45:00,1.17161,1.17179,1.17161,1.1717,245,8,0,1,1,4.267303917375051e-05,1.706921566965181e-05,0.99,0.7467995173236754,1
2025-12-22 04:00:00,1.1717,1.17184,1.17159,1.17177,199,8,0,1,1,0.00010240917586207017,4.267048994246608e-05,0.99,0.7467995173236754,1
2025-12-22 04:15:00,1.17178,1.17184,1.17168,1.17182,128,8,0,1,1,0.00014507347544845067,8.533733849907748e-05,0.99,0.7467995173236754,1
2025-12-22 04:30:00,1.17182,1.17196,1.17182,1.17194,133,8,0,0,1,0.0002474529412767731,2.559858013206691e-05,0.99,0.7465637960765799,1
2025-12-22 04:45:00,1.17196,1.1721300000000001,1.17192,1.17196,197,8,0,0,1,0.0002645141472403584,8.532714427169454e-06,0.99,0.7465637960765799,1
2025-12-22 05:00:00,1.17196,1.17215,1.17187,1.17214,171,8,0,0,1,0.0004180388008257371,0.00014503386967427398,0.99,0.7465637960765799,1
2025-12-22 05:15:00,1.1721300000000001,1.17217,1.17197,1.172,142,8,0,0,1,0.00029863481228656184,2.5597269624551617e-05,0.99,0.7465637960765799,1
2025-12-22 05:30:00,1.17199,1.17205,1.17153,1.17169,300,8,0,1,1,3.413872269953483e-05,2.5604042024935382e-05,0.99,0.7467995173236754,1
2025-12-22 05:45:00,1.17169,1.17179,1.17155,1.17171,203,8,0,1,1,5.120720997512096e-05,8.534534995916663e-06,0.99,0.7467995173236754,1
2025-12-22 06:00:00,1.17171,1.1718,1.1715200000000001,1.17168,261,8,0,1,1,2.5604260548933575e-05,3.413901406530793e-05,0.99,0.7467995173236754,1
2025-12-22 06:15:00,1.17168,1.17187,1.17153,1.17165,282,8,0,1,1,0.0,5.974480433577817e-05,0.99,0.7467995173236754,1
2025-12-22 06:30:00,1.17165,1.1717,1.17138,1.1715200000000001,271,8,0,1,1,4.267959573876969e-05,0.00017071838295545783,0.99,0.7470608323596877,1
2025-12-22 06:45:00,1.1715200000000001,1.17158,1.17126,1.17154,246,8,0,1,1,2.5607320279268734e-05,0.00015364392167580192,0.99,0.7470608323596877,1
2025-12-22 07:00:00,1.17154,1.17184,1.17146,1.1716,459,8,0,1,1,2.560600887672797e-05,0.00010242403550710142,0.99,0.7470608323596877,1
2025-12-22 07:15:00,1.1716,1.17208,1.17146,1.17198,383,8,0,0,1,0.00028157477090047734,8.532568815223393e-06,0.99,0.7465637960765799,1
2025-12-22 07:30:00,1.17199,1.17242,1.1718600000000001,1.17232,419,8,0,0,0,0.0005715163095400133,0.00029855329602845,0.99,0.0,0
2025-12-22 07:45:00,1.17233,1.17307,1.17226,1.17285,473,8,0,1,1,0.0001193673530289713,5.968367651448565e-05,0.99,0.7471142295148,1
2025-12-22 08:00:00,1.17283,1.17314,1.17228,1.17241,602,8,0,0,0,0.0004947074828771718,0.0003155892563181664,0.99,0.0,0
2025-12-22 08:15:00,1.17239,1.1729,1.17231,1.1729,426,8,0,1,1,7.673288430379697e-05,0.00010231051240525194,0.99,0.7471142295148,1
2025-12-22 08:30:00,1.17292,1.1733500000000001,1.17261,1.17332,417,8,0,0,0,0.00023011625132103133,0.00046023250264206266,0.99,0.0,0
2025-12-22 08:45:00,1.17332,1.1738,1.17332,1.17352,491,8,0,1,0,5.964960119982148e-05,0.0006305814983979506,0.99,0.7474406991857608,1
2025-12-22 09:00:00,1.17355,1.1736,1.17317,1.17327,438,8,0,0,0,0.00021307968327842993,0.00041763617922566966,0.99,0.0,0
2025-12-22 09:15:00,1.17327,1.17327,1.17273,1.1730800000000001,422,8,0,1,0,5.1147406826619684e-05,0.0002557370341325306,0.99,0.7465937230933395,1
2025-12-22 09:30:00,1.17309,1.17346,1.17291,1.17292,537,8,0,1,1,5.9680114585832364e-05,0.00011936022917166473,0.99,0.7471142295148,1
2025-12-22 09:45:00,1.17293,1.17326,1.17269,1.17298,553,8,0,1,1,8.525294548982517e-06,0.00017050589097851454,0.99,0.7471142295148,1
2025-12-22 10:00:00,1.17297,1.17356,1.17286,1.17337,644,8,0,1,0,0.0001874941408080034,0.0005028251958036173,0.99,0.7474406991857608,1
2025-12-22 10:15:00,1.17338,1.17377,1.17334,1.17366,473,8,0,1,0,5.964248589882462e-05,0.0007497912512993473,0.99,0.7474406991857608,1
2025-12-22 10:30:00,1.17367,1.17371,1.1732,1.17324,376,8,0,1,0,0.00018751491595931692,0.0003920766424603039,0.99,0.7465937230933395,1
2025-12-22 10:45:00,1.17324,1.17356,1.17296,1.17327,463,8,0,0,0,0.00021307968327842993,0.00041763617922566966,0.99,0.0,0
2025-12-22 11:00:00,1.17329,1.17362,1.17318,1.17338,362,8,0,1,0,0.00017897015459597182,0.0005113432988462015,0.99,0.7474406991857608,1
2025-12-22 11:15:00,1.17338,1.17356,1.17323,1.17338,310,8,0,1,0,0.00017897015459597182,0.0005113432988462015,0.99,0.7474406991857608,1
2025-12-22 11:30:00,1.17338,1.1735,1.17283,1.17329,370,8,0,0,0,0.0002301221351924865,0.0004346751442524955,0.99,0.0,0
2025-12-22 11:45:00,1.1733,1.1734,1.17294,1.17331,362,8,0,0,0,0.00023864110934010272,0.0004517135283941511,0.99,0.0,0
2025-12-22 12:00:00,1.17331,1.17431,1.17328,1.17372,682,8,0,1,0,0.00011075895443562819,0.0008008724397643073,0.99,0.7474406991857608,1
2025-12-22 12:15:00,1.17373,1.17385,1.1734499999999999,1.17354,446,8,0,1,0,4.260613187440008e-05,0.0006476132044924706,0.99,0.7474406991857608,1
2025-12-22 12:30:00,1.17354,1.17407,1.1735,1.17385,491,8,0,0,0,0.00022149337649627208,0.0009115304340419358,0.99,0.0,0
2025-12-22 12:45:00,1.17385,1.1743000000000001,1.17372,1.17411,475,8,0,1,0,8.517089540161398e-05,0.001132772908841636,0.99,0.7479942141944069,1
2025-12-22 13:00:00,1.17413,1.17497,1.17413,1.17493,826,8,0,1,0,0.0001617117615518665,0.0018298962491383284,0.99,0.7464277181952659,1
2025-12-22 13:15:00,1.17492,1.17495,1.17449,1.17466,621,8,0,1,0,6.81048133075596e-05,0.0016004631127305806,0.99,0.7464277181952659,1
2025-12-22 13:30:00,1.17466,1.17541,1.1745700000000001,1.17533,644,8,0,0,0,0.00039988769111651236,0.002169603430525939,0.99,0.0,0
2025-12-22 13:45:00,1.17535,1.17539,1.17486,1.17502,584,8,0,0,0,0.000238293816275517,0.001906350530203758,0.99,0.0,0
2025-12-22 14:00:00,1.17502,1.17507,1.17445,1.17507,565,8,0,0,0,0.0002808343332739015,0.0019488200702937912,0.99,0.0,0
2025-12-22 14:15:00,1.17507,1.17575,1.17479,1.17568,562,8,0,1,0,0.0001020685900924554,0.002466657593903209,0.99,0.7473736533629121,1
2025-12-22 14:30:00,1.17569,1.17661,1.17566,1.17636,792,8,0,1,0,8.500799075112123e-05,0.0030432860688905934,0.99,0.7471431941821486,1
2025-12-22 14:45:00,1.17636,1.17637,1.17585,1.17597,639,8,0,1,0,3.401447315836289e-05,0.0027126542343767495,0.99,0.7467548115029226,1
2025-12-22 15:00:00,1.17595,1.17644,1.17591,1.17599,636,8,0,1,0,5.102084201410813e-05,0.002729615047747138,0.99,0.7467548115029226,1
2025-12-22 15:15:00,1.17599,1.17638,1.17573,1.1761300000000001,578,8,0,1,0,0.00010202953755103428,0.002848324589968954,0.99,0.7466971274088896,1
2025-12-22 15:30:00,1.17612,1.17666,1.1761,1.17643,623,8,0,1,0,2.5500879780330737e-05,0.003102607039943008,0.99,0.7471431941821486,1
2025-12-22 15:45:00,1.17644,1.17691,1.17596,1.17634,781,8,0,1,0,7.650849244259608e-05,0.0030263359232874914,0.99,0.7466971274088896,1
2025-12-22 16:00:00,1.17634,1.17637,1.17601,1.17618,531,8,0,1,0,5.951470013094466e-05,0.00289071400635963,0.99,0.7466971274088896,1
2025-12-22 16:15:00,1.17616,1.17626,1.17553,1.17587,539,8,0,1,0,3.401736586530825e-05,0.0026278415130924653,0.99,0.747955171355261,1
2025-12-22 16:30:00,1.17587,1.17594,1.17515,1.1752,570,8,0,0,0,0.00039142273655558795,0.0020592239618789044,0.99,0.0,0
2025-12-22 16:45:00,1.17521,1.17531,1.1748,1.17494,361,8,0,1,0,0.00017022145811718044,0.0018383917476638481,0.99,0.7464277181952659,1
2025-12-22 17:00:00,1.17494,1.17542,1.17489,1.17536,453,8,0,0,0,0.0003743533895997788,0.0021950721481078365,0.99,0.0,0
2025-12-22 17:15:00,1.17537,1.17578,1.17509,1.17578,396,8,0,1,0,1.700998486103606e-05,0.0025514977291671175,0.99,0.7473736533629121,1
2025-12-22 17:30:00,1.17578,1.17642,1.17578,1.17624,374,8,0,1,0,8.50166632665571e-06,0.0029415765490036208,0.99,0.7466971274088896,1
2025-12-22 17:45:00,1.17624,1.17628,1.17578,1.1758,364,8,0,1,0,0.0,0.002568464024493981,0.99,0.7473736533629121,1
2025-12-22 18:00:00,1.1757900000000001,1.1758,1.17512,1.17531,395,8,0,0,0,0.0004169112829805578,0.0021526235631451644,0.99,0.0,0
2025-12-22 18:15:00,1.17531,1.17543,1.1750099999999999,1.17502,329,8,0,0,0,0.000238293816275517,0.001906350530203758,0.99,0.0,0
2025-12-22 18:30:00,1.17502,1.17517,1.1749100000000001,1.17508,290,8,0,0,0,0.0002893420022466615,0.0019573135446097024,0.99,0.0,0
2025-12-22 18:45:00,1.17508,1.17542,1.17497,1.17524,301,8,0,0,0,0.0004254450154863406,0.0020931894761922064,0.99,0.0,0
2025-12-22 19:00:00,1.17524,1.17538,1.17508,1.17522,242,8,0,0,0,0.00040843416551797617,0.002076207008049555,0.99,0.0,0
2025-12-22 19:15:00,1.17522,1.17526,1.17482,1.17516,309,8,0,0,0,0.00035739814152973805,0.0020252561353348046,0.99,0.0,0
2025-12-22 19:30:00,1.1751800000000001,1.17545,1.17517,1.17522,268,8,0,0,0,0.00040843416551797617,0.002076207008049555,0.99,0.0,0
2025-12-22 19:45:00,1.17522,1.17556,1.17513,1.17549,317,8,0,0,0,0.0002637198104620477,0.0023054215688776514,0.99,0.0,0
2025-12-22 20:00:00,1.1755,1.17551,1.17517,1.17546,269,8,0,0,0,0.0002892484644309521,0.00227995848433806,0.99,0.0,0
2025-12-22 20:15:00,1.17546,1.17566,1.17538,1.17566,183,8,0,1,0,0.00011908204753077335,0.0024496878349182533,0.99,0.7473736533629121,1
2025-12-22 20:30:00,1.17566,1.17585,1.17559,1.1757900000000001,180,8,0,1,0,8.504920096142565e-06,0.0025599809489791365,0.99,0.7473736533629121,1
2025-12-22 20:45:00,1.17581,1.17583,1.17544,1.17549,246,8,0,0,0,0.0002637198104620477,0.0023054215688776514,0.99,0.0,0
2025-12-22 21:00:00,1.17549,1.17586,1.17542,1.17576,189,8,0,1,0,3.402054841127442e-05,0.0025345308566373944,0.99,0.7473736533629121,1
2025-12-22 21:15:00,1.17576,1.17604,1.17567,1.1758899999999999,163,8,0,1,0,1.7008393642373882e-05,0.0026448052113717665,0.99,0.747955171355261,1
2025-12-22 21:30:00,1.1759,1.1761,1.1759,1.17606,121,8,0,1,0,0.00011053857796386708,0.002788973351699889,0.99,0.7467548115029226,1
2025-12-22 21:45:00,1.17606,1.17619,1.17604,1.17607,155,8,0,1,0,0.00011904053330161385,0.002797452532587359,0.99,0.7467548115029226,1
2025-12-22 22:00:00,1.17607,1.17614,1.17564,1.17584,169,20,0,1,0,3.401823377333651e-05,0.002602394883657694,0.99,0.7473736533629121,1
2025-12-22 22:15:00,1.17583,1.17598,1.17571,1.1757900000000001,320,48,0,1,0,8.504920096142565e-06,0.0025599809489791365,0.99,0.7473736533629121,1
2025-12-22 22:30:00,1.1758,1.17596,1.17576,1.17587,227,48,0,1,0,3.401736586530825e-05,0.0026278415130924653,0.99,0.747955171355261,1
2025-12-22 22:45:00,1.17586,1.17596,1.17576,1.1758899999999999,189,20,0,1,0,1.7008393642373882e-05,0.0026448052113717665,0.99,0.747955171355261,1
2025-12-22 23:00:00,1.17595,1.17643,1.17585,1.17631,316,8,0,1,0,5.100696245033111e-05,0.0030009096241637267,0.99,0.7466971274088896,1
2025-12-22 23:15:00,1.1763,1.17646,1.1763,1.17637,178,8,0,1,0,7.650654130940565e-05,0.0030517609255591204,0.99,0.7471431941821486,1
2025-12-22 23:30:00,1.17637,1.17639,1.17624,1.17634,118,8,0,1,0,7.650849244259608e-05,0.0030263359232874914,0.99,0.7466971274088896,1
2025-12-22 23:45:00,1.17634,1.17652,1.17632,1.17632,137,8,0,1,0,5.950761697498512e-05,0.0030093852013058507,0.99,0.7466971274088896,1
2025-12-23 00:00:00,1.17632,1.17673,1.17624,1.17669,290,8,0,1,0,0.00015297147082075056,0.003322880282827321,0.99,0.7470666480314436,1
2025-12-23 00:15:00,1.17669,1.17676,1.17653,1.17675,156,8,0,0,0,0.00020395156150415804,0.0033736987465477195,0.99,0.0,0
2025-12-23 00:30:00,1.17675,1.17683,1.17666,1.1768,179,8,0,0,0,0.00024643099932029525,0.003416043507817925,0.99,0.0,0
2025-12-23 00:45:00,1.17681,1.177,1.1767400000000001,1.17686,326,8,0,0,0,0.0002974015600836739,0.0034668524718318946,0.99,0.0,0
2025-12-23 01:00:00,1.1768399999999999,1.17703,1.17657,1.17703,341,8,0,0,0,0.0004417899288888779,0.0036107830726490294,0.99,0.0,0
2025-12-23 01:15:00,1.17702,1.17709,1.17657,1.17663,288,8,0,1,0,0.00010198618087259377,0.0032720566363258893,0.99,0.7470666480314436,1
2025-12-23 01:30:00,1.17664,1.17747,1.17658,1.17725,341,8,0,0,0,0.0004841792312594449,0.0037969844977702055,0.99,0.0,0
2025-12-23 01:45:00,1.17725,1.17758,1.17716,1.17728,340,8,0,0,0,0.0004586844251155077,0.003822370209296149,0.99,0.0,0
2025-12-23 02:00:00,1.17728,1.17771,1.17725,1.17763,305,8,0,1,0,0.00016134099844614566,0.0041184412761224,0.99,0.7474700566146135,1
2025-12-23 02:15:00,1.17763,1.17766,1.1772,1.17743,277,8,0,0,0,0.00033122988203129907,0.003949279362679772,0.99,0.0,0
2025-12-23 02:30:00,1.17743,1.17768,1.1774,1.17759,277,8,0,1,0,0.00019531415857826113,0.004084613490263998,0.99,0.7474700566146135,1
2025-12-23 02:45:00,1.17757,1.17801,1.17757,1.1777199999999999,351,8,0,1,0,8.490982576521673e-05,0.004194545392792807,0.99,0.7474700566146135,1
2025-12-23 03:00:00,1.17774,1.17789,1.17755,1.17761,294,8,0,1,0,0.00017832729001965292,0.004101527670451263,0.99,0.7474700566146135,1
2025-12-23 03:15:00,1.17761,1.17763,1.17727,1.17747,307,8,0,0,0,0.0002972474882587858,0.003983116342666975,0.99,0.0,0
2025-12-23 03:30:00,1.17747,1.17769,1.17743,1.17758,238,8,0,0,0,0.00020380780923590582,0.004076156184717928,0.99,0.0,0
2025-12-23 03:45:00,1.17758,1.17769,1.1774499999999999,1.1776,267,8,0,1,0,0.0001868206521740056,0.004093070652173953,0.99,0.7474700566146135,1
2025-12-23 04:00:00,1.1776,1.17786,1.17754,1.17785,319,8,0,1,0,2.547013626520736e-05,0.004304453028823815,0.99,0.7474700566146135,1
2025-12-23 04:15:00,1.17785,1.17788,1.17753,1.17754,228,8,0,0,0,0.0002377838544763303,0.004042325526096861,0.99,0.0,0
2025-12-23 04:30:00,1.17754,1.17784,1.17746,1.17755,237,8,0,0,0,0.00022928962676743445,0.004050783406224927,0.99,0.0,0
2025-12-23 04:45:00,1.17755,1.1777199999999999,1.17731,1.17748,290,8,0,0,0,0.00028875225056901766,0.003991575228454112,0.99,0.0,0
2025-12-23 05:00:00,1.17747,1.17786,1.1774,1.17767,270,8,0,1,0,0.00012737014613609457,0.004152266764034119,0.99,0.7474700566146135,1
2025-12-23 05:15:00,1.17767,1.17795,1.17765,1.17781,225,8,0,1,0,8.490333755075531e-06,0.004270637878775091,0.99,0.7474700566146135,1
2025-12-23 05:30:00,1.17781,1.17783,1.17754,1.1776,237,8,0,1,0,0.0001868206521740056,0.004093070652173953,0.99,0.7474700566146135,1
2025-12-23 05:45:00,1.1776,1.1776200000000001,1.17739,1.1774499999999999,376,8,0,0,0,0.00031423839653505755,0.003966198140048369,0.99,0.0,0
2025-12-23 06:00:00,1.1774499999999999,1.17761,1.1773500000000001,1.17739,310,8,0,0,0,0.0003652145848021068,0.003915440083574689,0.99,0.0,0
2025-12-23 06:15:00,1.17739,1.17743,1.17718,1.17729,203,8,0,0,0,0.00045018644514107953,0.0038308318256334586,0.99,0.0,0
2025-12-23 06:30:00,1.17729,1.17733,1.17683,1.17719,339,8,0,0,0,0.0005351727418684584,0.0037462091930784537,0.99,0.0,0
2025-12-23 06:45:00,1.1772,1.17738,1.17702,1.17709,312,8,0,0,0,0.0004927405720888164,0.003661572182246078,0.99,0.0,0
2025-12-23 07:00:00,1.1771,1.17742,1.17688,1.17722,552,8,0,0,0,0.0005096753368105842,0.0037715974923973427,0.99,0.0,0
2025-12-23 07:15:00,1.17721,1.17761,1.1771099999999999,1.17718,419,8,0,0,0,0.000543672165684259,0.003737746139078102,0.99,0.0,0
2025-12-23 07:30:00,1.17718,1.17785,1.17718,1.17736,522,8,0,0,0,0.00039070462730186775,0.003890059115308851,0.99,0.0,0
2025-12-23 07:45:00,1.17737,1.1781,1.17713,1.17784,585,8,0,1,0,1.6980235006375213e-05,0.004295999456632535,0.99,0.7474700566146135,1
2025-12-23 08:00:00,1.17782,1.1783299999999999,1.17749,1.17824,807,8,0,0,0,0.00035646387832688155,0.004634030418250968,0.99,0.0,0
2025-12-23 08:15:00,1.17825,1.17825,1.17761,1.17809,642,8,0,0,0,0.00022918452749789273,0.004507295707458808,0.99,0.0,0
2025-12-23 08:30:00,1.17808,1.1783299999999999,1.17799,1.1782,495,8,0,0,0,0.00032252588694604053,0.004600237650653523,0.99,0.0,0
2025-12-23 08:45:00,1.1782,1.17843,1.17795,1.17841,492,8,0,0,0,0.00039035649731428536,0.004777624086693107,0.99,0.0,0
2025-12-23 09:00:00,1.1784,1.179,1.1783299999999999,1.17885,708,8,0,1,0,1.6965686898359438e-05,0.005149085973618374,0.99,0.7468513222244763,1
2025-12-23 09:15:00,1.17886,1.1789399999999999,1.17814,1.17824,601,8,0,0,0,0.00035646387832688155,0.004634030418250968,0.99,0.0,0
2025-12-23 09:30:00,1.17824,1.1789,1.17824,1.1787,609,8,0,1,0,0.00014422669042165391,0.005022482395859971,0.99,0.7468513222244763,1
2025-12-23 09:45:00,1.1787,1.17925,1.17848,1.17922,627,8,0,0,0,0.0002968063635283072,0.005461237088923188,0.99,0.0,0
2025-12-23 10:00:00,1.17924,1.17961,1.17912,1.17942,502,8,0,1,0,0.00016957487578638482,0.005629885876108578,0.99,0.7467526189954782,1
2025-12-23 10:15:00,1.17942,1.17974,1.17912,1.17963,452,8,0,1,0,8.477234387109104e-06,0.005806905555131713,0.99,0.7467526189954782,1
2025-12-23 10:30:00,1.17963,1.1797900000000001,1.17941,1.17968,368,8,0,1,0,5.086125050875748e-05,0.005849043808490546,0.99,0.7467526189954782,1
2025-12-23 10:45:00,1.17968,1.18,1.1795200000000001,1.17985,466,8,0,1,0,0.000194940034750328,0.005992287155146952,0.99,0.7467526189954782,1
2025-12-23 11:00:00,1.17982,1.17997,1.17947,1.17974,470,8,0,1,0,0.00010171732754684932,0.005899604997711426,0.99,0.7467526189954782,1
2025-12-23 11:15:00,1.17973,1.17983,1.17936,1.1798,322,8,0,1,0,0.000152568231903771,0.00595016104424481,0.99,0.7467526189954782,1
2025-12-23 11:30:00,1.17982,1.17991,1.17946,1.1797,378,8,0,1,0,6.78138509791303e-05,0.0058658981096889355,0.99,0.7467526189954782,1
2025-12-23 11:45:00,1.1797,1.17974,1.1792,1.1795200000000001,369,8,0,1,0,8.47802495928572e-05,0.005714188822572054,0.99,0.7467526189954782,1
2025-12-23 12:00:00,1.17953,1.17996,1.17947,1.17984,389,8,0,1,0,0.0001864659614863956,0.005983862218605969,0.99,0.7467526189954782,1
2025-12-23 12:15:00,1.17984,1.18005,1.17963,1.17999,378,8,0,0,0,0.00031356197933898037,0.006110221273061772,0.99,0.0,0
2025-12-23 12:30:00,1.17999,1.1801599999999999,1.17946,1.17948,418,8,0,1,0,0.00011869637467342128,0.005680469359378836,0.99,0.7467526189954782,1
2025-12-23 12:45:00,1.17948,1.17964,1.17886,1.17896,609,8,0,1,0,7.633846780206579e-05,0.005241908122413037,0.99,0.7468513222244763,1
2025-12-23 13:00:00,1.1789399999999999,1.1791,1.17852,1.17878,610,8,0,1,0,7.635012470532713e-05,0.00509000831368025,0.99,0.7468513222244763,1
2025-12-23 13:15:00,1.1788,1.17935,1.17874,1.179,600,8,0,1,0,0.00011026293469038463,0.005275657336726136,0.99,0.7468513222244763,1
2025-12-23 13:30:00,1.17898,1.17898,1.17795,1.17858,1152,8,0,0,0,0.0002460588165420451,0.00492117633083883,0.99,0.0,0
2025-12-23 13:45:00,1.17855,1.17856,1.17739,1.1774499999999999,1133,8,0,0,0,0.00031423839653505755,0.003966198140048369,0.99,0.0,0
2025-12-23 14:00:00,1.1774499999999999,1.17792,1.17726,1.17752,863,8,0,0,0,0.0002547727427136601,0.004025409334873265,0.99,0.0,0
2025-12-23 14:15:00,1.17748,1.1775,1.1769,1.17731,757,8,0,0,0,0.0004331909182798162,0.003847754627073706,0.99,0.0,0
2025-12-23 14:30:00,1.17732,1.17788,1.17698,1.17752,815,8,0,0,0,0.0002547727427136601,0.004025409334873265,0.99,0.0,0
2025-12-23 14:45:00,1.17752,1.17777,1.17682,1.17693,777,8,0,0,0,0.000356860645917843,0.0035261230489494685,0.99,0.0,0
2025-12-23 15:00:00,1.17692,1.17786,1.1767,1.17777,1013,8,0,1,0,4.2453110539498814e-05,0.004236820431833083,0.99,0.7474700566146135,1
2025-12-23 15:15:00,1.17775,1.17786,1.17716,1.17728,736,8,0,0,0,0.0004586844251155077,0.003822370209296149,0.99,0.0,0
2025-12-23 15:30:00,1.17728,1.17753,1.17647,1.17659,663,8,0,1,0,6.79930987005499e-05,0.003238171325610528,0.99,0.7470666480314436,1
2025-12-23 15:45:00,1.17659,1.17746,1.17636,1.17738,875,8,0,0,0,0.0003737111213032291,0.003906979904533931,0.99,0.0,0
2025-12-23 16:00:00,1.17737,1.17769,1.17733,1.17747,675,8,0,0,0,0.0002972474882587858,0.003983116342666975,0.99,0.0,0
2025-12-23 16:15:00,1.17748,1.17783,1.1773500000000001,1.17756,527,8,0,0,0,0.00022079554332700587,0.004059241142701864,0.99,0.0,0
2025-12-23 16:30:00,1.17757,1.17778,1.17727,1.17757,478,8,0,0,0,0.00021230160415099187,0.0040676987355317065,0.99,0.0,0
2025-12-23 16:45:00,1.17758,1.17802,1.17752,1.17753,435,8,0,0,0,0.00024627822645718027,0.004033867502314194,0.99,0.0,0
2025-12-23 17:00:00,1.17753,1.17785,1.17728,1.17731,478,8,0,0,0,0.0004331909182798162,0.003847754627073706,0.99,0.0,0
2025-12-23 17:15:00,1.17731,1.17753,1.17703,1.17718,400,8,0,0,0,0.000543672165684259,0.003737746139078102,0.99,0.0,0
2025-12-23 17:30:00,1.17721,1.17744,1.17687,1.17727,373,8,0,0,0,0.0004671825494576864,0.003813908449208852,0.99,0.0,0
2025-12-23 17:45:00,1.17727,1.1773500000000001,1.17689,1.17706,351,8,0,0,0,0.000467265899784251,0.0036361782746844352,0.99,0.0,0
2025-12-23 18:00:00,1.17706,1.17731,1.17693,1.17724,342,8,0,0,0,0.0004926777887261942,0.0037885223064117175,0.99,0.0,0
2025-12-23 18:15:00,1.17722,1.17771,1.17714,1.17751,342,8,0,0,0,0.0002632674032492569,0.004016951023770603,0.99,0.0,0
2025-12-23 18:30:00,1.17751,1.17774,1.17747,1.17767,267,8,0,1,0,0.00012737014613609457,0.004152266764034119,0.99,0.7474700566146135,1
2025-12-23 18:45:00,1.17768,1.17826,1.17768,1.17825,350,8,0,0,0,0.00036494801612555096,0.004642478251644461,0.99,0.0,0
2025-12-23 19:00:00,1.17827,1.17878,1.17816,1.17877,369,8,0,1,0,8.483419157256206e-05,0.005081568075197164,0.99,0.7468513222244763,1
2025-12-23 19:15:00,1.17877,1.17888,1.17851,1.17852,352,8,0,0,0,0.00029698265621293864,0.004870515561891252,0.99,0.0,0
2025-12-23 19:30:00,1.17852,1.17881,1.17851,1.17865,254,8,0,1,0,0.00018665422305188902,0.004980274042336607,0.99,0.7468513222244763,1
2025-12-23 19:45:00,1.17865,1.1791,1.17859,1.17896,298,8,0,1,0,7.633846780206579e-05,0.005241908122413037,0.99,0.7468513222244763,1
2025-12-23 20:00:00,1.17895,1.17899,1.17866,1.17899,314,8,0,1,0,0.000101782033774585,0.005267220247839294,0.99,0.7468513222244763,1
2025-12-23 20:15:00,1.179,1.17926,1.17898,1.17905,278,8,0,1,0,0.00015266528137046517,0.005317840634409056,0.99,0.7468513222244763,1
2025-12-23 20:30:00,1.17905,1.17933,1.17902,1.17919,219,8,0,0,0,0.0002713727219531,0.005435934836625164,0.99,0.0,0
2025-12-23 20:45:00,1.17919,1.17921,1.17881,1.1789100000000001,252,8,0,1,0,3.3929646877234056e-05,0.00519971838393108,0.99,0.7468513222244763,1
2025-12-23 21:00:00,1.17892,1.17911,1.17884,1.17895,183,8,0,1,0,6.785699139052375e-05,0.005233470461003443,0.99,0.7468513222244763,1
2025-12-23 21:15:00,1.17895,1.17906,1.1788,1.17904,134,8,0,1,0,0.00014418509974216607,0.005309404261093902,0.99,0.7468513222244763,1
2025-12-23 21:30:00,1.17903,1.17962,1.17902,1.1796,182,8,0,1,0,1.695489996601304e-05,0.005781620888436799,0.99,0.7467526189954782,1
2025-12-23 21:45:00,1.1796,1.17967,1.17904,1.17906,244,8,0,1,0,0.00016114531915247101,0.005326276864621023,0.99,0.7468513222244763,1
2025-12-23 22:00:00,1.17909,1.17925,1.17908,1.17909,147,48,0,1,0,0.0001865845694560101,0.00535158469667289,0.99,0.7468513222244763,1
2025-12-23 22:15:00,1.1791,1.17921,1.17908,1.17919,75,48,0,0,0,0.0002713727219531,0.005435934836625164,0.99,0.0,0
2025-12-23 22:30:00,1.1791800000000001,1.17942,1.17912,1.17938,107,20,0,0,0,0.0002034967525308178,0.005596160694602385,0.99,0.0,0
2025-12-23 22:45:00,1.17937,1.17937,1.17909,1.17935,87,20,0,0,0,0.00022893967015728367,0.005570865307160695,0.99,0.0,0
2025-12-23 23:00:00,1.17943,1.17964,1.17929,1.17948,231,8,0,1,0,0.00011869637467342128,0.005680469359378836,0.99,0.7467526189954782,1
2025-12-23 23:15:00,1.17948,1.1795200000000001,1.1793,1.1794,146,8,0,1,0,0.00018653552653882224,0.005613023571307504,0.99,0.7467526189954782,1
2025-12-23 23:30:00,1.1794,1.17965,1.17931,1.17948,139,8,0,1,0,0.00011869637467342128,0.005680469359378836,0.99,0.7467526189954782,1
2025-12-23 23:45:00,1.17948,1.17967,1.17938,1.17942,186,8,0,1,0,0.00016957487578638482,0.005629885876108578,0.99,0.7467526189954782,1
2025-12-24 00:00:00,1.17942,1.17984,1.17942,1.17957,339,8,0,1,0,4.238832794991689e-05,0.005756334935612192,0.99,0.7467526189954782,1
2025-12-24 00:15:00,1.17958,1.17967,1.17912,1.1793,291,8,0,0,0,0.0002713474094800949,0.005528703468159146,0.99,0.0,0
2025-12-24 00:30:00,1.1793,1.17939,1.17899,1.17938,266,8,0,0,0,0.0002034967525308178,0.005596160694602385,0.99,0.0,0
2025-12-24 00:45:00,1.17938,1.17987,1.17924,1.17986,356,8,0,0,0,0.00020341396436866915,0.00600071194887527,0.99,0.0,0
2025-12-24 01:00:00,1.17984,1.1799,1.17963,1.17971,345,8,0,1,0,7.628993566227761e-05,0.005874325045985965,0.99,0.7467526189954782,1
2025-12-24 01:15:00,1.17971,1.18035,1.17971,1.18017,388,8,0,0,0,0.0004660345543439085,0.006261809739274857,0.99,0.0,0
2025-12-24 01:30:00,1.18015,1.18057,1.18012,1.1804999999999999,448,8,0,0,0,0.0007454468445573842,0.006539601863617069,0.99,0.0,0
2025-12-24 01:45:00,1.18048,1.1806,1.18039,1.18048,300,8,0,0,0,0.0007285172133370179,0.006522770398482008,0.99,0.0,0
2025-12-24 02:00:00,1.18048,1.18076,1.18048,1.1807,302,8,0,0,0,0.0009147116117559006,0.006707885152875539,0.99,0.0,0
2025-12-24 02:15:00,1.1807,1.1807,1.1802,1.18022,299,8,0,0,0,0.000508379793597936,0.006303909440612863,0.99,0.0,0
2025-12-24 02:30:00,1.18022,1.18024,1.17997,1.1801,240,8,0,0,0,0.0004067451910855317,0.006202864164053888,0.99,0.0,0
2025-12-24 02:45:00,1.1801,1.18022,1.1798,1.17981,195,8,0,1,0,0.0001610428797858422,0.005958586552072021,0.99,0.7467526189954782,1
2025-12-24 03:00:00,1.1798,1.17983,1.17903,1.17921,421,8,0,0,0,0.0002883286267925195,0.0054528031478703175,0.99,0.0,0
2025-12-24 03:15:00,1.17921,1.17931,1.17896,1.17901,312,8,0,1,0,0.00011874369174121251,0.005284094282491207,0.99,0.7468513222244763,1
2025-12-24 03:30:00,1.17901,1.17922,1.17875,1.17882,267,8,0,1,0,4.24152966526743e-05,0.005123767835632281,0.99,0.7468513222244763,1
2025-12-24 03:45:00,1.17882,1.17884,1.1786699999999999,1.17872,184,8,0,1,0,0.00012725668521794363,0.005039364734627441,0.99,0.7468513222244763,1
2025-12-24 04:00:00,1.17872,1.17886,1.17856,1.17863,215,8,0,0,0,0.00020362624402909984,0.00496338969820905,0.99,0.0,0
2025-12-24 04:15:00,1.17863,1.17893,1.17863,1.17893,224,8,0,1,0,5.0893606914701454e-05,0.005216594708761419,0.99,0.7468513222244763,1
2025-12-24 04:30:00,1.17892,1.17917,1.17886,1.17915,241,8,0,0,0,0.00023745918670214642,0.0054021964974769856,0.99,0.0,0
2025-12-24 04:45:00,1.17914,1.17931,1.17905,1.17909,251,8,0,1,0,0.0001865845694560101,0.00535158469667289,0.99,0.7468513222244763,1
2025-12-24 05:00:00,1.17908,1.17927,1.17902,1.17921,224,8,0,0,0,0.0002883286267925195,0.0054528031478703175,0.99,0.0,0
2025-12-24 05:15:00,1.17921,1.1794,1.17917,1.1794,158,8,0,1,0,0.00018653552653882224,0.005613023571307504,0.99,0.7467526189954782,1
2025-12-24 05:30:00,1.17943,1.17982,1.17934,1.17981,208,8,0,1,0,0.0001610428797858422,0.005958586552072021,0.99,0.7467526189954782,1
2025-12-24 05:45:00,1.17981,1.1801599999999999,1.17973,1.17986,307,8,0,0,0,0.00020341396436866915,0.00600071194887527,0.99,0.0,0
2025-12-24 06:00:00,1.17986,1.18023,1.17984,1.1801,370,8,0,0,0,0.0004067451910855317,0.006202864164053888,0.99,0.0,0
2025-12-24 06:15:00,1.18009,1.18019,1.17972,1.17988,332,8,0,0,0,0.00022036139268412805,0.006017561107909368,0.99,0.0,0
2025-12-24 06:30:00,1.17988,1.18036,1.17978,1.18019,310,8,0,0,0,0.00048297308060581893,0.006278650047873764,0.99,0.0,0
2025-12-24 06:45:00,1.1802,1.18026,1.17985,1.17996,370,8,0,0,0,0.0002881453608596961,0.00608495203227225,0.99,0.0,0
2025-12-24 07:00:00,1.17996,1.1801599999999999,1.17946,1.17956,536,8,0,1,0,5.086642476851452e-05,0.005747905998847035,0.99,0.7467526189954782,1
2025-12-24 07:15:00,1.1795499999999999,1.17956,1.17917,1.17927,452,8,0,0,0,0.0002967937792022611,0.005503404648638655,0.99,0.0,0
2025-12-24 07:30:00,1.17926,1.17933,1.17879,1.17883,412,8,0,1,0,3.3931949475361165e-05,0.005132207358143338,0.99,0.7468513222244763,1
2025-12-24 07:45:00,1.17883,1.17923,1.17861,1.17888,553,8,0,1,0,8.482627578586003e-06,0.0051744028230184536,0.99,0.7468513222244763,1
2025-12-24 08:00:00,1.1789100000000001,1.17915,1.1782,1.17828,752,8,0,0,0,0.00039039956546822903,0.004667820891468972,0.99,0.0,0
2025-12-24 08:15:00,1.17825,1.17868,1.17794,1.17841,583,8,0,0,0,0.00039035649731428536,0.004777624086693107,0.99,0.0,0
2025-12-24 08:30:00,1.17842,1.1791800000000001,1.17842,1.179,643,8,0,1,0,0.00011026293469038463,0.005275657336726136,0.99,0.7468513222244763,1
2025-12-24 08:45:00,1.17902,1.1799,1.17897,1.17988,502,8,0,0,0,0.00022036139268412805,0.006017561107909368,0.99,0.0,0
2025-12-24 09:00:00,1.17991,1.18,1.17965,1.17983,430,8,0,1,0,0.0001779917445734076,0.0059754371392488756,0.99,0.7467526189954782,1
2025-12-24 09:15:00,1.17982,1.18004,1.1795200000000001,1.17957,397,8,0,1,0,4.238832794991689e-05,0.005756334935612192,0.99,0.7467526189954782,1
2025-12-24 09:30:00,1.17957,1.17978,1.1794,1.1795,339,8,0,1,0,0.00010173802458660277,0.00569732937685465,0.99,0.7467526189954782,1
2025-12-24 09:45:00,1.1795,1.18006,1.17942,1.17991,364,8,0,0,0,0.00024578145790791117,0.006042833775457519,0.99,0.0,0
2025-12-24 10:00:00,1.17992,1.17996,1.1795200000000001,1.17966,422,8,0,1,0,3.3908075208144726e-05,0.005832188935795057,0.99,0.7467526189954782,1
2025-12-24 10:15:00,1.17965,1.17994,1.17948,1.17983,303,8,0,1,0,0.0001779917445734076,0.0059754371392488756,0.99,0.7467526189954782,1
2025-12-24 10:30:00,1.17983,1.1798899999999999,1.17951,1.17963,327,8,0,1,0,8.477234387109104e-06,0.005806905555131713,0.99,0.7467526189954782,1
2025-12-24 10:45:00,1.17961,1.17982,1.17902,1.17959,562,8,0,1,0,2.543256555241609e-05,0.005773192380403346,0.99,0.7467526189954782,1
2025-12-24 11:00:00,1.17961,1.17985,1.17942,1.17958,438,8,0,1,0,3.391037487903996e-05,0.005764763729463147,0.99,0.7467526189954782,1
2025-12-24 11:15:00,1.17958,1.17968,1.17934,1.17943,377,8,0,1,0,0.0001610947661157614,0.005638316814054285,0.99,0.7467526189954782,1
2025-12-24 11:30:00,1.17943,1.17943,1.17907,1.1792,445,8,0,0,0,0.0002798507462686071,0.005444369063772127,0.99,0.0,0
2025-12-24 11:45:00,1.17919,1.17933,1.17908,1.17924,330,8,0,0,0,0.0003137614056510816,0.005478104541908459,0.99,0.0,0
2025-12-24 12:00:00,1.17925,1.1792799999999999,1.17893,1.1792,372,8,0,0,0,0.0002798507462686071,0.005444369063772127,0.99,0.0,0
2025-12-24 12:15:00,1.17922,1.17922,1.17886,1.17889,299,8,0,1,0,1.6965111248639804e-05,0.005182841486483098,0.99,0.7468513222244763,1
2025-12-24 12:30:00,1.17889,1.17929,1.17845,1.17877,447,8,0,1,0,8.483419157256206e-05,0.005081568075197164,0.99,0.7468513222244763,1
2025-12-24 12:45:00,1.17877,1.1789399999999999,1.17837,1.1784,436,8,0,0,0,0.00039884589273607646,0.0047691785471825855,0.99,0.0,0
2025-12-24 13:00:00,1.17841,1.17897,1.17838,1.17889,653,8,0,1,0,1.6965111248639804e-05,0.005182841486483098,0.99,0.7468513222244763,1
2025-12-24 13:15:00,1.17889,1.17898,1.17846,1.17866,497,8,0,1,0,0.00017816842855449704,0.004988715999524975,0.99,0.7468513222244763,1
2025-12-24 13:30:00,1.17871,1.17905,1.17836,1.17875,707,8,0,1,0,0.00010180275715810818,0.005064687168610843,0.99,0.7468513222244763,1
2025-12-24 13:45:00,1.17875,1.1789100000000001,1.1785,1.17852,501,8,0,0,0,0.00029698265621293864,0.004870515561891252,0.99,0.0,0
2025-12-24 14:00:00,1.1785,1.17859,1.17826,1.17852,517,8,0,0,0,0.00029698265621293864,0.004870515561891252,0.99,0.0,0
2025-12-24 14:15:00,1.17852,1.1786699999999999,1.17819,1.1783299999999999,404,8,0,0,0,0.00043281593441547655,0.00471005575687621,0.99,0.0,0
2025-12-24 14:30:00,1.17835,1.1784,1.17801,1.17825,660,8,0,0,0,0.00036494801612555096,0.004642478251644461,0.99,0.0,0
2025-12-24 14:45:00,1.17825,1.17842,1.17769,1.17803,764,8,0,1,0,0.00017826371145032084,0.004456592786261791,0.99,0.7474700566146135,1
2025-12-24 15:00:00,1.17801,1.17811,1.1777,1.17785,710,8,0,1,0,2.547013626520736e-05,0.004304453028823815,0.99,0.7474700566146135,1
2025-12-24 15:15:00,1.17786,1.17822,1.17765,1.17788,541,8,0,1,0,5.0938975107777515e-05,0.004329812884164859,0.99,0.7474700566146135,1
2025-12-24 15:30:00,1.17787,1.17807,1.17764,1.1779600000000001,486,8,0,1,0,0.0001188495364868323,0.004397432850012041,0.99,0.7474700566146135,1
2025-12-24 15:45:00,1.17795,1.1781,1.1775,1.17779,623,8,0,1,0,2.547143378717474e-05,0.00425372944243028,0.99,0.7474700566146135,1
2025-12-24 16:00:00,1.17778,1.1780599999999999,1.17758,1.17767,534,8,0,1,0,0.00012737014613609457,0.004152266764034119,0.99,0.7474700566146135,1
2025-12-24 16:15:00,1.17768,1.17776,1.17726,1.17743,464,8,0,0,0,0.00033122988203129907,0.003949279362679772,0.99,0.0,0
2025-12-24 16:30:00,1.17743,1.17798,1.17741,1.17789,461,8,0,1,0,5.942829975635627e-05,0.004338265882213254,0.99,0.7474700566146135,1
2025-12-24 16:45:00,1.17787,1.17798,1.17764,1.1779,409,8,0,1,0,6.791748026136172e-05,0.004346718736734879,0.99,0.7474700566146135,1
2025-12-24 17:00:00,1.17789,1.17828,1.17777,1.17785,385,8,0,1,0,2.547013626520736e-05,0.004304453028823815,0.99,0.7474700566146135,1
2025-12-24 17:15:00,1.17784,1.17811,1.1777,1.17809,265,8,0,0,0,0.00022918452749789273,0.004507295707458808,0.99,0.0,0
2025-12-24 17:30:00,1.17811,1.17821,1.17803,1.17808,295,8,0,0,0,0.00022069808501963106,0.004498845579247659,0.99,0.0,0
2025-12-24 17:45:00,1.1781,1.17811,1.17723,1.17763,354,8,0,1,0,0.00016134099844614566,0.0041184412761224,0.99,0.7474700566146135,1
2025-12-24 18:00:00,1.17755,1.1776,1.17709,1.17744,258,20,0,0,0,0.00032273406712872584,0.003957738823209767,0.99,0.0,0
2025-12-24 18:15:00,1.17743,1.17759,1.17733,1.17751,160,24,0,0,0,0.0002632674032492569,0.004016951023770603,0.99,0.0,0
2025-12-24 18:30:00,1.17751,1.17771,1.17729,1.1776200000000001,204,24,0,1,0,0.0001698340721115283,0.004109984545099588,0.99,0.7474700566146135,1
2025-12-24 18:45:00,1.17764,1.17765,1.17749,1.17759,73,60,0,1,0,0.00019531415857826113,0.004084613490263998,0.99,0.7474700566146135,1
2025-12-24 19:00:00,1.17759,1.17771,1.17754,1.17765,80,60,0,1,0,0.00014435528382796543,0.004135354307307054,0.99,0.7474700566146135,1
2025-12-24 19:15:00,1.17767,1.17793,1.1776200000000001,1.17776,127,60,0,1,0,5.094416519509156e-05,0.004228365711180533,0.99,0.7474700566146135,1
2025-12-24 19:30:00,1.17776,1.17781,1.17751,1.17754,99,60,0,0,0,0.0002377838544763303,0.004042325526096861,0.99,0.0,0
2025-12-24 19:45:00,1.17754,1.17778,1.17752,1.17765,66,100,0,1,0,0.00014435528382796543,0.004135354307307054,0.99,0.7474700566146135,1
2025-12-24 20:00:00,1.17765,1.17769,1.17742,1.17744,74,100,0,0,0,0.00032273406712872584,0.003957738823209767,0.99,0.0,0
2025-12-24 20:15:00,1.17744,1.17761,1.17744,1.17761,61,80,0,1,0,0.00017832729001965292,0.004101527670451263,0.99,0.7474700566146135,1
2025-12-24 20:30:00,1.17759,1.17768,1.17759,1.17763,83,80,0,1,0,0.00016134099844614566,0.0041184412761224,0.99,0.7474700566146135,1
2025-12-24 20:45:00,1.17763,1.17774,1.17755,1.17756,138,80,0,0,0,0.00022079554332700587,0.004059241142701864,0.99,0.0,0
2025-12-24 21:00:00,1.17757,1.17763,1.17737,1.17741,163,80,0,0,0,0.0003482219447771137,0.003932360010531704,0.99,0.0,0
2025-12-24 21:15:00,1.17741,1.17748,1.1773500000000001,1.17746,165,80,0,0,0,0.0003057428702462402,0.003974657313199614,0.99,0.0,0
2025-12-24 21:30:00,1.1774499999999999,1.1774499999999999,1.17737,1.17738,141,80,0,0,0,0.0003737111213032291,0.003906979904533931,0.99,0.0,0
2025-12-24 21:45:00,1.17738,1.17754,1.17736,1.17748,161,80,0,0,0,0.00028875225056901766,0.003991575228454112,0.99,0.0,0
2025-12-25 22:00:00,1.17781,1.17801,1.17769,1.17801,185,48,0,1,0,0.00016128895340439595,0.004439690664765212,0.99,0.7474700566146135,1
2025-12-25 22:15:00,1.17801,1.17812,1.17757,1.17798,137,48,0,1,0,0.0001358257355811966,0.00441433640639068,0.99,0.7474700566146135,1
2025-12-25 22:30:00,1.17799,1.17822,1.17799,1.17818,73,20,0,0,0,0.00030555602709256307,0.0045833404063895765,0.99,0.0,0
2025-12-25 22:45:00,1.17818,1.17821,1.17784,1.17807,105,20,0,0,0,0.00021221149846771536,0.004490395307579361,0.99,0.0,0
2025-12-25 23:00:00,1.17809,1.17847,1.17793,1.17814,440,8,0,0,0,0.00027161457891241783,0.004549544196784789,0.99,0.0,0
2025-12-25 23:15:00,1.17813,1.17822,1.17799,1.17808,573,8,0,0,0,0.00022069808501963106,0.004498845579247659,0.99,0.0,0
2025-12-25 23:30:00,1.17807,1.17829,1.17773,1.17818,613,8,0,0,0,0.00030555602709256307,0.0045833404063895765,0.99,0.0,0
2025-12-25 23:45:00,1.17816,1.17839,1.1781,1.17832,573,8,0,0,0,0.00042433294860474654,0.004701609070541194,0.99,0.0,0
2025-12-26 00:00:00,1.1783299999999999,1.17835,1.17764,1.17795,819,8,0,1,0,0.00011036122076485714,0.004388980856572961,0.99,0.7474700566146135,1
2025-12-26 00:15:00,1.17795,1.17904,1.17788,1.179,505,8,0,1,0,0.00011026293469038463,0.005275657336726136,0.99,0.7468513222244763,1
2025-12-26 00:30:00,1.179,1.17911,1.17881,1.17899,378,8,0,1,0,0.000101782033774585,0.005267220247839294,0.99,0.7468513222244763,1
2025-12-26 00:45:00,1.17899,1.1791800000000001,1.17849,1.1785700000000001,627,8,0,0,0,0.00025454576308574537,0.004912733227555583,0.99,0.0,0
2025-12-26 01:00:00,1.1785700000000001,1.1789399999999999,1.17825,1.17826,596,8,0,0,0,0.000373432009912919,0.00465092594164289,0.99,0.0,0
2025-12-26 01:15:00,1.17826,1.17886,1.17826,1.17871,419,8,0,1,0,0.00013574161583439524,0.005030923636857235,0.99,0.7468513222244763,1
2025-12-26 01:30:00,1.17871,1.17912,1.1786,1.17862,415,8,0,0,0,0.00021211247051643742,0.004954947311262381,0.99,0.0,0
2025-12-26 01:45:00,1.17863,1.17877,1.17855,1.17869,348,8,0,1,0,0.00015271190898376077,0.0050140410116316265,0.99,0.7468513222244763,1
2025-12-26 02:00:00,1.1786699999999999,1.17886,1.17859,1.17868,277,8,0,1,0,0.0001611972715241919,0.005005599484168745,0.99,0.7468513222244763,1
2025-12-26 02:15:00,1.17868,1.17873,1.1783299999999999,1.17853,253,8,0,0,0,0.0002884949895208497,0.004878959381602627,0.99,0.0,0
2025-12-26 02:30:00,1.17851,1.17924,1.17851,1.1791800000000001,351,8,0,0,0,0.0002628945538425282,0.005427500466425976,0.99,0.0,0
2025-12-26 02:45:00,1.1791800000000001,1.17931,1.17911,1.17917,222,8,0,0,0,0.000254416241932857,0.00541906595317055,0.99,0.0,0
2025-12-26 03:00:00,1.17917,1.17923,1.1789399999999999,1.17921,298,8,0,0,0,0.0002883286267925195,0.0054528031478703175,0.99,0.0,0
2025-12-26 03:15:00,1.1792,1.17924,1.17843,1.17863,319,8,0,0,0,0.00020362624402909984,0.00496338969820905,0.99,0.0,0
2025-12-26 03:30:00,1.17863,1.17877,1.1784,1.17871,309,8,0,1,0,0.00013574161583439524,0.005030923636857235,0.99,0.7468513222244763,1
2025-12-26 03:45:00,1.17871,1.17879,1.17831,1.17839,345,8,0,0,0,0.0004073354322423272,0.0047607328643319395,0.99,0.0,0
2025-12-26 04:00:00,1.17839,1.1785,1.17816,1.17818,288,8,0,0,0,0.00030555602709256307,0.0045833404063895765,0.99,0.0,0
2025-12-26 04:15:00,1.17818,1.17837,1.17797,1.17828,243,8,0,0,0,0.00039039956546822903,0.004667820891468972,0.99,0.0,0
2025-12-26 04:30:00,1.17828,1.1786699999999999,1.17819,1.17841,277,8,0,0,0,0.00039035649731428536,0.004777624086693107,0.99,0.0,0
2025-12-26 04:45:00,1.17841,1.17849,1.17821,1.17829,208,8,0,0,0,0.00039888312724369247,0.004676268151304115,0.99,0.0,0
2025-12-26 05:00:00,1.1783,1.17836,1.17809,1.17812,249,8,0,0,0,0.0002546429905272527,0.0045326452313857015,0.99,0.0,0
2025-12-26 05:15:00,1.17812,1.1782,1.17798,1.17815,235,8,0,0,0,0.0002801001570257959,0.0045579934643297515,0.99,0.0,0
2025-12-26 05:30:00,1.17817,1.17852,1.1780599999999999,1.17831,310,8,0,0,0,0.00041584981880819094,0.004693162240836482,0.99,0.0,0
2025-12-26 05:45:00,1.17829,1.17869,1.17826,1.17855,293,8,0,0,0,0.0002715200882441118,0.004895846591150187,0.99,0.0,0
2025-12-26 06:00:00,1.17856,1.17877,1.17826,1.17854,398,8,0,0,0,0.0002800074668659218,0.004887403058020931,0.99,0.0,0
2025-12-26 06:15:00,1.17854,1.17861,1.17805,1.17821,418,8,0,0,0,0.0003310106008265848,0.004608686057663783,0.99,0.0,0
2025-12-26 06:30:00,1.17822,1.17848,1.17712,1.17739,555,8,0,0,0,0.0003652145848021068,0.003915440083574689,0.99,0.0,0
2025-12-26 06:45:00,1.17739,1.17776,1.17724,1.1776200000000001,451,8,0,1,0,0.0001698340721115283,0.004109984545099588,0.99,0.7474700566146135,1
2025-12-26 07:00:00,1.17764,1.17776,1.17727,1.17754,437,8,0,0,0,0.0002377838544763303,0.004042325526096861,0.99,0.0,0
2025-12-26 07:15:00,1.17753,1.17758,1.17714,1.17736,434,8,0,0,0,0.00039070462730186775,0.003890059115308851,0.99,0.0,0
2025-12-26 07:30:00,1.17734,1.17764,1.17707,1.17714,544,8,0,0,0,0.0005351954737755326,0.003703892485176055,0.99,0.0,0
2025-12-26 07:45:00,1.17712,1.17738,1.17696,1.17726,665,8,0,0,0,0.00047568081817110576,0.0038054465453680915,0.99,0.0,0
2025-12-26 08:00:00,1.17726,1.17734,1.17662,1.17675,590,8,0,0,0,0.00020395156150415804,0.0033736987465477195,0.99,0.0,0
2025-12-26 08:15:00,1.1767400000000001,1.17756,1.17663,1.17738,462,8,0,0,0,0.0003737111213032291,0.003906979904533931,0.99,0.0,0
2025-12-26 08:30:00,1.17739,1.17757,1.17697,1.1770100000000001,396,8,0,0,0,0.0004248052268036524,0.0035938522187578506,0.99,0.0,0
2025-12-26 08:45:00,1.1770100000000001,1.17771,1.1770100000000001,1.17768,410,8,0,1,0,0.00011887779362817488,0.004160722776985366,0.99,0.7474700566146135,1
2025-12-26 09:00:00,1.17766,1.17775,1.17724,1.17726,495,8,0,0,0,0.00047568081817110576,0.0038054465453680915,0.99,0.0,0
2025-12-26 09:15:00,1.17726,1.17727,1.17686,1.17706,405,8,0,0,0,0.000467265899784251,0.0036361782746844352,0.99,0.0,0
2025-12-26 09:30:00,1.17708,1.17716,1.1768,1.1769,340,8,0,0,0,0.00033137904664806906,0.003500722236383825,0.99,0.0,0
2025-12-26 09:45:00,1.1769,1.17729,1.17685,1.177,297,8,0,0,0,0.0004163126593033997,0.003585386576040877,0.99,0.0,0
2025-12-26 10:00:00,1.17698,1.17751,1.17688,1.17749,341,8,0,0,0,0.0002802571571734482,0.0040000339705644995,0.99,0.0,0
2025-12-26 10:15:00,1.17747,1.17792,1.17743,1.17751,382,8,0,0,0,0.0002632674032492569,0.004016951023770603,0.99,0.0,0
2025-12-26 10:30:00,1.17752,1.17778,1.17749,1.17764,400,8,0,1,0,0.00015284806901945332,0.004126897863523731,0.99,0.7474700566146135,1
2025-12-26 10:45:00,1.17765,1.17771,1.17728,1.17728,373,8,0,0,0,0.0004586844251155077,0.003822370209296149,0.99,0.0,0
2025-12-26 11:00:00,1.17728,1.17766,1.17728,1.1776,418,8,0,1,0,0.0001868206521740056,0.004093070652173953,0.99,0.7474700566146135,1
2025-12-26 11:15:00,1.1776,1.17819,1.17753,1.17773,390,8,0,1,0,7.641819432310081e-05,0.0042030006877637575,0.99,0.7474700566146135,1
2025-12-26 11:30:00,1.17776,1.17802,1.17768,1.17788,324,8,0,1,0,5.0938975107777515e-05,0.004329812884164859,0.99,0.7474700566146135,1
2025-12-26 11:45:00,1.17788,1.17798,1.1775,1.1777,359,8,0,1,0,0.00010189352127037448,0.004177634372081206,0.99,0.7474700566146135,1
2025-12-26 12:00:00,1.1777,1.17773,1.17746,1.17761,333,8,0,1,0,0.00017832729001965292,0.004101527670451263,0.99,0.7474700566146135,1
2025-12-26 12:15:00,1.1776,1.17773,1.1773500000000001,1.1774,314,8,0,0,0,0.0003567181926278979,0.003923900118906122,0.99,0.0,0
2025-12-26 12:30:00,1.17738,1.17775,1.17724,1.17763,360,8,0,1,0,0.00016134099844614566,0.0041184412761224,0.99,0.7474700566146135,1
2025-12-26 12:45:00,1.17763,1.17821,1.17751,1.17811,444,8,0,0,0,0.00024615698024794074,0.0045241955335240825,0.99,0.0,0
2025-12-26 13:00:00,1.17814,1.17936,1.17814,1.17916,758,8,0,0,0,0.0002459377862206159,0.005410631296855433,0.99,0.0,0
2025-12-26 13:15:00,1.1791800000000001,1.17938,1.17868,1.17908,581,8,0,1,0,0.0001781049631914895,0.0053431488957492055,0.99,0.7468513222244763,1
2025-12-26 13:30:00,1.1791,1.17954,1.17909,1.17943,557,8,0,1,0,0.0001610947661157614,0.005638316814054285,0.99,0.7467526189954782,1
2025-12-26 13:45:00,1.17942,1.17962,1.17898,1.17911,611,8,0,0,0,0.0002035433504931838,0.005368455869257464,0.99,0.0,0
2025-12-26 14:00:00,1.17913,1.1794,1.17902,1.1791,533,8,0,1,0,0.00019506403188868836,0.005360020354507763,0.99,0.7468513222244763,1
2025-12-26 14:15:00,1.1791,1.17921,1.17885,1.17887,490,8,0,1,0,0.0,0.005165964016388703,0.99,0.7468513222244763,1
2025-12-26 14:30:00,1.17885,1.17899,1.17848,1.17854,681,8,0,0,0,0.0002800074668659218,0.004887403058020931,0.99,0.0,0
2025-12-26 14:45:00,1.17853,1.17865,1.17808,1.17835,665,8,0,0,0,0.00044129503118774214,0.0047269486994526875,0.99,0.0,0
2025-12-26 15:00:00,1.17835,1.17908,1.17824,1.1789100000000001,575,8,0,1,0,3.3929646877234056e-05,0.00519971838393108,0.99,0.7468513222244763,1
2025-12-26 15:15:00,1.1789100000000001,1.17922,1.17872,1.17908,490,8,0,1,0,0.0001781049631914895,0.0053431488957492055,0.99,0.7468513222244763,1
2025-12-26 15:30:00,1.1791,1.17921,1.17836,1.17853,437,8,0,0,0,0.0002884949895208497,0.004878959381602627,0.99,0.0,0
2025-12-26 15:45:00,1.17853,1.17853,1.1771099999999999,1.17769,910,8,0,1,0,0.00011038558534095181,0.00416917864633305,0.99,0.7474700566146135,1
2025-12-26 16:00:00,1.17769,1.17794,1.17704,1.1772,732,8,0,0,0,0.0005266734624533342,0.0037546721032960333,0.99,0.0,0
2025-12-26 16:15:00,1.17719,1.17725,1.17629,1.17636,669,8,0,1,0,8.500799075112123e-05,0.0030432860688905934,0.99,0.7471431941821486,1
2025-12-26 16:30:00,1.17638,1.17649,1.17616,1.17632,538,8,0,1,0,5.950761697498512e-05,0.0030093852013058507,0.99,0.7466971274088896,1
2025-12-26 16:45:00,1.17634,1.17664,1.17618,1.17648,525,8,0,1,0,1.6999864001010623e-05,0.0031449748402013096,0.99,0.7471431941821486,1
2025-12-26 17:00:00,1.1764999999999999,1.17692,1.17634,1.17654,521,8,0,1,0,2.5498495588738584e-05,0.0031958114471246075,0.99,0.7470666480314436,1
2025-12-26 17:15:00,1.17653,1.17678,1.17631,1.1764000000000001,582,8,0,1,0,5.100306018356764e-05,0.0030771846310780164,0.99,0.7471431941821486,1
2025-12-26 17:30:00,1.17638,1.17682,1.17609,1.17681,444,8,0,0,0,0.0002549264537180743,0.0034245120282798227,0.99,0.0,0
2025-12-26 17:45:00,1.17682,1.177,1.17661,1.17696,437,8,0,0,0,0.000382340946166447,0.003551522566612351,0.99,0.0,0
2025-12-26 18:00:00,1.17698,1.17714,1.17686,1.17689,401,8,0,0,0,0.0003228848915362073,0.0034922550110885963,0.99,0.0,0
2025-12-26 18:15:00,1.17691,1.17734,1.1769,1.17719,381,8,0,0,0,0.0005351727418684584,0.0037462091930784537,0.99,0.0,0
2025-12-26 18:30:00,1.17718,1.17734,1.17708,1.17723,379,8,0,0,0,0.0005011764905754105,0.0037800599712885883,0.99,0.0,0
2025-12-26 18:45:00,1.17723,1.17729,1.1771,1.17714,302,8,0,0,0,0.0005351954737755326,0.003703892485176055,0.99,0.0,0
2025-12-26 19:00:00,1.17713,1.17736,1.17686,1.17694,377,8,0,0,0,0.0003653542236648873,0.0035345896987103533,0.99,0.0,0
2025-12-26 19:15:00,1.17694,1.17743,1.17689,1.17729,311,8,0,0,0,0.00045018644514107953,0.0038308318256334586,0.99,0.0,0
2025-12-26 19:30:00,1.17729,1.17749,1.17721,1.17748,248,8,0,0,0,0.00028875225056901766,0.003991575228454112,0.99,0.0,0
2025-12-26 19:45:00,1.17747,1.17761,1.17732,1.17761,278,8,0,1,0,0.00017832729001965292,0.004101527670451263,0.99,0.7474700566146135,1
2025-12-26 20:00:00,1.17763,1.17787,1.17756,1.1776,280,8,0,1,0,0.0001868206521740056,0.004093070652173953,0.99,0.7474700566146135,1
2025-12-26 20:15:00,1.1776,1.1777,1.17748,1.17769,236,8,0,1,0,0.00011038558534095181,0.00416917864633305,0.99,0.7474700566146135,1
2025-12-26 20:30:00,1.17769,1.17812,1.17769,1.17789,252,8,0,1,0,5.942829975635627e-05,0.004338265882213254,0.99,0.7474700566146135,1
2025-12-26 20:45:00,1.17789,1.17801,1.17721,1.17747,483,8,0,0,0,0.0002972474882587858,0.003983116342666975,0.99,0.0,0
2025-12-26 21:00:00,1.17748,1.17763,1.17719,1.17732,250,8,0,0,0,0.0004246933713860013,0.003856215812183594,0.99,0.0,0
2025-12-26 21:15:00,1.17732,1.1774,1.17712,1.17728,227,8,0,0,0,0.0004586844251155077,0.003822370209296149,0.99,0.0,0
2025-12-26 21:30:00,1.17727,1.17729,1.17655,1.17687,314,8,0,0,0,0.00030589614825778376,0.0034753201288163934,0.99,0.0,0
2025-12-26 21:45:00,1.17687,1.17713,1.1767400000000001,1.1771099999999999,418,8,0,0,0,0.0005097229655681575,0.0036785007348505623,0.99,0.0,0
2025-12-28 22:00:00,1.17723,1.17746,1.17676,1.1774499999999999,109,48,0,0,0,0.00031423839653505755,0.003966198140048369,0.99,0.0,0
2025-12-28 22:15:00,1.1774499999999999,1.17747,1.17717,1.17717,150,48,0,0,0,0.0005521717339042274,0.0037292829412915005,0.99,0.0,0
2025-12-28 22:30:00,1.17716,1.17719,1.17692,1.17703,100,48,0,0,0,0.0004417899288888779,0.0036107830726490294,0.99,0.0,0
2025-12-28 22:45:00,1.17702,1.17721,1.17689,1.17703,98,20,0,0,0,0.0004417899288888779,0.0036107830726490294,0.99,0.0,0
2025-12-28 23:00:00,1.17706,1.17763,1.17706,1.17754,379,8,0,0,0,0.0002377838544763303,0.004042325526096861,0.99,0.0,0
2025-12-28 23:15:00,1.17754,1.17774,1.17751,1.17758,240,8,0,0,0,0.00020380780923590582,0.004076156184717928,0.99,0.0,0
2025-12-28 23:30:00,1.17757,1.17759,1.17729,1.1773500000000001,196,8,0,0,0,0.0003992015968063621,0.0038815985051175814,0.99,0.0,0
2025-12-28 23:45:00,1.1773500000000001,1.17763,1.1771099999999999,1.17724,211,8,0,0,0,0.0004926777887261942,0.0037885223064117175,0.99,0.0,0
2025-12-29 00:00:00,1.17725,1.17771,1.17722,1.17749,471,8,0,0,0,0.0002802571571734482,0.0040000339705644995,0.99,0.0,0
2025-12-29 00:15:00,1.17749,1.17787,1.17712,1.17782,406,8,0,1,0,0.0,0.004279091881611923,0.99,0.7474700566146135,1
2025-12-29 00:30:00,1.17781,1.17835,1.17776,1.17807,413,8,0,0,0,0.00021221149846771536,0.004490395307579361,0.99,0.0,0
2025-12-29 00:45:00,1.1780599999999999,1.17817,1.1778,1.17793,391,8,0,1,0,9.33841569531572e-05,0.004372076439177191,0.99,0.7474700566146135,1
2025-12-29 01:00:00,1.17794,1.17824,1.17783,1.17809,414,8,0,0,0,0.00022918452749789273,0.004507295707458808,0.99,0.0,0
2025-12-29 01:15:00,1.17809,1.1784,1.17803,1.17816,334,8,0,0,0,0.00028858559109119894,0.004566442588443133,0.99,0.0,0
2025-12-29 01:30:00,1.17816,1.17837,1.1781,1.17836,281,8,0,0,0,0.0004328049153060274,0.0047353949557012625,0.99,0.0,0
2025-12-29 01:45:00,1.17835,1.17861,1.1782,1.17836,270,8,0,0,0,0.0004328049153060274,0.0047353949557012625,0.99,0.0,0
2025-12-29 02:00:00,1.17836,1.1785,1.17815,1.17817,418,8,0,0,0,0.0002970708811121064,0.004574891569128399,0.99,0.0,0
2025-12-29 02:15:00,1.17818,1.17828,1.17765,1.17776,329,8,0,1,0,5.094416519509156e-05,0.004228365711180533,0.99,0.7474700566146135,1
2025-12-29 02:30:00,1.17776,1.17785,1.17754,1.17765,263,8,0,1,0,0.00014435528382796543,0.004135354307307054,0.99,0.7474700566146135,1
2025-12-29 02:45:00,1.17764,1.17779,1.17753,1.17753,222,8,0,0,0,0.00024627822645718027,0.004033867502314194,0.99,0.0,0
2025-12-29 03:00:00,1.17752,1.17758,1.17733,1.17747,222,8,0,0,0,0.0002972474882587858,0.003983116342666975,0.99,0.0,0
2025-12-29 03:15:00,1.17748,1.17756,1.17716,1.17716,175,8,0,0,0,0.000552176424615209,0.00372081959971461,0.99,0.0,0
2025-12-29 03:30:00,1.17716,1.17756,1.17709,1.1774,254,8,0,0,0,0.0003567181926278979,0.003923900118906122,0.99,0.0,0
2025-12-29 03:45:00,1.1774,1.17757,1.1773,1.17732,166,8,0,0,0,0.0004246933713860013,0.003856215812183594,0.99,0.0,0
2025-12-29 04:00:00,1.17732,1.17732,1.17687,1.1771099999999999,221,8,0,0,0,0.0005097229655681575,0.0036785007348505623,0.99,0.0,0
2025-12-29 04:15:00,1.1771099999999999,1.17716,1.17692,1.17712,167,8,0,0,0,0.0005182139459018617,0.00368696479543293,0.99,0.0,0
2025-12-29 04:30:00,1.17712,1.17722,1.1767,1.17676,252,8,0,0,0,0.00021244773785655824,0.0033821679866753583,0.99,0.0,0
2025-12-29 04:45:00,1.17676,1.17676,1.17637,1.17641,284,8,0,1,0,4.250218886281613e-05,0.0030856589114339576,0.99,0.7471431941821486,1
2025-12-29 05:00:00,1.1764000000000001,1.17641,1.17568,1.17569,392,8,0,1,0,9.356207843909067e-05,0.002475142256887418,0.99,0.7473736533629121,1
2025-12-29 05:15:00,1.17569,1.17572,1.17534,1.17557,298,8,0,1,0,0.00019564976989881714,0.0023733167739905495,0.99,0.7473736533629121,1
2025-12-29 05:30:00,1.17557,1.17594,1.1755,1.17592,344,8,0,1,0,8.50397986244257e-06,0.0026702496768488864,0.99,0.7467548115029226,1
2025-12-29 05:45:00,1.17593,1.17595,1.17555,1.17557,234,8,0,1,0,0.00019564976989881714,0.0023733167739905495,0.99,0.7473736533629121,1
2025-12-29 06:00:00,1.17559,1.17609,1.17546,1.17556,353,8,0,0,0,0.00020415801830618428,0.002364830378713128,0.99,0.0,0
2025-12-29 06:15:00,1.17556,1.17622,1.17538,1.17621,468,8,0,1,0,3.400753266852008e-05,0.002916145926322718,0.99,0.7466971274088896,1
2025-12-29 06:30:00,1.1762299999999999,1.17633,1.1761,1.1763,355,8,0,1,0,4.2506163393593024e-05,0.0029924339029158953,0.99,0.7466971274088896,1
2025-12-29 06:45:00,1.1763,1.17691,1.17615,1.17689,387,8,0,0,0,0.0003228848915362073,0.0034922550110885963,0.99,0.0,0
2025-12-29 07:00:00,1.17691,1.17721,1.17651,1.17678,665,8,0,0,0,0.00022943965737010527,0.0033991060351127684,0.99,0.0,0
2025-12-29 07:15:00,1.17678,1.17722,1.17662,1.17707,504,8,0,0,0,0.0004757576015021332,0.0036446430543639096,0.99,0.0,0
2025-12-29 07:30:00,1.17707,1.17752,1.17705,1.17752,404,8,0,0,0,0.0002547727427136601,0.004025409334873265,0.99,0.0,0
2025-12-29 07:45:00,1.17752,1.17787,1.17731,1.17765,458,8,0,1,0,0.00014435528382796543,0.004135354307307054,0.99,0.7474700566146135,1
2025-12-29 08:00:00,1.17763,1.17782,1.17708,1.17734,666,8,0,0,0,0.0004076987106528581,0.003873137751201963,0.99,0.0,0
2025-12-29 08:15:00,1.17734,1.1778,1.17723,1.1775,502,8,0,0,0,0.0002717622080680238,0.004008492569002172,0.99,0.0,0
2025-12-29 08:30:00,1.17749,1.17786,1.17734,1.17777,592,8,0,1,0,4.2453110539498814e-05,0.004236820431833083,0.99,0.7474700566146135,1
2025-12-29 08:45:00,1.17778,1.17883,1.17778,1.17834,658,8,0,0,0,0.00044129877624442346,0.004718502299845553,0.99,0.0,0
2025-12-29 09:00:00,1.17836,1.17864,1.17715,1.17751,937,8,0,0,0,0.0002632674032492569,0.004016951023770603,0.99,0.0,0
2025-12-29 09:15:00,1.17751,1.17787,1.17726,1.17779,559,8,0,1,0,2.547143378717474e-05,0.00425372944243028,0.99,0.7474700566146135,1
2025-12-29 09:30:00,1.17778,1.17887,1.17764,1.17785,718,8,0,1,0,2.547013626520736e-05,0.004304453028823815,0.99,0.7474700566146135,1
2025-12-29 09:45:00,1.17785,1.17785,1.17741,1.17758,597,8,0,0,0,0.00020380780923590582,0.004076156184717928,0.99,0.0,0
2025-12-29 10:00:00,1.17756,1.17788,1.1773,1.17766,639,8,0,1,0,0.00013586264286819628,0.004143810607475838,0.99,0.7474700566146135,1
2025-12-29 10:15:00,1.17766,1.17799,1.17748,1.17756,558,8,0,0,0,0.00022079554332700587,0.004059241142701864,0.99,0.0,0
2025-12-29 10:30:00,1.17756,1.17788,1.17739,1.17744,500,8,0,0,0,0.00032273406712872584,0.003957738823209767,0.99,0.0,0
2025-12-29 10:45:00,1.17744,1.17775,1.1764999999999999,1.17656,642,8,0,1,0,4.2496770245551024e-05,0.003212755830556977,0.99,0.7470666480314436,1
2025-12-29 11:00:00,1.17654,1.1767,1.17583,1.17584,728,8,0,1,0,3.401823377333651e-05,0.002602394883657694,0.99,0.7473736533629121,1
2025-12-29 11:15:00,1.17584,1.17639,1.17575,1.1763,471,8,0,1,0,4.2506163393593024e-05,0.0029924339029158953,0.99,0.7466971274088896,1
2025-12-29 11:30:00,1.1763,1.17695,1.17621,1.17695,460,8,0,0,0,0.0003738476570797366,0.003543056204596633,0.99,0.0,0
2025-12-29 11:45:00,1.17692,1.17708,1.17648,1.17656,578,8,0,1,0,4.2496770245551024e-05,0.003212755830556977,0.99,0.7470666480314436,1
2025-12-29 12:00:00,1.17654,1.17686,1.1761,1.17612,631,8,0,1,0,0.00011053293881573604,0.002839846274189811,0.99,0.7466971274088896,1
2025-12-29 12:15:00,1.17612,1.17624,1.17566,1.17622,593,8,0,1,0,2.5505432657134285e-05,0.0029246229446873114,0.99,0.7466971274088896,1
2025-12-29 12:30:00,1.17622,1.17624,1.17566,1.17566,430,8,0,1,0,0.00011908204753077335,0.0024496878349182533,0.99,0.7473736533629121,1
2025-12-29 12:45:00,1.17565,1.1762,1.1755200000000001,1.17614,578,8,0,1,0,9.3526280884975e-05,0.0028568027615760282,0.99,0.7466971274088896,1
2025-12-29 13:00:00,1.1761300000000001,1.17665,1.17598,1.17665,653,8,0,1,0,0.00011898185526709641,0.0032889984277398037,0.99,0.7470666480314436,1
2025-12-29 13:15:00,1.17667,1.17677,1.176,1.1762,565,8,0,1,0,4.2509777248856926e-05,0.0029076687638156596,0.99,0.7466971274088896,1
2025-12-29 13:30:00,1.17622,1.17692,1.1761300000000001,1.17685,603,8,0,0,0,0.0002889068275481217,0.0034583846709436363,0.99,0.0,0
2025-12-29 13:45:00,1.17687,1.17734,1.17666,1.17692,715,8,0,0,0,0.00034836692383511325,0.003517656255310499,0.99,0.0,0
2025-12-29 14:00:00,1.17694,1.17725,1.17666,1.17719,675,8,0,0,0,0.0005351727418684584,0.0037462091930784537,0.99,0.0,0
2025-12-29 14:15:00,1.1772,1.17775,1.17705,1.17774,517,8,0,1,0,6.792670708312531e-05,0.0042114558391496216,0.99,0.7474700566146135,1
2025-12-29 14:30:00,1.17776,1.17849,1.1777,1.1784,892,8,0,0,0,0.00039884589273607646,0.0047691785471825855,0.99,0.0,0
2025-12-29 14:45:00,1.1784,1.17884,1.17804,1.17826,830,8,0,0,0,0.000373432009912919,0.00465092594164289,0.99,0.0,0
2025-12-29 15:00:00,1.17825,1.17859,1.1780599999999999,1.17808,831,8,0,0,0,0.00022069808501963106,0.004498845579247659,0.99,0.0,0
2025-12-29 15:15:00,1.17808,1.17848,1.17771,1.17844,690,8,0,0,0,0.00036488917552030865,0.004802959845219102,0.99,0.0,0
2025-12-29 15:30:00,1.17843,1.17854,1.17725,1.17802,907,8,0,1,0,0.0001697764044752873,0.004448141797253131,0.99,0.7474700566146135,1
2025-12-29 15:45:00,1.17802,1.1786,1.17661,1.17675,1591,8,0,0,0,0.00020395156150415804,0.0033736987465477195,0.99,0.0,0
2025-12-29 16:00:00,1.17672,1.17676,1.17617,1.17641,1067,8,0,1,0,4.250218886281613e-05,0.0030856589114339576,0.99,0.7471431941821486,1
2025-12-29 16:15:00,1.17641,1.17654,1.17571,1.17575,720,8,0,1,0,4.2526047203813286e-05,0.0025260472039125145,0.99,0.7473736533629121,1
2025-12-29 16:30:00,1.17575,1.176,1.17523,1.176,844,8,0,1,0,5.952380952382185e-05,0.0027380952380952387,0.99,0.7467548115029226,1
2025-12-29 16:45:00,1.17599,1.17608,1.17551,1.17559,650,8,0,1,0,0.00017863370732997346,0.0023902891314148463,0.99,0.7473736533629121,1
2025-12-29 17:00:00,1.17557,1.17567,1.17502,1.17541,625,8,0,0,0,0.00033179911690379564,0.0022375171216853116,0.99,0.0,0
2025-12-29 17:15:00,1.17541,1.17549,1.17492,1.17527,502,8,0,0,0,0.00045096020488902077,0.002118662094667696,0.99,0.0,0
2025-12-29 17:30:00,1.17527,1.17543,1.17507,1.17525,397,8,0,0,0,0.0004339502233567415,0.0021016804935119955,0.99,0.0,0
2025-12-29 17:45:00,1.17525,1.17533,1.17492,1.17519,373,8,0,0,0,0.00038291680494223186,0.002050732222023693,0.99,0.0,0
2025-12-29 18:00:00,1.1751800000000001,1.1756,1.17503,1.17555,375,8,0,0,0,0.00021266641146685503,0.0023563438390541967,0.99,0.0,0
2025-12-29 18:15:00,1.17555,1.17578,1.1755,1.17573,389,8,0,1,0,5.953747884294396e-05,0.002509079465523554,0.99,0.7473736533629121,1
2025-12-29 18:30:00,1.17573,1.17584,1.17554,1.1756,346,8,0,1,0,0.00017012589316092036,0.002398775093569279,0.99,0.7473736533629121,1
2025-12-29 18:45:00,1.1756,1.17587,1.17559,1.17569,273,8,0,1,0,9.356207843909067e-05,0.002475142256887418,0.99,0.7473736533629121,1
2025-12-29 19:00:00,1.17569,1.17591,1.17564,1.17585,283,8,0,1,0,4.2522430582221805e-05,0.002610877237743018,0.99,0.7473736533629121,1
2025-12-29 19:15:00,1.17585,1.17615,1.17575,1.17611,252,8,0,1,0,0.00011903648468257985,0.00283136781423511,0.99,0.7466971274088896,1
2025-12-29 19:30:00,1.17611,1.17644,1.17608,1.17638,230,8,0,1,0,6.800523640327106e-05,0.003060235638144178,0.99,0.7471431941821486,1
2025-12-29 19:45:00,1.17638,1.17678,1.17624,1.17668,307,8,0,1,0,0.00014447428357752617,0.00331441003501378,0.99,0.7470666480314436,1
2025-12-29 20:00:00,1.17667,1.17689,1.17667,1.17683,297,8,0,0,0,0.00027191692937815823,0.003441448637441354,0.99,0.0,0
2025-12-29 20:15:00,1.1768399999999999,1.17688,1.17653,1.17672,237,8,0,1,0,0.00017846216602084055,0.0033482901624855995,0.99,0.7470666480314436,1
2025-12-29 20:30:00,1.1767400000000001,1.17688,1.17658,1.17659,238,8,0,1,0,6.79930987005499e-05,0.003238171325610528,0.99,0.7470666480314436,1
2025-12-29 20:45:00,1.17662,1.177,1.1764000000000001,1.17699,426,8,0,0,0,0.0004078199474932123,0.0035769207894714885,0.99,0.0,0
2025-12-29 21:00:00,1.1770100000000001,1.17733,1.17697,1.17724,214,8,0,0,0,0.0004926777887261942,0.0037885223064117175,0.99,0.0,0
2025-12-29 21:15:00,1.17724,1.17736,1.17718,1.17724,137,8,0,0,0,0.0004926777887261942,0.0037885223064117175,0.99,0.0,0
2025-12-29 21:30:00,1.17723,1.17733,1.17707,1.17732,122,8,0,0,0,0.0004246933713860013,0.003856215812183594,0.99,0.0,0
2025-12-29 21:45:00,1.17731,1.1774499999999999,1.17699,1.17699,194,8,0,0,0,0.0004078199474932123,0.0035769207894714885,0.99,0.0,0
2025-12-29 22:00:00,1.17699,1.17723,1.17697,1.1770100000000001,104,20,0,0,0,0.0004248052268036524,0.0035938522187578506,0.99,0.0,0
2025-12-29 22:15:00,1.177,1.17722,1.17694,1.17697,54,20,0,0,0,0.00039083409092850876,0.0035599887847609863,0.99,0.0,0
2025-12-29 22:30:00,1.17697,1.17717,1.17694,1.17699,157,20,0,0,0,0.0004078199474932123,0.0035769207894714885,0.99,0.0,0
2025-12-29 22:45:00,1.17698,1.17717,1.17663,1.17666,175,20,0,1,0,0.0001274794758044758,0.0032974691074737863,0.99,0.7470666480314436,1
2025-12-29 23:00:00,1.17675,1.1774499999999999,1.17657,1.17734,310,8,0,0,0,0.0004076987106528581,0.003873137751201963,0.99,0.0,0
2025-12-29 23:15:00,1.17734,1.17739,1.17712,1.17713,167,8,0,0,0,0.0005267047819697611,0.0036954287122068726,0.99,0.0,0
2025-12-29 23:30:00,1.17714,1.17721,1.1771,1.17714,112,8,0,0,0,0.0005351954737755326,0.003703892485176055,0.99,0.0,0
2025-12-29 23:45:00,1.17714,1.17723,1.17709,1.17721,113,8,0,0,0,0.0005181743274352065,0.003763134869734504,0.99,0.0,0
2025-12-30 00:00:00,1.17721,1.17744,1.17712,1.17732,265,8,0,0,0,0.0004246933713860013,0.003856215812183594,0.99,0.0,0
2025-12-30 00:15:00,1.17731,1.17744,1.17727,1.17741,147,8,0,0,0,0.0003482219447771137,0.003932360010531704,0.99,0.0,0
2025-12-30 00:30:00,1.17741,1.1774499999999999,1.1771099999999999,1.1772,223,8,0,0,0,0.0005266734624533342,0.0037546721032960333,0.99,0.0,0
2025-12-30 00:45:00,1.1772,1.17749,1.17712,1.17725,390,8,0,0,0,0.0004841792312594449,0.0037969844977702055,0.99,0.0,0
2025-12-30 01:00:00,1.17724,1.17732,1.17694,1.17712,264,8,0,0,0,0.0005182139459018617,0.00368696479543293,0.99,0.0,0
2025-12-30 01:15:00,1.17712,1.17732,1.17695,1.17703,244,8,0,0,0,0.0004417899288888779,0.0036107830726490294,0.99,0.0,0
2025-12-30 01:30:00,1.17703,1.17726,1.17696,1.17725,232,8,0,0,0,0.0004841792312594449,0.0037969844977702055,0.99,0.0,0
2025-12-30 01:45:00,1.17725,1.17747,1.17725,1.17747,218,8,0,0,0,0.0002972474882587858,0.003983116342666975,0.99,0.0,0
2025-12-30 02:00:00,1.17748,1.17761,1.17713,1.17728,316,8,0,0,0,0.0004586844251155077,0.003822370209296149,0.99,0.0,0
2025-12-30 02:15:00,1.17727,1.17749,1.17713,1.17719,257,8,0,0,0,0.0005351727418684584,0.0037462091930784537,0.99,0.0,0
2025-12-30 02:30:00,1.17719,1.17742,1.17719,1.17731,201,8,0,0,0,0.0004331909182798162,0.003847754627073706,0.99,0.0,0
2025-12-30 02:45:00,1.17732,1.17744,1.17727,1.17728,196,8,0,0,0,0.0004586844251155077,0.003822370209296149,0.99,0.0,0
2025-12-30 03:00:00,1.17728,1.17738,1.1770100000000001,1.17713,206,8,0,0,0,0.0005267047819697611,0.0036954287122068726,0.99,0.0,0
2025-12-30 03:15:00,1.17713,1.1774,1.17708,1.1774,126,8,0,0,0,0.0003567181926278979,0.003923900118906122,0.99,0.0,0
2025-12-30 03:30:00,1.17742,1.17754,1.17732,1.17733,197,8,0,0,0,0.00041619596884484507,0.0038646768535585217,0.99,0.0,0
2025-12-30 03:45:00,1.17733,1.17747,1.17722,1.17723,152,8,0,0,0,0.0005011764905754105,0.0037800599712885883,0.99,0.0,0
2025-12-30 04:00:00,1.17723,1.1773500000000001,1.17714,1.17729,158,8,0,0,0,0.00045018644514107953,0.0038308318256334586,0.99,0.0,0
2025-12-30 04:15:00,1.17729,1.17736,1.17716,1.17733,85,8,0,0,0,0.00041619596884484507,0.0038646768535585217,0.99,0.0,0
2025-12-30 04:30:00,1.17733,1.17767,1.17727,1.1776200000000001,157,8,0,1,0,0.0001698340721115283,0.004109984545099588,0.99,0.7474700566146135,1
2025-12-30 04:45:00,1.17761,1.17774,1.17749,1.17768,240,8,0,1,0,0.00011887779362817488,0.004160722776985366,0.99,0.7474700566146135,1
2025-12-30 05:00:00,1.17769,1.17786,1.1776,1.17777,207,8,0,1,0,4.2453110539498814e-05,0.004236820431833083,0.99,0.7474700566146135,1
2025-12-30 05:15:00,1.17777,1.17777,1.17759,1.17767,195,8,0,1,0,0.00012737014613609457,0.004152266764034119,0.99,0.7474700566146135,1
2025-12-30 05:30:00,1.17767,1.17769,1.17738,1.17738,226,8,0,0,0,0.0003737111213032291,0.003906979904533931,0.99,0.0,0
2025-12-30 05:45:00,1.17739,1.17757,1.17724,1.17748,283,8,0,0,0,0.00028875225056901766,0.003991575228454112,0.99,0.0,0
2025-12-30 06:00:00,1.17748,1.17769,1.17734,1.17768,254,8,0,1,0,0.00011887779362817488,0.004160722776985366,0.99,0.7474700566146135,1
2025-12-30 06:15:00,1.17769,1.17795,1.17757,1.17758,280,8,0,0,0,0.00020380780923590582,0.004076156184717928,0.99,0.0,0
2025-12-30 06:30:00,1.17758,1.17792,1.17743,1.17791,328,8,0,1,0,7.640651662684201e-05,0.004355171447733765,0.99,0.7474700566146135,1
2025-12-30 06:45:00,1.17791,1.17792,1.1777,1.17781,258,8,0,1,0,8.490333755075531e-06,0.004270637878775091,0.99,0.7474700566146135,1
2025-12-30 07:00:00,1.17781,1.17781,1.17717,1.1773500000000001,417,8,0,0,0,0.0003992015968063621,0.0038815985051175814,0.99,0.0,0
2025-12-30 07:15:00,1.17734,1.17744,1.17663,1.17702,445,8,0,0,0,0.00043329764999746007,0.003602317717625887,0.99,0.0,0
2025-12-30 07:30:00,1.17705,1.1771099999999999,1.17659,1.1766,402,8,0,1,0,7.649158592567186e-05,0.0032466428692845117,0.99,0.7470666480314436,1
2025-12-30 07:45:00,1.1766,1.17706,1.1766,1.1770100000000001,399,8,0,0,0,0.0004248052268036524,0.0035938522187578506,0.99,0.0,0
2025-12-30 08:00:00,1.17702,1.17722,1.17656,1.17666,612,8,0,1,0,0.0001274794758044758,0.0032974691074737863,0.99,0.7470666480314436,1
2025-12-30 08:15:00,1.17666,1.1773,1.17666,1.17693,511,8,0,0,0,0.000356860645917843,0.0035261230489494685,0.99,0.0,0
2025-12-30 08:30:00,1.17691,1.17748,1.1768,1.17709,482,8,0,0,0,0.0004927405720888164,0.003661572182246078,0.99,0.0,0
2025-12-30 08:45:00,1.17708,1.17718,1.17666,1.17666,462,8,0,1,0,0.0001274794758044758,0.0032974691074737863,0.99,0.7470666480314436,1
2025-12-30 09:00:00,1.17669,1.1772,1.17638,1.17681,514,8,0,0,0,0.0002549264537180743,0.0034245120282798227,0.99,0.0,0
2025-12-30 09:15:00,1.17681,1.17749,1.17681,1.17748,439,8,0,0,0,0.00028875225056901766,0.003991575228454112,0.99,0.0,0
2025-12-30 09:30:00,1.17748,1.1777,1.17731,1.17753,470,8,0,0,0,0.00024627822645718027,0.004033867502314194,0.99,0.0,0
2025-12-30 09:45:00,1.17753,1.17775,1.1768399999999999,1.17687,590,8,0,0,0,0.00030589614825778376,0.0034753201288163934,0.99,0.0,0
2025-12-30 10:00:00,1.17685,1.1777,1.17685,1.17743,519,8,0,0,0,0.00033122988203129907,0.003949279362679772,0.99,0.0,0
2025-12-30 10:15:00,1.17743,1.17752,1.17717,1.17721,357,8,0,0,0,0.0005181743274352065,0.003763134869734504,0.99,0.0,0
2025-12-30 10:30:00,1.17722,1.17764,1.17718,1.17753,391,8,0,0,0,0.00024627822645718027,0.004033867502314194,0.99,0.0,0
2025-12-30 10:45:00,1.17754,1.17757,1.1772,1.1773500000000001,311,8,0,0,0,0.0003992015968063621,0.0038815985051175814,0.99,0.0,0
2025-12-30 11:00:00,1.1773500000000001,1.17763,1.17703,1.17738,398,8,0,0,0,0.0003737111213032291,0.003906979904533931,0.99,0.0,0
2025-12-30 11:15:00,1.17738,1.17743,1.17707,1.17715,302,8,0,0,0,0.000543686021322664,0.003712356114343954,0.99,0.0,0
2025-12-30 11:30:00,1.17717,1.17728,1.17676,1.17687,313,8,0,0,0,0.00030589614825778376,0.0034753201288163934,0.99,0.0,0
2025-12-30 11:45:00,1.17687,1.1770100000000001,1.17658,1.17665,389,8,0,1,0,0.00011898185526709641,0.0032889984277398037,0.99,0.7470666480314436,1
2025-12-30 12:00:00,1.17665,1.17665,1.1762,1.17654,405,8,0,1,0,2.5498495588738584e-05,0.0031958114471246075,0.99,0.7470666480314436,1
2025-12-30 12:15:00,1.17654,1.17656,1.17618,1.17642,344,8,0,1,0,3.4001462062902705e-05,0.0030941330477211263,0.99,0.7471431941821486,1
2025-12-30 12:30:00,1.17642,1.17677,1.17617,1.17617,341,8,0,1,0,6.80173784402595e-05,0.002882236411403117,0.99,0.7466971274088896,1
2025-12-30 12:45:00,1.17615,1.17637,1.17602,1.17614,389,8,0,1,0,9.3526280884975e-05,0.0028568027615760282,0.99,0.7466971274088896,1
2025-12-30 13:00:00,1.17615,1.17617,1.1755,1.17577,520,8,0,1,0,2.5515194298182885e-05,0.002543014365054431,0.99,0.7473736533629121,1
2025-12-30 13:15:00,1.1757900000000001,1.17659,1.17566,1.176,796,8,0,1,0,5.952380952382185e-05,0.0027380952380952387,0.99,0.7467548115029226,1
2025-12-30 13:30:00,1.17599,1.1764000000000001,1.17569,1.1761,939,8,0,1,0,0.00012754017515525425,0.0028228892101011733,0.99,0.7466971274088896,1
2025-12-30 13:45:00,1.17611,1.1767400000000001,1.17572,1.17631,1020,8,0,1,0,5.100696245033111e-05,0.0030009096241637267,0.99,0.7466971274088896,1
2025-12-30 14:00:00,1.17632,1.17636,1.17568,1.17574,726,8,0,1,0,5.1031690679868834e-05,0.0025175634068757323,0.99,0.7473736533629121,1
2025-12-30 14:15:00,1.17575,1.17604,1.17561,1.17597,547,8,0,1,0,3.401447315836289e-05,0.0027126542343767495,0.99,0.7467548115029226,1
2025-12-30 14:30:00,1.17595,1.17627,1.17564,1.17598,589,8,0,1,0,4.251772989345526e-05,0.002721134713175472,0.99,0.7467548115029226,1
2025-12-30 14:45:00,1.17598,1.1764000000000001,1.17587,1.17628,757,8,0,1,0,2.5504131669308745e-05,0.0029754820280886002,0.99,0.7466971274088896,1
2025-12-30 15:00:00,1.17629,1.17657,1.17568,1.17573,777,8,0,1,0,5.953747884294396e-05,0.002509079465523554,0.99,0.7473736533629121,1
2025-12-30 15:15:00,1.17575,1.1757900000000001,1.17496,1.17507,737,8,0,0,0,0.0002808343332739015,0.0019488200702937912,0.99,0.0,0
2025-12-30 15:30:00,1.17508,1.17526,1.17449,1.17471,640,8,0,1,0,2.5538217943130213e-05,0.0016429586876760965,0.99,0.7464277181952659,1
2025-12-30 15:45:00,1.17472,1.17596,1.1746,1.17593,785,8,0,1,0,0.0,0.0026787308768378955,0.99,0.7467548115029226,1
2025-12-30 16:00:00,1.17592,1.17594,1.1754,1.17558,776,8,0,1,0,0.00018714166624124852,0.002381803024889957,0.99,0.7473736533629121,1
2025-12-30 16:15:00,1.17556,1.17632,1.17555,1.17605,595,8,0,1,0,0.00010203647804100166,0.0027804940266146047,0.99,0.7467548115029226,1
2025-12-30 16:30:00,1.17605,1.17642,1.17585,1.17624,553,8,0,1,0,8.50166632665571e-06,0.0029415765490036208,0.99,0.7466971274088896,1
2025-12-30 16:45:00,1.17626,1.17661,1.1762299999999999,1.17642,458,8,0,1,0,3.4001462062902705e-05,0.0030941330477211263,0.99,0.7471431941821486,1
2025-12-30 17:00:00,1.17644,1.17663,1.17601,1.17603,473,8,0,1,0,8.503184442572808e-05,0.002763534943836446,0.99,0.7467548115029226,1
2025-12-30 17:15:00,1.17601,1.17615,1.17573,1.17576,363,8,0,1,0,3.402054841127442e-05,0.0025345308566373944,0.99,0.7473736533629121,1
2025-12-30 17:30:00,1.17576,1.17581,1.17551,1.17561,271,8,0,1,0,0.0001616182237305845,0.002407260911356751,0.99,0.7473736533629121,1
2025-12-30 17:45:00,1.17561,1.17568,1.17548,1.17555,246,8,0,0,0,0.00021266641146685503,0.0023563438390541967,0.99,0.0,0
2025-12-30 18:00:00,1.17555,1.17591,1.17554,1.1757900000000001,336,8,0,1,0,8.504920096142565e-06,0.0025599809489791365,0.99,0.7473736533629121,1
2025-12-30 18:15:00,1.17581,1.17584,1.17556,1.17563,256,8,0,1,0,0.00014460331907147954,0.002424232113845359,0.99,0.7473736533629121,1
2025-12-30 18:30:00,1.17561,1.17567,1.17527,1.17535,300,8,0,0,0,0.0003828646786064249,0.002186582720040806,0.99,0.0,0
2025-12-30 18:45:00,1.17536,1.17536,1.1748,1.17502,332,8,0,0,0,0.000238293816275517,0.001906350530203758,0.99,0.0,0
2025-12-30 19:00:00,1.17498,1.17512,1.17472,1.17507,320,8,0,0,0,0.0002808343332739015,0.0019488200702937912,0.99,0.0,0
2025-12-30 19:15:00,1.17507,1.17526,1.17499,1.17519,280,8,0,0,0,0.00038291680494223186,0.002050732222023693,0.99,0.0,0
2025-12-30 19:30:00,1.17519,1.17524,1.17487,1.17502,260,8,0,0,0,0.000238293816275517,0.001906350530203758,0.99,0.0,0
2025-12-30 19:45:00,1.17502,1.17522,1.17449,1.17465,448,8,0,1,0,7.66185672327276e-05,0.0015919635636147263,0.99,0.7464277181952659,1
2025-12-30 20:00:00,1.17465,1.17481,1.17445,1.17471,320,8,0,1,0,2.5538217943130213e-05,0.0016429586876760965,0.99,0.7464277181952659,1
2025-12-30 20:15:00,1.1747,1.17499,1.1746699999999999,1.1749,291,8,0,1,0,0.00013618180270674952,0.0018044088858627301,0.99,0.7464277181952659,1
2025-12-30 20:30:00,1.17488,1.17498,1.1746,1.17465,236,8,0,1,0,7.66185672327276e-05,0.0015919635636147263,0.99,0.7464277181952659,1
2025-12-30 20:45:00,1.17465,1.17474,1.17429,1.17436,330,8,0,1,0,9.366804046463988e-05,0.0013454136721279138,0.99,0.7473043160209429,1
2025-12-30 21:00:00,1.17437,1.17481,1.17437,1.1747,215,8,0,1,0,3.4051247126771056e-05,0.0016344598620925714,0.99,0.7464277181952659,1
2025-12-30 21:15:00,1.1747,1.17472,1.17445,1.1745,83,8,0,0,0,0.0002043422733076168,0.0014644529587059733,0.99,0.0,0
2025-12-30 21:30:00,1.17449,1.1746699999999999,1.17445,1.17463,79,8,0,1,0,9.364650996469735e-05,0.0015749640312269645,0.99,0.7464277181952659,1
2025-12-30 21:45:00,1.17462,1.17477,1.17455,1.17468,177,8,0,1,0,5.107774032072478e-05,0.0016174617768243377,0.99,0.7464277181952659,1
2025-12-30 22:00:00,1.17468,1.17469,1.17447,1.17456,64,20,0,1,0,0.00015324887617477773,0.001515461108840855,0.99,0.7464277181952659,1
2025-12-30 22:15:00,1.17456,1.1747,1.17454,1.1746,114,20,0,1,0,0.00011918951132283921,0.0015494636471991782,0.99,0.7464277181952659,1
2025-12-30 22:30:00,1.1746,1.17476,1.17445,1.17448,135,20,0,1,0,0.0001958313466384719,0.0014474490838499038,0.99,0.7473043160209429,1
2025-12-30 22:45:00,1.17448,1.1746,1.17442,1.17458,77,20,0,1,0,0.00013621890377831905,0.0015324626675067036,0.99,0.7464277181952659,1
2025-12-30 23:00:00,1.17461,1.17488,1.17454,1.17488,159,8,0,1,0,0.00011916110581508665,0.0017874165872259218,0.99,0.7464277181952659,1
2025-12-30 23:15:00,1.17488,1.17488,1.1746699999999999,1.17472,125,8,0,1,0,1.702533369646297e-05,0.001651457368564469,0.99,0.7464277181952659,1
2025-12-30 23:30:00,1.17472,1.17476,1.17455,1.1746,77,8,0,1,0,0.00011918951132283921,0.0015494636471991782,0.99,0.7464277181952659,1
2025-12-30 23:45:00,1.1746,1.1746699999999999,1.17452,1.17453,86,8,0,1,0,0.0001787949222240568,0.0014899576852018597,0.99,0.7464277181952659,1
2025-12-31 00:00:00,1.17453,1.17473,1.17444,1.17468,125,8,0,1,0,5.107774032072478e-05,0.0016174617768243377,0.99,0.7464277181952659,1
2025-12-31 00:15:00,1.17468,1.17473,1.17455,1.17469,104,8,0,1,0,4.256442125146504e-05,0.0016259608918098207,0.99,0.7464277181952659,1
2025-12-31 00:30:00,1.17469,1.17469,1.17446,1.17448,135,8,0,1,0,0.0001958313466384719,0.0014474490838499038,0.99,0.7473043160209429,1
2025-12-31 00:45:00,1.17449,1.17476,1.17438,1.1746699999999999,262,8,0,1,0,5.959120433825202e-05,0.0016089625171324265,0.99,0.7464277181952659,1
2025-12-31 01:00:00,1.17468,1.17477,1.1745,1.17471,273,8,0,1,0,2.5538217943130213e-05,0.0016429586876760965,0.99,0.7464277181952659,1
2025-12-31 01:15:00,1.17471,1.17487,1.17458,1.17469,190,8,0,1,0,4.256442125146504e-05,0.0016259608918098207,0.99,0.7464277181952659,1
2025-12-31 01:30:00,1.17468,1.17475,1.17445,1.17449,225,8,0,0,0,0.00020434401314614682,0.0014559510936662725,0.99,0.0,0
2025-12-31 01:45:00,1.17449,1.17474,1.17415,1.17422,403,8,0,1,0,8.516291666012767e-06,0.0012263459998978962,0.99,0.7479942141944069,1
2025-12-31 02:00:00,1.17421,1.17423,1.17386,1.17403,408,8,0,1,0,0.00015331805831202694,0.001064708738277534,0.99,0.7479942141944069,1
2025-12-31 02:15:00,1.17402,1.17423,1.17386,1.17405,283,8,0,1,0,0.00013628039691660317,0.001081725650526046,0.99,0.7479942141944069,1
2025-12-31 02:30:00,1.17405,1.17423,1.17398,1.17399,214,8,0,1,0,0.0001873951226159396,0.0010306731743883297,0.99,0.7479942141944069,1
2025-12-31 02:45:00,1.17399,1.17409,1.17395,1.1739600000000001,269,8,0,0,0,0.00021295444478505352,0.0010051449793861637,0.99,0.0,0
2025-12-31 03:00:00,1.1739600000000001,1.17427,1.17395,1.17414,229,8,0,1,0,5.9618103462972474e-05,0.001158294581566106,0.99,0.7479942141944069,1
2025-12-31 03:15:00,1.17415,1.17415,1.17391,1.17413,152,8,0,1,0,6.813555568810951e-05,0.001149787502235666,0.99,0.7479942141944069,1
2025-12-31 03:30:00,1.17413,1.17429,1.1741,1.17418,182,8,0,1,0,2.554974535418291e-05,0.0011923214498629408,0.99,0.7479942141944069,1
2025-12-31 03:45:00,1.17418,1.17433,1.17417,1.17424,106,8,0,1,0,8.516146614035897e-06,0.00124335740564111,0.99,0.7473043160209429,1
2025-12-31 04:00:00,1.17424,1.17424,1.17394,1.17395,161,8,0,0,0,0.00022147450913576126,0.000996635291111304,0.99,0.0,0
2025-12-31 04:15:00,1.17395,1.174,1.17385,1.17389,134,8,0,0,0,0.0002555605721150951,0.0009455741168253979,0.99,0.0,0
2025-12-31 04:30:00,1.17388,1.174,1.17358,1.17366,158,8,0,1,0,5.964248589882462e-05,0.0007497912512993473,0.99,0.7474406991857608,1
2025-12-31 04:45:00,1.17366,1.17367,1.17327,1.17341,260,8,0,1,0,0.0001533990676744249,0.0005368967368610548,0.99,0.7474406991857608,1
2025-12-31 05:00:00,1.17342,1.17364,1.17341,1.17359,209,8,0,1,0,0.0,0.0006901899300436928,0.99,0.7474406991857608,1
2025-12-31 05:15:00,1.17359,1.17374,1.17339,1.1736900000000001,175,8,0,1,0,8.520137344631974e-05,0.000775332498360034,0.99,0.7474406991857608,1
2025-12-31 05:30:00,1.1736900000000001,1.1736900000000001,1.1734499999999999,1.17365,235,8,0,1,0,5.112256635297663e-05,0.0007412772121161746,0.99,0.7474406991857608,1
2025-12-31 05:45:00,1.17365,1.1739,1.1735,1.1738,308,8,0,1,0,0.00017890611688536675,0.0008689725677287621,0.99,0.7474406991857608,1
2025-12-31 06:00:00,1.17379,1.1738,1.17328,1.1734,294,8,0,1,0,0.0001619226180329917,0.0005283790693711138,0.99,0.7474406991857608,1
2025-12-31 06:15:00,1.17339,1.17364,1.17327,1.1736,253,8,0,1,0,8.520790729435508e-06,0.0006987048398091709,0.99,0.7474406991857608,1
2025-12-31 06:30:00,1.17361,1.17392,1.17355,1.17391,180,8,0,0,0,0.00025555621810868545,0.0009625950882095522,0.99,0.0,0
2025-12-31 06:45:00,1.17391,1.17393,1.17368,1.17372,196,8,0,1,0,0.00011075895443562819,0.0008008724397643073,0.99,0.7474406991857608,1
2025-12-31 07:00:00,1.1737,1.17383,1.1733,1.17338,447,8,0,1,0,0.00017897015459597182,0.0005113432988462015,0.99,0.7474406991857608,1
2025-12-31 07:15:00,1.17338,1.17347,1.17297,1.17313,355,8,0,1,0,9.376624926483381e-05,0.00029834715675165795,0.99,0.7465937230933395,1
2025-12-31 07:30:00,1.17313,1.1738,1.17294,1.17359,431,8,0,1,0,0.0,0.0006901899300436928,0.99,0.7474406991857608,1
2025-12-31 07:45:00,1.1736,1.17372,1.1734,1.17367,324,8,0,1,0,6.816226026061841e-05,0.0007583051453986703,0.99,0.7474406991857608,1
2025-12-31 08:00:00,1.17367,1.17395,1.17348,1.1736,507,8,0,1,0,8.520790729435508e-06,0.0006987048398091709,0.99,0.7474406991857608,1
2025-12-31 08:15:00,1.1736,1.17368,1.1727400000000001,1.17291,425,8,0,1,1,6.820642675062879e-05,0.0001108354434696298,0.99,0.7471142295148,1
2025-12-31 08:30:00,1.17291,1.17301,1.17246,1.1729,506,8,0,1,1,7.673288430379697e-05,0.00010231051240525194,0.99,0.7471142295148,1
2025-12-31 08:45:00,1.17289,1.17292,1.17198,1.17228,621,8,0,0,0,0.0005374142696283383,0.00026444194219813735,0.99,0.0,0
2025-12-31 09:00:00,1.17227,1.17263,1.17197,1.17256,565,8,0,0,1,0.00036671897386908166,0.00018762366104923154,0.99,0.7463099569277062,1
2025-12-31 09:15:00,1.17257,1.1734,1.17253,1.17311,512,8,0,1,0,7.67191482470915e-05,0.00028130354357235336,0.99,0.7465937230933395,1
2025-12-31 09:30:00,1.1731,1.17378,1.17303,1.17368,489,8,0,1,0,7.668188944187983e-05,0.0007668188944176631,0.99,0.7474406991857608,1
2025-12-31 09:45:00,1.17368,1.17384,1.17341,1.1734499999999999,484,8,0,1,0,0.00011930631897399037,0.0005709659550896489,0.99,0.7474406991857608,1
2025-12-31 10:00:00,1.17347,1.1735,1.1728399999999999,1.17291,427,8,0,1,1,6.820642675062879e-05,0.0001108354434696298,0.99,0.7471142295148,1
2025-12-31 10:15:00,1.17292,1.17353,1.17292,1.17348,331,8,0,1,0,9.373828271451788e-05,0.0005965163445479641,0.99,0.7474406991857608,1
2025-12-31 10:30:00,1.17348,1.17382,1.17348,1.17366,436,8,0,1,0,5.964248589882462e-05,0.0007497912512993473,0.99,0.7474406991857608,1
2025-12-31 10:45:00,1.17366,1.17433,1.17365,1.17389,625,8,0,0,0,0.0002555605721150951,0.0009455741168253979,0.99,0.0,0
2025-12-31 11:00:00,1.1739,1.17413,1.1736,1.17405,519,8,0,1,0,0.00013628039691660317,0.001081725650526046,0.99,0.7479942141944069,1
2025-12-31 11:15:00,1.17408,1.17415,1.17383,1.1740599999999999,365,8,0,1,0,0.00012776178389528177,0.0010902338892390066,0.99,0.7479942141944069,1
2025-12-31 11:30:00,1.1740599999999999,1.17459,1.17391,1.17455,411,8,0,1,0,0.00016176407986029752,0.001506960112383508,0.99,0.7464277181952659,1
2025-12-31 11:45:00,1.17455,1.17474,1.17422,1.1746699999999999,467,8,0,1,0,5.959120433825202e-05,0.0016089625171324265,0.99,0.7464277181952659,1
2025-12-31 12:00:00,1.17468,1.17507,1.17468,1.17498,527,8,0,0,0,0.00020425879589441352,0.001872372295698633,0.99,0.0,0
2025-12-31 12:15:00,1.17497,1.1755200000000001,1.17497,1.17535,468,8,0,0,0,0.0003828646786064249,0.002186582720040806,0.99,0.0,0
2025-12-31 12:30:00,1.17535,1.17555,1.1751,1.17539,411,8,0,0,0,0.00034882039152963826,0.0022205395655909965,0.99,0.0,0
2025-12-31 12:45:00,1.17539,1.1758899999999999,1.17517,1.17548,565,8,0,0,0,0.000272229217000609,0.002296934018443654,0.99,0.0,0
2025-12-31 13:00:00,1.17551,1.1758899999999999,1.17492,1.17502,675,8,0,0,0,0.000238293816275517,0.001906350530203758,0.99,0.0,0
2025-12-31 13:15:00,1.17504,1.17574,1.17499,1.17549,512,8,0,0,0,0.0002637198104620477,0.0023054215688776514,0.99,0.0,0
2025-12-31 13:30:00,1.17547,1.17547,1.17427,1.1745,793,8,0,0,0,0.0002043422733076168,0.0014644529587059733,0.99,0.0,0
2025-12-31 13:45:00,1.17451,1.17473,1.17411,1.17416,789,8,0,1,0,4.258363425758284e-05,0.0011753083055121608,0.99,0.7479942141944069,1
2025-12-31 14:00:00,1.17416,1.17423,1.17359,1.17386,766,8,0,0,0,0.00023001039306219862,0.0009200415722487945,0.99,0.0,0
2025-12-31 14:15:00,1.17386,1.17398,1.1735,1.17356,641,8,0,1,0,2.556324346430902e-05,0.0006646443300726021,0.99,0.7474406991857608,1
2025-12-31 14:30:00,1.17358,1.17402,1.17319,1.17341,727,8,0,1,0,0.0001533990676744249,0.0005368967368610548,0.99,0.7474406991857608,1
2025-12-31 14:45:00,1.17341,1.17344,1.1727,1.17301,766,8,0,1,1,8.525076512428255e-06,0.00019607675978906787,0.99,0.7465937230933395,1
2025-12-31 15:00:00,1.17301,1.17301,1.17201,1.17212,779,8,0,0,1,0.00040098283452203733,0.00012797324506031335,0.99,0.7465637960765799,1
2025-12-31 15:15:00,1.17212,1.17259,1.172,1.1724999999999999,709,8,0,0,0,0.0004179104477612806,0.0002388059701493032,0.99,0.0,0
2025-12-31 15:30:00,1.1724999999999999,1.17376,1.1724999999999999,1.17354,791,8,0,1,0,4.260613187440008e-05,0.0006476132044924706,0.99,0.7474406991857608,1
2025-12-31 15:45:00,1.17355,1.1745700000000001,1.17246,1.17436,1599,8,0,1,0,9.366804046463988e-05,0.0013454136721279138,0.99,0.7473043160209429,1
2025-12-31 16:00:00,1.17438,1.17485,1.17418,1.17453,1228,8,0,1,0,0.0001787949222240568,0.0014899576852018597,0.99,0.7464277181952659,1
2025-12-31 16:15:00,1.17452,1.17471,1.17387,1.17411,701,8,0,1,0,8.517089540161398e-05,0.001132772908841636,0.99,0.7479942141944069,1
2025-12-31 16:30:00,1.17412,1.17414,1.17307,1.17309,621,8,0,1,0,5.967146595744103e-05,0.00026425934924006897,0.99,0.7465937230933395,1
2025-12-31 16:45:00,1.17309,1.17346,1.17283,1.17346,576,8,0,1,0,0.00011078349496358077,0.000579482896732751,0.99,0.7474406991857608,1
2025-12-31 17:00:00,1.1734499999999999,1.17378,1.1731,1.17343,602,8,0,1,0,0.00013635240278494498,0.0005539316363140873,0.99,0.7474406991857608,1
2025-12-31 17:15:00,1.17344,1.17375,1.17333,1.17348,451,8,0,1,0,9.373828271451788e-05,0.0005965163445479641,0.99,0.7474406991857608,1
2025-12-31 17:30:00,1.17346,1.17363,1.17324,1.17328,412,8,0,0,0,0.00022160098186293893,0.0004261557343517037,0.99,0.0,0
2025-12-31 17:45:00,1.17328,1.17386,1.17316,1.17354,659,8,0,1,0,4.260613187440008e-05,0.0006476132044924706,0.99,0.7474406991857608,1
2025-12-31 18:00:00,1.1734499999999999,1.17374,1.17304,1.17339,497,20,0,1,0,0.0001704463136723323,0.0005198612567006702,0.99,0.7474406991857608,1
2025-12-31 18:15:00,1.17339,1.1735,1.17297,1.17339,366,20,0,1,0,0.0001704463136723323,0.0005198612567006702,0.99,0.7474406991857608,1
2025-12-31 18:30:00,1.17339,1.17377,1.17319,1.17351,323,20,0,1,0,6.817155371480256e-05,0.0006220654276487797,0.99,0.7474406991857608,1
2025-12-31 18:45:00,1.17349,1.17362,1.17325,1.17352,299,20,0,1,0,5.964960119982148e-05,0.0006305814983979506,0.99,0.7474406991857608,1
2025-12-31 19:00:00,1.17356,1.17402,1.17354,1.17398,273,20,0,1,0,0.00019591475152894638,0.0010221639210208776,0.99,0.7479942141944069,1
2025-12-31 19:15:00,1.17398,1.17404,1.1738,1.17402,214,20,0,1,0,0.00016183710669316745,0.0010562000647349533,0.99,0.7479942141944069,1
2025-12-31 19:30:00,1.17404,1.17411,1.17367,1.17409,296,20,0,1,0,0.00010220681549105942,0.0011157577357784705,0.99,0.7479942141944069,1
2025-12-31 19:45:00,1.17407,1.17422,1.17386,1.17399,329,20,0,1,0,0.0001873951226159396,0.0010306731743883297,0.99,0.7479942141944069,1
2025-12-31 20:00:00,1.17398,1.17429,1.17389,1.17428,241,20,0,1,0,2.5547569574526084e-05,0.0012773784787274388,0.99,0.7473043160209429,1
2025-12-31 20:15:00,1.17426,1.1747,1.17424,1.1746,257,20,0,1,0,0.00011918951132283921,0.0015494636471991782,0.99,0.7464277181952659,1
2025-12-31 20:30:00,1.17461,1.17484,1.17449,1.1747,245,20,0,1,0,3.4051247126771056e-05,0.0016344598620925714,0.99,0.7464277181952659,1
2025-12-31 20:45:00,1.1747,1.17519,1.17441,1.17508,277,20,0,0,0,0.0002893420022466615,0.0019573135446097024,0.99,0.0,0
2025-12-31 21:00:00,1.17512,1.17519,1.17466,1.17474,239,8,0,1,0,0.0,0.0016684542962697804,0.99,0.7464277181952659,1
2025-12-31 21:15:00,1.17474,1.17482,1.1745700000000001,1.17464,154,8,0,1,0,8.513246611726912e-05,0.0015834638697813568,0.99,0.7464277181952659,1
2025-12-31 21:30:00,1.17464,1.17474,1.17461,1.17469,78,8,0,1,0,4.256442125146504e-05,0.0016259608918098207,0.99,0.7464277181952659,1
2025-12-31 21:45:00,1.17469,1.17475,1.17448,1.17455,165,8,0,1,0,0.00016176407986029752,0.001506960112383508,0.99,0.7464277181952659,1
2026-01-01 22:00:00,1.1743999999999999,1.17485,1.1743999999999999,1.1747,100,48,0,1,0,3.4051247126771056e-05,0.0016344598620925714,0.99,0.7464277181952659,1
2026-01-01 22:15:00,1.1747,1.17487,1.17463,1.17465,118,20,0,1,0,7.66185672327276e-05,0.0015919635636147263,0.99,0.7464277181952659,1
2026-01-01 22:30:00,1.17466,1.17484,1.17458,1.17477,58,20,0,1,0,2.5536913608788558e-05,0.001693948602705345,0.99,0.7464277181952659,1
2026-01-01 22:45:00,1.17478,1.1748,1.17451,1.17476,113,20,0,1,0,1.7024753992416342e-05,0.0016854506452382552,0.99,0.7464277181952659,1
2026-01-01 23:00:00,1.17482,1.17492,1.17445,1.17461,295,8,0,1,0,0.00011067503256396888,0.0015579639199393828,0.99,0.7464277181952659,1
2026-01-01 23:15:00,1.17461,1.1749,1.17456,1.17469,154,8,0,1,0,4.256442125146504e-05,0.0016259608918098207,0.99,0.7464277181952659,1
2026-01-01 23:30:00,1.17469,1.17494,1.17461,1.17494,156,8,0,1,0,0.00017022145811718044,0.0018383917476638481,0.99,0.7464277181952659,1
2026-01-01 23:45:00,1.17494,1.17504,1.17481,1.17504,166,8,0,0,0,0.0002553104575165007,0.0019233387799565552,0.99,0.0,0
2026-01-02 00:00:00,1.17504,1.1753,1.17495,1.17524,243,8,0,0,0,0.0004254450154863406,0.0020931894761922064,0.99,0.0,0
2026-01-02 00:15:00,1.17525,1.17525,1.17509,1.17514,161,8,0,0,0,0.000340384975407337,0.0020082713549025135,0.99,0.0,0
2026-01-02 00:30:00,1.17514,1.17526,1.17508,1.17521,196,8,0,0,0,0.00039992852341300063,0.0020677155572196917,0.99,0.0,0
2026-01-02 00:45:00,1.17521,1.17559,1.17517,1.17557,236,8,0,1,0,0.00019564976989881714,0.0023733167739905495,0.99,0.7473736533629121,1
2026-01-02 01:00:00,1.17558,1.17602,1.17558,1.17563,417,8,0,1,0,0.00014460331907147954,0.002424232113845359,0.99,0.7473736533629121,1
2026-01-02 01:15:00,1.17565,1.17601,1.17564,1.176,266,8,0,1,0,5.952380952382185e-05,0.0027380952380952387,0.99,0.7467548115029226,1
2026-01-02 01:30:00,1.176,1.1761300000000001,1.17577,1.17596,260,8,0,1,0,2.551107180514175e-05,0.0027041736113472916,0.99,0.7467548115029226,1
2026-01-02 01:45:00,1.17597,1.17624,1.17587,1.17603,235,8,0,1,0,8.503184442572808e-05,0.002763534943836446,0.99,0.7467548115029226,1
2026-01-02 02:00:00,1.17604,1.17633,1.17596,1.17629,211,8,0,1,0,3.40052198012735e-05,0.0029839580375588706,0.99,0.7466971274088896,1
2026-01-02 02:15:00,1.17629,1.17631,1.17603,1.17607,205,8,0,1,0,0.00011904053330161385,0.002797452532587359,0.99,0.7467548115029226,1
2026-01-02 02:30:00,1.17607,1.17607,1.1757900000000001,1.176,225,8,0,1,0,5.952380952382185e-05,0.0027380952380952387,0.99,0.7467548115029226,1
2026-01-02 02:45:00,1.176,1.176,1.17577,1.17588,180,8,0,1,0,2.551280742930783e-05,0.002636323434364138,0.99,0.747955171355261,1
2026-01-02 03:00:00,1.17588,1.1762,1.17587,1.1761300000000001,186,8,0,1,0,0.00010202953755103428,0.002848324589968954,0.99,0.7466971274088896,1
2026-01-02 03:15:00,1.1761300000000001,1.1763,1.17607,1.17626,160,8,0,1,0,8.501521772452954e-06,0.0029585295767943732,0.99,0.7466971274088896,1
2026-01-02 03:30:00,1.17626,1.17633,1.17614,1.17633,200,8,0,1,0,6.800812697124106e-05,0.0030178606343459436,0.99,0.7466971274088896,1
2026-01-02 03:45:00,1.17633,1.17646,1.17628,1.17639,162,8,0,1,0,5.950407602922032e-05,0.0030687102066492516,0.99,0.7471431941821486,1
2026-01-02 04:00:00,1.1764000000000001,1.17645,1.17602,1.17607,178,8,0,1,0,0.00011904053330161385,0.002797452532587359,0.99,0.7467548115029226,1
2026-01-02 04:15:00,1.17607,1.17612,1.17577,1.1758,246,8,0,1,0,0.0,0.002568464024493981,0.99,0.7473736533629121,1
2026-01-02 04:30:00,1.1758,1.17583,1.1755,1.17556,198,8,0,0,0,0.00020415801830618428,0.002364830378713128,0.99,0.0,0
2026-01-02 04:45:00,1.17556,1.1757,1.17548,1.17554,146,8,0,0,0,0.00022117494938490138,0.002347857155009694,0.99,0.0,0
2026-01-02 05:00:00,1.17554,1.17557,1.17545,1.17555,144,8,0,0,0,0.00021266641146685503,0.0023563438390541967,0.99,0.0,0
2026-01-02 05:15:00,1.17555,1.17567,1.17551,1.17566,157,8,0,1,0,0.00011908204753077335,0.0024496878349182533,0.99,0.7473736533629121,1
2026-01-02 05:30:00,1.17565,1.17576,1.17551,1.17558,160,8,0,1,0,0.00018714166624124852,0.002381803024889957,0.99,0.7473736533629121,1
2026-01-02 05:45:00,1.17558,1.17563,1.17506,1.17509,249,8,0,0,0,0.0002978495264193147,0.0019658068743670988,0.99,0.0,0
2026-01-02 06:00:00,1.17509,1.17511,1.17468,1.17469,237,8,0,1,0,4.256442125146504e-05,0.0016259608918098207,0.99,0.7464277181952659,1
2026-01-02 06:15:00,1.1747,1.1747,1.1743000000000001,1.17435,366,8,0,1,0,8.515348916420913e-05,0.0013369097798782913,0.99,0.7473043160209429,1
2026-01-02 06:30:00,1.17434,1.1743999999999999,1.17413,1.17428,236,8,0,1,0,2.5547569574526084e-05,0.0012773784787274388,0.99,0.7473043160209429,1
2026-01-02 06:45:00,1.17428,1.17452,1.17418,1.17436,261,8,0,1,0,9.366804046463988e-05,0.0013454136721279138,0.99,0.7473043160209429,1
2026-01-02 07:00:00,1.17434,1.1745700000000001,1.17417,1.17448,404,8,0,1,0,0.0001958313466384719,0.0014474490838499038,0.99,0.7473043160209429,1
2026-01-02 07:15:00,1.17448,1.17468,1.17411,1.17411,366,8,0,1,0,8.517089540161398e-05,0.001132772908841636,0.99,0.7479942141944069,1
2026-01-02 07:30:00,1.17411,1.17412,1.17319,1.17353,571,8,0,1,0,5.112779392086183e-05,0.0006390974240113405,0.99,0.7474406991857608,1
2026-01-02 07:45:00,1.17353,1.17389,1.17319,1.1734499999999999,556,8,0,1,0,0.00011930631897399037,0.0005709659550896489,0.99,0.7474406991857608,1
2026-01-02 08:00:00,1.1734499999999999,1.17379,1.17301,1.1734499999999999,912,8,0,1,0,0.00011930631897399037,0.0005709659550896489,0.99,0.7474406991857608,1
2026-01-02 08:15:00,1.1734499999999999,1.1734499999999999,1.17237,1.17259,766,8,0,0,1,0.00034112520147703456,0.0001620344707015346,0.99,0.7463099569277062,1
2026-01-02 08:30:00,1.17259,1.17301,1.17241,1.17279,708,8,0,1,1,0.0001705335140988395,8.526675704998774e-06,0.99,0.7471142295148,1
2026-01-02 08:45:00,1.17277,1.17305,1.17254,1.17285,645,8,0,1,1,0.0001193673530289713,5.968367651448565e-05,0.99,0.7471142295148,1
2026-01-02 09:00:00,1.1728399999999999,1.17361,1.17268,1.1731,615,8,0,1,0,6.819537976308925e-05,0.0002727815190521677,0.99,0.7465937230933395,1
2026-01-02 09:15:00,1.1731,1.1737,1.17291,1.17317,633,8,0,1,0,0.0001278587076042641,0.00033243263977097303,0.99,0.7465937230933395,1
2026-01-02 09:30:00,1.17319,1.1732,1.17236,1.1728399999999999,584,8,0,1,1,0.000127894682991793,5.115787319664148e-05,0.99,0.7471142295148,1
2026-01-02 09:45:00,1.17283,1.17293,1.17204,1.1721300000000001,550,8,0,0,1,0.000409510890430273,0.00013650363014355062,0.99,0.7465637960765799,1
2026-01-02 10:00:00,1.17214,1.1722,1.17151,1.17155,549,8,0,1,1,1.7071401135170483e-05,0.00014510690964961246,0.99,0.7470608323596877,1
2026-01-02 10:15:00,1.17155,1.17176,1.17129,1.17133,510,8,0,0,0,0.00020489528996953717,0.000332954846200569,0.99,0.0,0
2026-01-02 10:30:00,1.17133,1.17183,1.17129,1.17167,547,8,0,1,1,1.706965271783777e-05,4.267413179487869e-05,0.99,0.7467995173236754,1
2026-01-02 10:45:00,1.17168,1.17232,1.17158,1.17208,508,8,0,0,1,0.0003668691556889721,9.385024912979873e-05,0.99,0.7465637960765799,1
2026-01-02 11:00:00,1.17206,1.17218,1.17171,1.17181,338,8,0,1,1,0.00013654090680224437,7.680426007622693e-05,0.99,0.7467995173236754,1
2026-01-02 11:15:00,1.1718,1.17196,1.17155,1.17196,405,8,0,0,1,0.0002645141472403584,8.532714427169454e-06,0.99,0.7465637960765799,1
2026-01-02 11:30:00,1.17195,1.17221,1.17147,1.17193,541,8,0,0,1,0.00023892211992169836,3.413173141743961e-05,0.99,0.7465637960765799,1
2026-01-02 11:45:00,1.17193,1.1722,1.17171,1.17215,466,8,0,0,1,0.00042656656571253245,0.00015356396365658745,0.99,0.7465637960765799,1
2026-01-02 12:00:00,1.1721300000000001,1.1724700000000001,1.17204,1.17236,442,8,0,0,0,0.0005373775973249756,0.00033266232215370064,0.99,0.0,0
2026-01-02 12:15:00,1.17236,1.17254,1.17222,1.1724999999999999,343,8,0,0,0,0.0004179104477612806,0.0002388059701493032,0.99,0.0,0
2026-01-02 12:30:00,1.17249,1.17267,1.17217,1.17265,391,8,0,0,1,0.00028994158529826205,0.00011086001790812559,0.99,0.7463099569277062,1
2026-01-02 12:45:00,1.17267,1.17267,1.17207,1.17234,406,8,0,0,0,0.000554446662231127,0.00031560810003922196,0.99,0.0,0
2026-01-02 13:00:00,1.17236,1.17258,1.17199,1.17243,636,8,0,0,0,0.0004776404561465451,0.0002985252850915197,0.99,0.0,0
2026-01-02 13:15:00,1.17243,1.17285,1.1721,1.17212,639,8,0,0,1,0.00040098283452203733,0.00012797324506031335,0.99,0.7465637960765799,1
2026-01-02 13:30:00,1.17209,1.17226,1.1718,1.17193,661,8,0,0,1,0.00023892211992169836,3.413173141743961e-05,0.99,0.7465637960765799,1
2026-01-02 13:45:00,1.17193,1.17231,1.17179,1.17212,651,8,0,0,1,0.00040098283452203733,0.00012797324506031335,0.99,0.7465637960765799,1
2026-01-02 14:00:00,1.17215,1.17232,1.17187,1.17199,582,8,0,0,1,0.00029010486437598183,1.7064992022228023e-05,0.99,0.7465637960765799,1
2026-01-02 14:15:00,1.172,1.1727,1.17155,1.17262,607,8,0,0,1,0.0003155327386535975,0.00013644658968799608,0.99,0.7463099569277062,1
2026-01-02 14:30:00,1.17262,1.17287,1.17244,1.17257,748,8,0,0,1,0.0003581875708913643,0.00017909378544568214,0.99,0.7463099569277062,1
2026-01-02 14:45:00,1.17257,1.17299,1.1724700000000001,1.17281,695,8,0,1,1,0.00015347754538251636,2.5579590897054506e-05,0.99,0.7471142295148,1
2026-01-02 15:00:00,1.17281,1.17365,1.17278,1.17336,739,8,0,1,0,0.0001960182723119524,0.0004943069475693947,0.99,0.7474406991857608,1
2026-01-02 15:15:00,1.17336,1.17372,1.17313,1.17347,640,8,0,1,0,0.00010226081621166111,0.000587999693217619,0.99,0.7474406991857608,1
2026-01-02 15:30:00,1.17346,1.17417,1.17326,1.17384,830,8,0,0,0,0.00021297621481640043,0.0009030191508212882,0.99,0.0,0
2026-01-02 15:45:00,1.17385,1.17517,1.17375,1.17503,1307,8,0,0,0,0.0002468022093053994,0.0019148447273687355,0.99,0.0,0
2026-01-02 16:00:00,1.1750099999999999,1.1754,1.1743999999999999,1.1743999999999999,983,8,0,1,0,0.00012772479564021838,0.001379427792915493,0.99,0.7473043160209429,1
2026-01-02 16:15:00,1.1743999999999999,1.17458,1.17413,1.17441,639,8,0,1,0,0.0001362386219462862,0.0013879309610783461,0.99,0.7473043160209429,1
2026-01-02 16:30:00,1.17441,1.17459,1.1737,1.17374,544,8,0,1,0,0.00012779661594569027,0.0008178983420519637,0.99,0.7474406991857608,1
2026-01-02 16:45:00,1.17374,1.17378,1.17338,1.17371,540,8,0,1,0,0.00010223990593938878,0.0007923592710295536,0.99,0.7474406991857608,1
2026-01-02 17:00:00,1.17371,1.17374,1.17316,1.17339,527,8,0,1,0,0.0001704463136723323,0.0005198612567006702,0.99,0.7474406991857608,1
2026-01-02 17:15:00,1.17338,1.1736,1.1730800000000001,1.17334,450,8,0,0,0,0.00021306697121027275,0.0004772700155113743,0.99,0.0,0
2026-01-02 17:30:00,1.1733500000000001,1.17365,1.17323,1.1733500000000001,433,8,0,0,0,0.00020454254911134436,0.0004857885541400106,0.99,0.0,0
2026-01-02 17:45:00,1.17336,1.17353,1.17281,1.17305,508,8,0,1,0,2.557435744424747e-05,0.0002301692169984165,0.99,0.7465937230933395,1
2026-01-02 18:00:00,1.17305,1.1731,1.17243,1.1724999999999999,389,8,0,0,0,0.0004179104477612806,0.0002388059701493032,0.99,0.0,0
2026-01-02 18:15:00,1.1724999999999999,1.17266,1.17226,1.17231,430,8,0,0,0,0.0005629910177341172,0.00029002567580248143,0.99,0.0,0
2026-01-02 18:30:00,1.17231,1.17231,1.17163,1.17168,544,8,0,1,1,2.5604260548933575e-05,3.413901406530793e-05,0.99,0.7467995173236754,1
2026-01-02 18:45:00,1.17168,1.17196,1.17148,1.17188,477,8,0,1,1,0.00019626582926575455,7.67996723213328e-05,0.99,0.7465637960765799,1
2026-01-02 19:00:00,1.1718899999999999,1.1718899999999999,1.17143,1.17167,494,8,0,1,1,1.706965271783777e-05,4.267413179487869e-05,0.99,0.7467995173236754,1
2026-01-02 19:15:00,1.17168,1.17181,1.17146,1.17163,345,8,0,1,1,1.707023548401033e-05,7.681605967766746e-05,0.99,0.7467995173236754,1
2026-01-02 19:30:00,1.17163,1.17173,1.17139,1.17168,363,8,0,1,1,2.5604260548933575e-05,3.413901406530793e-05,0.99,0.7467995173236754,1
2026-01-02 19:45:00,1.1717,1.17238,1.17169,1.17227,388,8,0,0,0,0.0005288883960178482,0.0002559137400086729,0.99,0.0,0
2026-01-02 20:00:00,1.17229,1.17234,1.17149,1.1718,518,8,0,1,1,0.00012800819252421273,6.827103601285029e-05,0.99,0.7467995173236754,1
2026-01-02 20:15:00,1.1718,1.17211,1.17179,1.17207,372,8,0,0,1,0.00035834037216195703,8.531913622905542e-05,0.99,0.7465637960765799,1
2026-01-02 20:30:00,1.17207,1.17218,1.17178,1.17181,330,8,0,1,1,0.00013654090680224437,7.680426007622693e-05,0.99,0.7467995173236754,1
2026-01-02 20:45:00,1.17181,1.1718899999999999,1.1715200000000001,1.17174,312,8,0,1,1,7.680884837926799e-05,1.7068632973107498e-05,0.99,0.7467995173236754,1
2026-01-02 21:00:00,1.17172,1.17224,1.17167,1.17207,221,8,0,0,1,0.00035834037216195703,8.531913622905542e-05,0.99,0.7465637960765799,1
2026-01-02 21:15:00,1.17208,1.17215,1.17197,1.17209,156,8,0,0,1,0.0003753977936847818,0.00010238121645958929,0.99,0.7465637960765799,1
2026-01-02 21:30:00,1.17212,1.17228,1.17182,1.17187,236,8,0,1,1,0.00018773413433221002,8.533369742376628e-05,0.99,0.7465637960765799,1
2026-01-02 21:45:00,1.17187,1.1721300000000001,1.17172,1.17196,302,8,0,0,1,0.0002645141472403584,8.532714427169454e-06,0.99,0.7465637960765799,1
2026-01-04 22:00:00,1.17224,1.1724,1.1718899999999999,1.17207,56,48,0,0,1,0.00035834037216195703,8.531913622905542e-05,0.99,0.7465637960765799,1
2026-01-04 22:15:00,1.17207,1.17218,1.17203,1.17211,66,48,0,0,1,0.00039245463309749504,0.00011944271442102618,0.99,0.7465637960765799,1
2026-01-04 22:30:00,1.17211,1.17211,1.17181,1.1718899999999999,127,48,0,0,1,0.0002047973785933799,6.826579286458628e-05,0.99,0.7465637960765799,1
2026-01-04 22:45:00,1.1718899999999999,1.17196,1.17093,1.17118,183,48,0,0,0,0.0003329974897111378,0.00046107344729246137,0.99,0.0,0
2026-01-04 23:00:00,1.17119,1.17126,1.16985,1.17114,555,8,0,0,0,0.00036716361835470603,0.0004952439503390072,0.99,0.0,0
2026-01-04 23:15:00,1.17115,1.1712500000000001,1.17083,1.17087,312,8,0,0,0,0.000597846046102405,0.0005893053883010747,0.99,0.0,0
2026-01-04 23:30:00,1.17087,1.17087,1.17025,1.17039,341,8,0,0,1,0.0009740342962603413,0.00017942737036376205,0.99,0.747195688364286,1
2026-01-04 23:45:00,1.17038,1.17078,1.17011,1.17048,448,8,0,0,0,0.0009312418836716864,0.00025630510559767526,0.99,0.0,0
2026-01-05 00:00:00,1.1705,1.17098,1.17039,1.17078,766,8,0,0,0,0.000674763832658628,0.0005124788602469584,0.99,0.0,0
2026-01-05 00:15:00,1.17078,1.17107,1.17053,1.17072,507,8,0,0,0,0.0007260489271559531,0.0004612546125461126,0.99,0.0,0
2026-01-05 00:30:00,1.17072,1.17099,1.17047,1.1706699999999999,416,8,0,0,0,0.0007687905216671846,0.00041856372846308477,0.99,0.0,0
2026-01-05 00:45:00,1.17068,1.17081,1.17032,1.17047,417,8,0,0,0,0.0009397934163200262,0.00024776371884789995,0.99,0.0,0
2026-01-05 01:00:00,1.17045,1.17063,1.17,1.17032,690,8,0,0,1,0.0009142798550824786,0.00011962540159958728,0.99,0.747195688364286,1
2026-01-05 01:15:00,1.17032,1.17069,1.17012,1.17018,517,8,0,0,1,0.000794749525714076,0.0,0.99,0.747195688364286,1
2026-01-05 01:30:00,1.17018,1.17054,1.17012,1.17052,428,8,0,0,0,0.0008970372142295692,0.0002904691931791058,0.99,0.0,0
2026-01-05 01:45:00,1.17052,1.17056,1.16992,1.17002,454,8,0,0,1,0.0006581084084034114,4.273431223387931e-05,0.99,0.7481765338352446,1
2026-01-05 02:00:00,1.17002,1.17015,1.1694,1.1697,507,8,0,0,0,0.0003847140292383188,0.0003163204240403364,0.99,0.0,0
2026-01-05 02:15:00,1.16972,1.16985,1.16907,1.16926,418,8,0,1,0,8.552417768559185e-06,0.0006927458392487363,0.99,0.7473251023690077,1
2026-01-05 02:30:00,1.16926,1.16939,1.16839,1.16851,541,8,0,0,1,0.00028241093358203305,0.00019683186279959304,0.99,0.746807676305854,1
2026-01-05 02:45:00,1.16851,1.16887,1.16836,1.16885,443,8,0,0,0,0.0003422167087307661,0.0004876588099413607,0.99,0.0,0
2026-01-05 03:00:00,1.16883,1.16904,1.16821,1.16825,507,8,0,1,1,5.991868178901305e-05,2.5679435052407012e-05,0.99,0.746807676305854,1
2026-01-05 03:15:00,1.16826,1.16834,1.1672,1.16734,512,8,0,1,0,8.566484486152717e-06,0.0004197577398186299,0.99,0.7470809035987855,1
2026-01-05 03:30:00,1.16732,1.1676,1.16719,1.16751,450,8,0,1,0,0.0,0.0002740875881147707,0.99,0.7469059874569373,1
2026-01-05 03:45:00,1.16751,1.16779,1.16741,1.16747,248,8,0,1,0,3.42621223672043e-05,0.00030835910130445833,0.99,0.7469059874569373,1
2026-01-05 04:00:00,1.16748,1.16777,1.16739,1.16755,363,8,0,1,0,3.425977474201533e-05,0.00023981842319372696,0.99,0.7469059874569373,1
2026-01-05 04:15:00,1.16755,1.1678,1.16738,1.16738,247,8,0,1,0,4.283095478773451e-05,0.00038547859308865954,0.99,0.7470809035987855,1
2026-01-05 04:30:00,1.16738,1.16794,1.16728,1.1678600000000001,337,8,0,0,1,0.00027400544585813016,2.568801054937795e-05,0.99,0.7472396351771357,1
2026-01-05 04:45:00,1.1678600000000001,1.16827,1.1678600000000001,1.16816,328,8,0,1,1,1.712094233658829e-05,2.5681413504977475e-05,0.99,0.746712739456123,1
2026-01-05 05:00:00,1.16816,1.16822,1.168,1.16818,234,8,0,1,1,0.0,8.560324607565197e-06,0.99,0.746712739456123,1
2026-01-05 05:15:00,1.16818,1.16834,1.16809,1.16833,228,8,0,1,1,0.0001283883834191491,4.279612780644639e-05,0.99,0.746807676305854,1
2026-01-05 05:30:00,1.16832,1.16846,1.16828,1.16844,210,8,0,0,1,0.00022251891410763664,0.00013693471637391563,0.99,0.746807676305854,1
2026-01-05 05:45:00,1.16845,1.16855,1.16834,1.16849,269,8,0,0,1,0.0002652996602453016,0.00017971912468231946,0.99,0.746807676305854,1
2026-01-05 06:00:00,1.16849,1.16858,1.16778,1.16839,432,8,0,1,1,0.00017973450645764126,9.4146646239744e-05,0.99,0.746807676305854,1
2026-01-05 06:15:00,1.16838,1.16873,1.16833,1.16869,301,8,0,0,0,0.0004363860390693943,0.00035082014905579874,0.99,0.0,0
2026-01-05 06:30:00,1.1687,1.16898,1.16866,1.16897,316,8,0,0,0,0.00023952710505815883,0.0005902632231794481,0.99,0.0,0
2026-01-05 06:45:00,1.16897,1.16914,1.16885,1.16906,339,8,0,1,0,0.00016252373701941086,0.0006672027098694703,0.99,0.7473251023690077,1
2026-01-05 07:00:00,1.16906,1.16912,1.16849,1.16855,596,8,0,0,0,0.00031663172307559067,0.00023105558170381454,0.99,0.0,0
2026-01-05 07:15:00,1.16855,1.1691799999999999,1.1684,1.16898,451,8,0,0,0,0.0002309705897448994,0.0005988126400793195,0.99,0.0,0
2026-01-05 07:30:00,1.16898,1.16898,1.16841,1.1687400000000001,652,8,0,0,0,0.0004363673699880113,0.00039358625528357626,0.99,0.0,0
2026-01-05 07:45:00,1.1687400000000001,1.16905,1.1683,1.16861,607,8,0,0,0,0.0003679585148166886,0.00028238676718489615,0.99,0.0,0
2026-01-05 08:00:00,1.16859,1.1689,1.16826,1.16868,806,8,0,0,0,0.0004278331108600686,0.00034226648868805485,0.99,0.0,0
2026-01-05 08:15:00,1.16869,1.16941,1.1685699999999999,1.16938,666,8,0,1,0,0.00011117002172107057,0.000590056269133949,0.99,0.7473251023690077,1
2026-01-05 08:30:00,1.16938,1.16944,1.1682,1.16831,711,8,0,1,1,0.00011127183709799923,2.567811625336982e-05,0.99,0.746807676305854,1
2026-01-05 08:45:00,1.16831,1.16841,1.16806,1.1683,607,8,0,1,1,0.00010271334417521012,1.7118890695805e-05,0.99,0.746807676305854,1
2026-01-05 09:00:00,1.1683,1.1685699999999999,1.1676199999999999,1.16792,591,8,0,0,1,0.00022261798753333013,7.706007260783745e-05,0.99,0.7472396351771357,1
2026-01-05 09:15:00,1.16792,1.1687,1.16792,1.16817,523,8,0,1,1,8.560397887349883e-06,1.7120795774699766e-05,0.99,0.746712739456123,1
2026-01-05 09:30:00,1.1682,1.1682,1.16746,1.16753,532,8,0,1,0,1.713018080898048e-05,0.0002569527121358483,0.99,0.7469059874569373,1
2026-01-05 09:45:00,1.16756,1.16826,1.16733,1.16821,593,8,0,1,1,2.5680314327025527e-05,8.560104775738534e-06,0.99,0.7470067754608742,1
2026-01-05 10:00:00,1.16821,1.16869,1.16795,1.1685,618,8,0,0,1,0.0002738553701327325,0.00018827556696628925,0.99,0.746807676305854,1
2026-01-05 10:15:00,1.1685,1.16882,1.16819,1.16819,521,8,0,1,1,8.560251329035098e-06,0.0,0.99,0.746712739456123,1
2026-01-05 10:30:00,1.1682,1.16862,1.16805,1.1685,467,8,0,0,1,0.0002738553701327325,0.00018827556696628925,0.99,0.746807676305854,1
2026-01-05 10:45:00,1.16851,1.16896,1.16836,1.16895,575,8,0,0,0,0.00025664057487485945,0.0005731639505538718,0.99,0.0,0
2026-01-05 11:00:00,1.16894,1.16906,1.16805,1.16805,568,8,0,1,1,0.0001112966054535024,0.00011985788279613799,0.99,0.746712739456123,1
2026-01-05 11:15:00,1.16805,1.16875,1.16805,1.16816,633,8,0,1,1,1.712094233658829e-05,2.5681413504977475e-05,0.99,0.746712739456123,1
2026-01-05 11:30:00,1.16817,1.16864,1.16811,1.16848,500,8,0,0,1,0.00025674380391617054,0.0001711625359441137,0.99,0.746807676305854,1
2026-01-05 11:45:00,1.16849,1.16849,1.16798,1.16814,506,8,0,1,1,3.424247093673704e-05,4.280308867096882e-05,0.99,0.746712739456123,1
2026-01-05 12:00:00,1.16812,1.16817,1.16773,1.16802,537,8,0,1,1,0.00013698395575412919,0.00014554545298882165,0.99,0.746712739456123,1
2026-01-05 12:15:00,1.16801,1.16825,1.1678600000000001,1.16811,458,8,0,1,1,5.9925863146462656e-05,6.848670073886878e-05,0.99,0.746712739456123,1
2026-01-05 12:30:00,1.16811,1.16849,1.16766,1.1679,468,8,0,0,1,0.00023974655364334104,5.993663841083526e-05,0.99,0.7472396351771357,1
2026-01-05 12:45:00,1.16789,1.1679599999999999,1.16696,1.16705,693,8,0,1,0,8.568613169957498e-05,0.000668351827256761,0.99,0.746637719226753,1
2026-01-05 13:00:00,1.16705,1.16714,1.16604,1.16652,1058,8,0,0,0,0.0002914652127696113,0.00026574769399584445,0.99,0.0,0
2026-01-05 13:15:00,1.16652,1.16676,1.16612,1.16625,792,8,0,1,1,0.00011146838156481327,3.429796355844802e-05,0.99,0.7468712630885166,1
2026-01-05 13:30:00,1.16623,1.16654,1.16587,1.16601,841,8,0,1,1,9.433881356082238e-05,0.00012006758089555749,0.99,0.746970550711667,1
2026-01-05 13:45:00,1.16601,1.16747,1.16596,1.16742,746,8,0,1,0,7.709307704161612e-05,0.00035120179541212374,0.99,0.7470809035987855,1
2026-01-05 14:00:00,1.16745,1.16825,1.16726,1.16802,736,8,0,1,1,0.00013698395575412919,0.00014554545298882165,0.99,0.746712739456123,1
2026-01-05 14:15:00,1.16802,1.16821,1.16771,1.16782,677,8,0,0,1,0.0002654518675823607,8.562963470263796e-06,0.99,0.7472396351771357,1
2026-01-05 14:30:00,1.16783,1.16795,1.16741,1.16778,1025,8,0,0,1,0.00023120793300107252,4.281628388898891e-05,0.99,0.7472396351771357,1
2026-01-05 14:45:00,1.16777,1.16869,1.16754,1.16851,944,8,0,0,1,0.00028241093358203305,0.00019683186279959304,0.99,0.746807676305854,1
2026-01-05 15:00:00,1.16849,1.16951,1.16849,1.1694,1136,8,0,1,0,0.00012827090815811058,0.0005729433897724888,0.99,0.7473251023690077,1
2026-01-05 15:15:00,1.16939,1.16981,1.16915,1.16956,944,8,0,0,0,0.00026505694449197346,0.000436061424809339,0.99,0.0,0
2026-01-05 15:30:00,1.16954,1.16998,1.1693500000000001,1.16959,857,8,0,0,0,0.0002907001598850939,0.0004104002257201549,0.99,0.0,0
2026-01-05 15:45:00,1.16962,1.17042,1.1691799999999999,1.17041,869,8,0,0,1,0.0009911056809152774,0.00019651233328487664,0.99,0.747195688364286,1
2026-01-05 16:00:00,1.17042,1.17118,1.17036,1.17094,729,8,0,0,0,0.0005380292756246336,0.0006490511896425896,0.99,0.0,0
2026-01-05 16:15:00,1.17093,1.17109,1.17063,1.17097,719,8,0,0,0,0.0005123957061239262,0.0006404946326550026,0.99,0.0,0
2026-01-05 16:30:00,1.17098,1.17181,1.17089,1.17138,849,8,0,1,0,0.00016220184739359768,0.00029025593744131447,0.99,0.7470608323596877,1
2026-01-05 16:45:00,1.17139,1.17156,1.17116,1.17144,682,8,0,1,0,0.00011097452707775343,0.00023902205832143173,0.99,0.7470608323596877,1
2026-01-05 17:00:00,1.17143,1.17161,1.17096,1.1711,713,8,0,0,0,0.00040133208094950937,0.0005294167876356118,0.99,0.0,0
2026-01-05 17:15:00,1.17112,1.17194,1.17106,1.17171,634,8,0,1,1,5.120720997512096e-05,8.534534995916663e-06,0.99,0.7467995173236754,1
2026-01-05 17:30:00,1.17171,1.17178,1.17108,1.17113,637,8,0,0,0,0.00037570551518618424,0.0005037869408179199,0.99,0.0,0
2026-01-05 17:45:00,1.17115,1.17151,1.17109,1.17139,371,8,0,1,0,0.00015366359624042293,0.0002817165931074736,0.99,0.7470608323596877,1
2026-01-05 18:00:00,1.17139,1.17196,1.1712799999999999,1.17181,401,8,0,1,1,0.00013654090680224437,7.680426007622693e-05,0.99,0.7467995173236754,1
2026-01-05 18:15:00,1.17181,1.17201,1.17177,1.1718899999999999,390,8,0,0,1,0.0002047973785933799,6.826579286458628e-05,0.99,0.7465637960765799,1
2026-01-05 18:30:00,1.17188,1.17242,1.17188,1.17222,296,8,0,0,0,0.0004862568459845075,0.00021327054648451953,0.99,0.0,0
2026-01-05 18:45:00,1.17222,1.17251,1.17195,1.17246,408,8,0,0,0,0.00045204100779550635,0.0002729304198009961,0.99,0.0,0
2026-01-05 19:00:00,1.17248,1.17267,1.17226,1.17233,491,8,0,0,0,0.0005629814130832469,0.00030708077077285233,0.99,0.0,0
2026-01-05 19:15:00,1.17233,1.17263,1.17217,1.17251,454,8,0,0,0,0.0004093781716147717,0.00023027522153328542,0.99,0.0,0
2026-01-05 19:30:00,1.17249,1.1728399999999999,1.17243,1.17252,364,8,0,0,0,0.0004008460410056719,0.00022174461842862123,0.99,0.0,0
2026-01-05 19:45:00,1.17252,1.1728399999999999,1.17251,1.17267,376,8,0,0,1,0.0002728815438272284,9.380303069050325e-05,0.99,0.7463099569277062,1
2026-01-05 20:00:00,1.17264,1.17285,1.17258,1.17271,274,8,0,0,1,0.00023876320658991395,5.969080164747849e-05,0.99,0.7463099569277062,1
2026-01-05 20:15:00,1.17271,1.1727400000000001,1.1724,1.17246,240,8,0,0,0,0.00045204100779550635,0.0002729304198009961,0.99,0.0,0
2026-01-05 20:30:00,1.1724700000000001,1.17273,1.17246,1.17263,231,8,0,0,1,0.00030700220871026317,0.00012791758696253076,0.99,0.7463099569277062,1
2026-01-05 20:45:00,1.17263,1.17263,1.17233,1.17243,318,8,0,0,0,0.0004776404561465451,0.0002985252850915197,0.99,0.0,0
2026-01-05 21:00:00,1.17243,1.17249,1.17226,1.17241,220,8,0,0,0,0.0004947074828771718,0.0003155892563181664,0.99,0.0,0
2026-01-05 21:15:00,1.17242,1.1726,1.17211,1.17224,207,8,0,0,0,0.0005033099024089508,0.00023032826042448004,0.99,0.0,0
2026-01-05 21:30:00,1.17226,1.17233,1.17202,1.17204,154,8,0,0,1,0.0003327531483566179,5.972492406403749e-05,0.99,0.7465637960765799,1
2026-01-05 21:45:00,1.17202,1.17215,1.1718899999999999,1.17198,166,8,0,0,1,0.00028157477090047734,8.532568815223393e-06,0.99,0.7465637960765799,1
2026-01-05 22:00:00,1.1721,1.17214,1.17188,1.17206,85,8,0,0,1,0.00034981144310020085,7.678787775382277e-05,0.99,0.7465637960765799,1
2026-01-05 22:15:00,1.17205,1.17209,1.1718899999999999,1.1718899999999999,57,20,0,0,1,0.0002047973785933799,6.826579286458628e-05,0.99,0.7465637960765799,1
2026-01-05 22:30:00,1.1718899999999999,1.17206,1.17184,1.17188,75,20,0,1,1,0.00019626582926575455,7.67996723213328e-05,0.99,0.7465637960765799,1
2026-01-05 22:45:00,1.1718899999999999,1.17199,1.17182,1.17187,66,20,0,1,1,0.00018773413433221002,8.533369742376628e-05,0.99,0.7465637960765799,1
2026-01-05 23:00:00,1.1719,1.17215,1.17175,1.1718899999999999,223,8,0,0,1,0.0002047973785933799,6.826579286458628e-05,0.99,0.7465637960765799,1
2026-01-05 23:15:00,1.1718899999999999,1.17193,1.17174,1.17176,149,8,0,1,1,9.387587901945147e-05,3.413668327969717e-05,0.99,0.7467995173236754,1
2026-01-05 23:30:00,1.17176,1.17178,1.17159,1.17167,123,8,0,1,1,1.706965271783777e-05,4.267413179487869e-05,0.99,0.7467995173236754,1
2026-01-05 23:45:00,1.17167,1.17167,1.1712500000000001,1.17142,167,8,0,1,0,0.00012804971743703755,0.0002560994348740751,0.99,0.7470608323596877,1
2026-01-06 00:00:00,1.17143,1.17167,1.17136,1.17146,214,8,0,1,0,9.389991975829691e-05,0.0002219452648832645,0.99,0.7470608323596877,1
2026-01-06 00:15:00,1.17146,1.17165,1.17121,1.17124,243,8,0,0,0,0.00028175267238135775,0.0004098220689184419,0.99,0.0,0
2026-01-06 00:30:00,1.17124,1.17135,1.17104,1.17124,215,8,0,0,0,0.00028175267238135775,0.0004098220689184419,0.99,0.0,0
2026-01-06 00:45:00,1.17124,1.17168,1.17112,1.17163,362,8,0,1,1,1.707023548401033e-05,7.681605967766746e-05,0.99,0.7467995173236754,1
2026-01-06 01:00:00,1.17164,1.17201,1.17121,1.17134,534,8,0,1,0,0.00019635630986729083,0.0003244147728243268,0.99,0.7470608323596877,1
2026-01-06 01:15:00,1.17134,1.1716199999999999,1.17117,1.17148,352,8,0,1,0,7.682589544842718e-05,0.0002048690545293287,0.99,0.7470608323596877,1
2026-01-06 01:30:00,1.17148,1.17208,1.17143,1.172,360,8,0,0,1,0.00029863481228656184,2.5597269624551617e-05,0.99,0.7465637960765799,1
2026-01-06 01:45:00,1.172,1.1724999999999999,1.17199,1.1724999999999999,418,8,0,0,0,0.0004179104477612806,0.0002388059701493032,0.99,0.0,0
2026-01-06 02:00:00,1.1724999999999999,1.17276,1.17224,1.17229,365,8,0,0,0,0.0005459399977820965,0.00027296999889114295,0.99,0.0,0
2026-01-06 02:15:00,1.17229,1.1724700000000001,1.17217,1.17233,268,8,0,0,0,0.0005629814130832469,0.00030708077077285233,0.99,0.0,0
2026-01-06 02:30:00,1.17233,1.17279,1.17232,1.17273,291,8,0,0,1,0.00022170491076371112,4.263555976216475e-05,0.99,0.7463099569277062,1
2026-01-06 02:45:00,1.1727400000000001,1.17375,1.17272,1.1736900000000001,474,8,0,1,0,8.520137344631974e-05,0.000775332498360034,0.99,0.7474406991857608,1
2026-01-06 03:00:00,1.17367,1.17378,1.17321,1.17325,335,8,0,1,0,0.00019603665033023863,0.00040059663328358873,0.99,0.7465937230933395,1
2026-01-06 03:15:00,1.17325,1.17366,1.17325,1.17344,315,8,0,1,0,0.00012782928824641435,0.0005624488682847909,0.99,0.7474406991857608,1
2026-01-06 03:30:00,1.17344,1.17377,1.1733500000000001,1.17365,267,8,0,1,0,5.112256635297663e-05,0.0007412772121161746,0.99,0.7474406991857608,1
2026-01-06 03:45:00,1.17365,1.17372,1.17338,1.17342,232,8,0,1,0,0.00014487566259310688,0.000545414259174016,0.99,0.7474406991857608,1
2026-01-06 04:00:00,1.17344,1.1734499999999999,1.17323,1.17331,222,8,0,0,0,0.00023864110934010272,0.0004517135283941511,0.99,0.0,0
2026-01-06 04:15:00,1.17331,1.17346,1.17316,1.17323,190,8,0,1,0,0.0001789930363185765,0.00038355650639692256,0.99,0.7465937230933395,1
2026-01-06 04:30:00,1.17323,1.17354,1.17317,1.17329,183,8,0,0,0,0.0002301221351924865,0.0004346751442524955,0.99,0.0,0
2026-01-06 04:45:00,1.17329,1.17338,1.1731,1.17334,219,8,0,0,0,0.00021306697121027275,0.0004772700155113743,0.99,0.0,0
2026-01-06 05:00:00,1.17332,1.17364,1.17326,1.17363,242,8,0,1,0,3.408229169332754e-05,0.0007242486984825008,0.99,0.7474406991857608,1
2026-01-06 05:15:00,1.17363,1.17366,1.17348,1.1736,206,8,0,1,0,8.520790729435508e-06,0.0006987048398091709,0.99,0.7474406991857608,1
2026-01-06 05:30:00,1.17362,1.17367,1.17325,1.17325,228,8,0,1,0,0.00019603665033023863,0.00040059663328358873,0.99,0.7465937230933395,1
2026-01-06 05:45:00,1.17325,1.17333,1.17271,1.1728399999999999,384,8,0,1,1,0.000127894682991793,5.115787319664148e-05,0.99,0.7471142295148,1
2026-01-06 06:00:00,1.17285,1.17323,1.17285,1.17316,366,8,0,1,0,0.00011933581097210014,0.00032391148692424476,0.99,0.7465937230933395,1
2026-01-06 06:15:00,1.17316,1.17349,1.17307,1.17346,343,8,0,1,0,0.00011078349496358077,0.000579482896732751,0.99,0.7474406991857608,1
2026-01-06 06:30:00,1.17347,1.17362,1.17336,1.17339,299,8,0,1,0,0.0001704463136723323,0.0005198612567006702,0.99,0.7474406991857608,1
2026-01-06 06:45:00,1.17339,1.17368,1.17338,1.1736,275,8,0,1,0,8.520790729435508e-06,0.0006987048398091709,0.99,0.7474406991857608,1
2026-01-06 07:00:00,1.17359,1.17425,1.17359,1.17373,568,8,0,1,0,0.00011927785776969916,0.0008093854634370821,0.99,0.7474406991857608,1
2026-01-06 07:15:00,1.17375,1.17378,1.17325,1.17343,430,8,0,1,0,0.00013635240278494498,0.0005539316363140873,0.99,0.7474406991857608,1
2026-01-06 07:30:00,1.17342,1.17389,1.1733500000000001,1.1736,411,8,0,1,0,8.520790729435508e-06,0.0006987048398091709,0.99,0.7474406991857608,1
2026-01-06 07:45:00,1.17352,1.17365,1.17257,1.17289,614,8,0,1,1,8.525948724943429e-05,9.378543597443452e-05,0.99,0.7471142295148,1
2026-01-06 08:00:00,1.17287,1.17348,1.17268,1.17331,757,8,0,0,0,0.00023864110934010272,0.0004517135283941511,0.99,0.0,0
2026-01-06 08:15:00,1.17333,1.17386,1.17271,1.17277,856,8,0,1,1,0.00018759006454793943,8.526821115686339e-06,0.99,0.7471142295148,1
2026-01-06 08:30:00,1.17277,1.173,1.17255,1.17268,613,8,0,0,1,0.0002643517413105301,8.527475526144301e-05,0.99,0.7463099569277062,1
2026-01-06 08:45:00,1.17268,1.17324,1.17259,1.17281,538,8,0,1,1,0.00015347754538251636,2.5579590897054506e-05,0.99,0.7471142295148,1
2026-01-06 09:00:00,1.1728,1.17287,1.1717,1.17179,878,8,0,1,1,0.00011947533261081677,5.9737666305408384e-05,0.99,0.7467995173236754,1
2026-01-06 09:15:00,1.17178,1.1718600000000001,1.1709100000000001,1.17115,695,8,0,0,0,0.0003586218673953695,0.0004867011057509128,0.99,0.0,0
2026-01-06 09:30:00,1.17115,1.17142,1.17075,1.17133,586,8,0,0,0,0.00020489528996953717,0.000332954846200569,0.99,0.0,0
2026-01-06 09:45:00,1.17134,1.17182,1.17126,1.17126,694,8,0,0,0,0.0002646722333214081,0.00039273944299312446,0.99,0.0,0
2026-01-06 10:00:00,1.17131,1.17155,1.17095,1.17106,566,8,0,0,0,0.0004355028777347108,0.0005635919594214685,0.99,0.0,0
2026-01-06 10:15:00,1.17108,1.17158,1.17078,1.17143,548,8,0,1,0,0.0001195120493755743,0.0002475606737066009,0.99,0.7470608323596877,1
2026-01-06 10:30:00,1.17143,1.17168,1.17117,1.17119,463,8,0,0,0,0.0003244563222022447,0.0004525311862295114,0.99,0.0,0
2026-01-06 10:45:00,1.1712,1.17141,1.17104,1.1712500000000001,400,8,0,0,0,0.0002732123799358599,0.0004012806830309246,0.99,0.0,0
2026-01-06 11:00:00,1.17123,1.1712799999999999,1.17048,1.1707,479,8,0,0,0,0.0007431451268471225,0.0004441786965064286,0.99,0.0,0
2026-01-06 11:15:00,1.1707,1.17098,1.17046,1.17085,484,8,0,0,0,0.000614937865653204,0.000572233847204978,0.99,0.0,0
2026-01-06 11:30:00,1.17086,1.17107,1.17069,1.17084,381,8,0,0,0,0.0006234839943970972,0.0005636978579482294,0.99,0.0,0
2026-01-06 11:45:00,1.17084,1.17095,1.17047,1.17059,418,8,0,0,0,0.0008371846675607863,0.0003502507282652521,0.99,0.0,0
2026-01-06 12:00:00,1.17058,1.17117,1.17058,1.17116,393,8,0,0,0,0.00035008026230405875,0.00047815840704952013,0.99,0.0,0
2026-01-06 12:15:00,1.17115,1.1712,1.17058,1.1706,460,8,0,0,0,0.0008286348880915046,0.00035879036391601483,0.99,0.0,0
2026-01-06 12:30:00,1.17058,1.17073,1.16987,1.1702,572,8,0,0,1,0.0008118270381131486,1.7091095539146282e-05,0.99,0.747195688364286,1
2026-01-06 12:45:00,1.1702,1.17043,1.1696900000000001,1.17013,545,8,0,0,1,0.0007520531906711152,4.273029492458575e-05,0.99,0.747195688364286,1
2026-01-06 13:00:00,1.17014,1.1709,1.1697,1.1707,862,8,0,0,0,0.0007431451268471225,0.0004441786965064286,0.99,0.0,0
2026-01-06 13:15:00,1.17071,1.17086,1.17033,1.17066,743,8,0,0,0,0.0007773392786974582,0.00041002511403826554,0.99,0.0,0
2026-01-06 13:30:00,1.17066,1.17131,1.17055,1.1710099999999999,649,8,0,0,0,0.00047821965653591005,0.0006063142073937973,0.99,0.0,0
2026-01-06 13:45:00,1.1710099999999999,1.17121,1.17045,1.17105,681,8,0,0,0,0.0004440459416763383,0.0005721361171599595,0.99,0.0,0
2026-01-06 14:00:00,1.17105,1.17172,1.17105,1.17135,608,8,0,1,0,0.00018781747556247835,0.00031587484526418536,0.99,0.7470608323596877,1
2026-01-06 14:15:00,1.17135,1.17137,1.17021,1.17052,759,8,0,0,0,0.0008970372142295692,0.0002904691931791058,0.99,0.0,0
2026-01-06 14:30:00,1.17052,1.17093,1.16988,1.17078,786,8,0,0,0,0.000674763832658628,0.0005124788602469584,0.99,0.0,0
2026-01-06 14:45:00,1.17084,1.17139,1.17061,1.17087,965,8,0,0,0,0.000597846046102405,0.0005893053883010747,0.99,0.0,0
2026-01-06 15:00:00,1.17084,1.17087,1.16948,1.16959,1124,8,0,0,0,0.0002907001598850939,0.0004104002257201549,0.99,0.0,0
2026-01-06 15:15:00,1.16957,1.16975,1.16875,1.16893,1133,8,0,0,0,0.0002737546303028205,0.0005560640928028534,0.99,0.0,0
2026-01-06 15:30:00,1.16892,1.16913,1.16836,1.1691,1014,8,0,1,0,0.00012830382345382983,0.0007013942348815695,0.99,0.7473251023690077,1
2026-01-06 15:45:00,1.1691,1.16959,1.1687,1.16949,987,8,0,0,0,0.0002052176589795706,0.0004959426758672798,0.99,0.0,0
2026-01-06 16:00:00,1.16949,1.16978,1.16855,1.16914,729,8,0,1,0,9.40862514325337e-05,0.0007355834202919093,0.99,0.7473251023690077,1
2026-01-06 16:15:00,1.16916,1.16928,1.16865,1.1687,668,8,0,0,0,0.00044493882091218954,0.0003593736630444827,0.99,0.0,0
2026-01-06 16:30:00,1.16869,1.1691,1.16858,1.16882,693,8,0,0,0,0.0003678924043051372,0.0004620044147088388,0.99,0.0,0
2026-01-06 16:45:00,1.16882,1.16913,1.16856,1.1688,538,8,0,0,0,0.00038501026694031434,0.0004449007529090314,0.99,0.0,0
2026-01-06 17:00:00,1.16877,1.1693,1.16867,1.16921,541,8,0,1,0,3.4211134013409014e-05,0.0007355393812915223,0.99,0.7473251023690077,1
2026-01-06 17:15:00,1.16923,1.16957,1.16913,1.16936,462,8,0,1,0,9.406855031816934e-05,0.0006071697338715096,0.99,0.7473251023690077,1
2026-01-06 17:30:00,1.16936,1.16958,1.1692,1.16954,370,8,0,0,0,0.0002479607367000047,0.0004531696222445743,0.99,0.0,0
2026-01-06 17:45:00,1.16954,1.17004,1.16948,1.17002,412,8,0,0,1,0.0006581084084034114,4.273431223387931e-05,0.99,0.7481765338352446,1
2026-01-06 18:00:00,1.17002,1.17018,1.16951,1.16989,466,8,0,0,1,0.000547059979998287,0.00015386061937434028,0.99,0.7481765338352446,1
2026-01-06 18:15:00,1.16989,1.17009,1.16932,1.16946,453,8,0,1,0,0.00017957005797551305,0.0005216082636430485,0.99,0.7473251023690077,1
2026-01-06 18:30:00,1.16946,1.16946,1.16906,1.16933,452,8,0,1,0,6.841524633771477e-05,0.000632841028623197,0.99,0.7473251023690077,1
2026-01-06 18:45:00,1.16934,1.16939,1.16866,1.16877,580,8,0,0,0,0.00041068815934684657,0.0004192441626668219,0.99,0.0,0
2026-01-06 19:00:00,1.16877,1.16901,1.16838,1.16862,572,8,0,0,0,0.0003765124676969382,0.0002909414523112791,0.99,0.0,0
2026-01-06 19:15:00,1.16863,1.16879,1.16844,1.16848,371,8,0,0,1,0.00025674380391617054,0.0001711625359441137,0.99,0.746807676305854,1
2026-01-06 19:30:00,1.16848,1.1687,1.16835,1.16855,386,8,0,0,0,0.00031663172307559067,0.00023105558170381454,0.99,0.0,0
2026-01-06 19:45:00,1.1685699999999999,1.16906,1.16838,1.16893,480,8,0,0,0,0.0002737546303028205,0.0005560640928028534,0.99,0.0,0
2026-01-06 20:00:00,1.16892,1.1692,1.16891,1.16893,314,8,0,0,0,0.0002737546303028205,0.0005560640928028534,0.99,0.0,0
2026-01-06 20:15:00,1.16894,1.16912,1.16883,1.16894,248,8,0,0,0,0.000265197529385435,0.0005646140948210387,0.99,0.0,0
2026-01-06 20:30:00,1.16893,1.16928,1.16885,1.16925,306,8,0,1,0,0.0,0.000701304254864266,0.99,0.7473251023690077,1
2026-01-06 20:45:00,1.16925,1.16928,1.16863,1.16867,325,8,0,0,0,0.000419280036280645,0.0003337126819376834,0.99,0.0,0
2026-01-06 21:00:00,1.16867,1.1688,1.16851,1.16867,228,8,0,0,0,0.000419280036280645,0.0003337126819376834,0.99,0.0,0
2026-01-06 21:15:00,1.16866,1.16885,1.16842,1.16848,202,8,0,0,1,0.00025674380391617054,0.0001711625359441137,0.99,0.746807676305854,1
2026-01-06 21:30:00,1.16849,1.1687400000000001,1.16846,1.16869,165,8,0,0,0,0.0004363860390693943,0.00035082014905579874,0.99,0.0,0
2026-01-06 21:45:00,1.16869,1.16882,1.16862,1.16875,231,8,0,0,0,0.00042780748663096897,0.0004021390374331298,0.99,0.0,0
2026-01-06 22:00:00,1.1687400000000001,1.1687400000000001,1.16839,1.1685699999999999,80,20,0,0,0,0.00033374123929237484,0.00024816656255072564,0.99,0.0,0
2026-01-06 22:15:00,1.16855,1.16861,1.16846,1.16858,94,48,0,0,0,0.0003422957777815434,0.0002567218333361575,0.99,0.0,0
2026-01-06 22:30:00,1.16855,1.16866,1.1685,1.1685,97,48,0,0,1,0.0002738553701327325,0.00018827556696628925,0.99,0.746807676305854,1
2026-01-06 22:45:00,1.1685,1.1688,1.1685,1.1688,184,8,0,0,0,0.00038501026694031434,0.0004449007529090314,0.99,0.0,0
2026-01-06 23:00:00,1.16881,1.16895,1.16871,1.1688,127,8,0,0,0,0.00038501026694031434,0.0004449007529090314,0.99,0.0,0
2026-01-06 23:15:00,1.1688,1.16901,1.16876,1.16894,95,8,0,0,0,0.000265197529385435,0.0005646140948210387,0.99,0.0,0
2026-01-06 23:30:00,1.16894,1.16898,1.1688399999999999,1.16885,103,8,0,0,0,0.0003422167087307661,0.0004876588099413607,0.99,0.0,0
2026-01-06 23:45:00,1.16885,1.16885,1.16864,1.16869,143,8,0,0,0,0.0004363860390693943,0.00035082014905579874,0.99,0.0,0
2026-01-07 00:00:00,1.1687,1.16893,1.16849,1.16864,291,8,0,0,0,0.0003936199342825036,0.00030805038335151626,0.99,0.0,0
2026-01-07 00:15:00,1.16865,1.16883,1.16858,1.16864,255,8,0,0,0,0.0003936199342825036,0.00030805038335151626,0.99,0.0,0
2026-01-07 00:30:00,1.16864,1.16937,1.16856,1.16906,493,8,0,1,0,0.00016252373701941086,0.0006672027098694703,0.99,0.7473251023690077,1
2026-01-07 00:45:00,1.16906,1.16917,1.16891,1.16915,336,8,0,1,0,8.553222426548262e-05,0.0007441303511097177,0.99,0.7473251023690077,1
2026-01-07 01:00:00,1.16913,1.16941,1.16904,1.16915,354,8,0,1,0,8.553222426548262e-05,0.0007441303511097177,0.99,0.7473251023690077,1
2026-01-07 01:15:00,1.16916,1.1692,1.16895,1.1690800000000001,254,8,0,1,0,0.00014541348752846803,0.0006842987648408439,0.99,0.7473251023690077,1
2026-01-07 01:30:00,1.1691,1.1698,1.16905,1.16976,330,8,0,0,0,0.0004359868691013631,0.00026501162631653715,0.99,0.0,0
2026-01-07 01:45:00,1.16976,1.17001,1.16943,1.16955,417,8,0,0,0,0.00025650891368491214,0.000444615450386776,0.99,0.0,0
2026-01-07 02:00:00,1.16955,1.17023,1.16949,1.16998,450,8,0,0,1,0.0006239422896118903,7.692439186988109e-05,0.99,0.7481765338352446,1
2026-01-07 02:15:00,1.17,1.17011,1.16959,1.1697,237,8,0,0,0,0.0003847140292383188,0.0003163204240403364,0.99,0.0,0
2026-01-07 02:30:00,1.1697,1.16985,1.16951,1.16974,207,8,0,0,0,0.00041889650691615357,0.0002821139740454643,0.99,0.0,0
2026-01-07 02:45:00,1.16975,1.16978,1.16949,1.1696,259,8,0,0,0,0.0002992476060192138,0.0004018467852256929,0.99,0.0,0
2026-01-07 03:00:00,1.1696,1.16994,1.16957,1.16977,257,8,0,0,0,0.0004445318310437744,0.00025646067175595796,0.99,0.0,0
2026-01-07 03:15:00,1.16977,1.16998,1.1696900000000001,1.16981,238,8,0,0,0,0.00047871021789873224,0.00022225831545287435,0.99,0.0,0
2026-01-07 03:30:00,1.16981,1.16995,1.16976,1.16978,186,8,0,0,0,0.0004530766468909893,0.0002479098633930324,0.99,0.0,0
2026-01-07 03:45:00,1.16978,1.16992,1.16973,1.16981,223,8,0,0,0,0.00047871021789873224,0.00022225831545287435,0.99,0.0,0
2026-01-07 04:00:00,1.16981,1.17018,1.16981,1.16994,318,8,0,0,1,0.0005897738345556861,0.0001111168094089983,0.99,0.7481765338352446,1
2026-01-07 04:15:00,1.16994,1.16996,1.16943,1.1694499999999999,349,8,0,1,0,0.00017102056522294925,0.0005301637521912566,0.99,0.7473251023690077,1
2026-01-07 04:30:00,1.1694499999999999,1.16967,1.16932,1.16963,250,8,0,0,0,0.00032488906748291934,0.0003761873412959619,0.99,0.0,0
2026-01-07 04:45:00,1.16963,1.16965,1.16905,1.16909,241,8,0,1,0,0.00013685858231610737,0.0006928465729755429,0.99,0.7473251023690077,1
2026-01-07 05:00:00,1.16909,1.16937,1.16904,1.16919,307,8,0,1,0,5.1317578836586854e-05,0.0007526578229372403,0.99,0.7473251023690077,1
2026-01-07 05:15:00,1.1691799999999999,1.16936,1.16916,1.16922,204,8,0,1,0,2.5658131061711648e-05,0.000726980380082463,0.99,0.7473251023690077,1
2026-01-07 05:30:00,1.16922,1.16931,1.16907,1.16911,248,8,0,1,0,0.00011974921093806993,0.0007099417505624863,0.99,0.7473251023690077,1
2026-01-07 05:45:00,1.16911,1.1694,1.16906,1.16926,240,8,0,1,0,8.552417768559185e-06,0.0006927458392487363,0.99,0.7473251023690077,1
2026-01-07 06:00:00,1.16925,1.16936,1.16916,1.16925,193,8,0,1,0,0.0,0.000701304254864266,0.99,0.7473251023690077,1
2026-01-07 06:15:00,1.16925,1.16951,1.16922,1.16949,222,8,0,0,0,0.0002052176589795706,0.0004959426758672798,0.99,0.0,0
2026-01-07 06:30:00,1.1695,1.16957,1.16926,1.16936,294,8,0,1,0,9.406855031816934e-05,0.0006071697338715096,0.99,0.7473251023690077,1
2026-01-07 06:45:00,1.16936,1.16994,1.16933,1.16972,339,8,0,0,0,0.0004018055603051948,0.00029921690661000104,0.99,0.0,0
2026-01-07 07:00:00,1.1697,1.16986,1.16942,1.16942,480,8,0,1,0,0.0001453712096594923,0.0005558310957569047,0.99,0.7473251023690077,1
2026-01-07 07:15:00,1.16942,1.16942,1.16902,1.16907,458,8,0,1,0,0.0001539685390950473,0.0006757508104733407,0.99,0.7473251023690077,1
2026-01-07 07:30:00,1.16906,1.16907,1.16814,1.16868,647,8,0,0,0,0.0004278331108600686,0.00034226648868805485,0.99,0.0,0
2026-01-07 07:45:00,1.16864,1.16872,1.16782,1.1682299999999999,684,8,0,1,1,4.2799791136919507e-05,2.5679874682189717e-05,0.99,0.7470067754608742,1
2026-01-07 08:00:00,1.16822,1.1684,1.1676,1.16765,739,8,0,1,1,0.00011989894232006936,0.00015415578298278332,0.99,0.7472396351771357,1
2026-01-07 08:15:00,1.16765,1.168,1.1672500000000001,1.16749,645,8,0,1,0,1.713076771546739e-05,0.0002912230511610438,0.99,0.7469059874569373,1
2026-01-07 08:30:00,1.16751,1.16839,1.1675,1.16808,598,8,0,1,1,8.561057461816741e-05,9.417163208004118e-05,0.99,0.746712739456123,1
2026-01-07 08:45:00,1.16808,1.16869,1.16803,1.16854,505,8,0,0,0,0.0003080767453402673,0.00022249987163462694,0.99,0.0,0
2026-01-07 09:00:00,1.16853,1.16867,1.16816,1.16835,553,8,0,1,1,0.00014550434373261734,5.991355330167715e-05,0.99,0.746807676305854,1
2026-01-07 09:15:00,1.16835,1.16841,1.1681,1.1684,373,8,0,1,1,0.0001882916809312812,0.00010270455323529613,0.99,0.746807676305854,1
2026-01-07 09:30:00,1.16842,1.16866,1.1681,1.16853,402,8,0,0,0,0.00029952162118223105,0.0002139440151301922,0.99,0.0,0
2026-01-07 09:45:00,1.16852,1.16865,1.16826,1.1684,481,8,0,1,1,0.0001882916809312812,0.00010270455323529613,0.99,0.746807676305854,1
2026-01-07 10:00:00,1.16839,1.1689,1.16829,1.16879,581,8,0,0,0,0.00039356941794497293,0.0004363487025043083,0.99,0.0,0
2026-01-07 10:15:00,1.16883,1.16924,1.16867,1.16913,467,8,0,1,0,0.00010264042493127194,0.0007270363432638093,0.99,0.7473251023690077,1
2026-01-07 10:30:00,1.16915,1.16934,1.16902,1.1690800000000001,481,8,0,1,0,0.00014541348752846803,0.0006842987648408439,0.99,0.7473251023690077,1
2026-01-07 10:45:00,1.1690800000000001,1.16928,1.16869,1.16882,417,8,0,0,0,0.0003678924043051372,0.0004620044147088388,0.99,0.0,0
2026-01-07 11:00:00,1.16882,1.16913,1.1684700000000001,1.16881,433,8,0,0,0,0.00037645126239508215,0.00045345265697582966,0.99,0.0,0
2026-01-07 11:15:00,1.1688,1.16921,1.16877,1.16893,373,8,0,0,0,0.0002737546303028205,0.0005560640928028534,0.99,0.0,0
2026-01-07 11:30:00,1.16893,1.16911,1.16846,1.16859,339,8,0,0,0,0.0003508501698628445,0.000265276957701189,0.99,0.0,0
2026-01-07 11:45:00,1.16858,1.16895,1.16851,1.16889,392,8,0,0,0,0.00030798449811352306,0.0005218626218035909,0.99,0.0,0
2026-01-07 12:00:00,1.16889,1.16911,1.16808,1.1683,464,8,0,1,1,0.00010271334417521012,1.7118890695805e-05,0.99,0.746807676305854,1
2026-01-07 12:15:00,1.1683,1.1686,1.16814,1.16848,511,8,0,0,1,0.00025674380391617054,0.0001711625359441137,0.99,0.746807676305854,1
2026-01-07 12:30:00,1.1685,1.1687400000000001,1.16827,1.16837,429,8,0,1,1,0.00016261971806868754,7.703039276934831e-05,0.99,0.746807676305854,1
2026-01-07 12:45:00,1.16837,1.16878,1.16836,1.1687400000000001,401,8,0,0,0,0.0004363673699880113,0.00039358625528357626,0.99,0.0,0
2026-01-07 13:00:00,1.1687400000000001,1.1688,1.16821,1.1683,588,8,0,1,1,0.00010271334417521012,1.7118890695805e-05,0.99,0.746807676305854,1
2026-01-07 13:15:00,1.16835,1.16883,1.1682299999999999,1.16868,724,8,0,0,0,0.0004278331108600686,0.00034226648868805485,0.99,0.0,0
2026-01-07 13:30:00,1.1687,1.1693,1.16832,1.16912,779,8,0,1,0,0.00011119474476526233,0.0007184891200218557,0.99,0.7473251023690077,1
2026-01-07 13:45:00,1.16911,1.1694499999999999,1.16898,1.16912,607,8,0,1,0,0.00011119474476526233,0.0007184891200218557,0.99,0.7473251023690077,1
2026-01-07 14:00:00,1.16911,1.16937,1.16887,1.1691,724,8,0,1,0,0.00012830382345382983,0.0007013942348815695,0.99,0.7473251023690077,1
2026-01-07 14:15:00,1.1691,1.1691799999999999,1.16866,1.16891,601,8,0,0,0,0.0002908692713724812,0.0005389636498959787,0.99,0.0,0
2026-01-07 14:30:00,1.16891,1.1693500000000001,1.16885,1.16913,728,8,0,1,0,0.00010264042493127194,0.0007270363432638093,0.99,0.7473251023690077,1
2026-01-07 14:45:00,1.16914,1.1697899999999999,1.16901,1.16967,869,8,0,0,0,0.00035907563671812304,0.00034197679687429444,0.99,0.0,0
2026-01-07 15:00:00,1.16966,1.16983,1.1684700000000001,1.16886,1856,8,0,0,0,0.0003336584364251411,0.0004962099823760117,0.99,0.0,0
2026-01-07 15:15:00,1.16887,1.16892,1.16795,1.16864,1124,8,0,0,0,0.0003936199342825036,0.00030805038335151626,0.99,0.0,0
2026-01-07 15:30:00,1.16864,1.16961,1.16864,1.16949,1068,8,0,0,0,0.0002052176589795706,0.0004959426758672798,0.99,0.0,0
2026-01-07 15:45:00,1.16948,1.16951,1.16828,1.16896,971,8,0,0,0,0.0002480837667669565,0.0005817136600054869,0.99,0.0,0
2026-01-07 16:00:00,1.16896,1.16927,1.1682,1.16826,784,8,0,1,1,6.847790731522092e-05,1.71194768287102e-05,0.99,0.746807676305854,1
2026-01-07 16:15:00,1.16826,1.16875,1.16818,1.16853,559,8,0,0,0,0.00029952162118223105,0.0002139440151301922,0.99,0.0,0
2026-01-07 16:30:00,1.16853,1.16904,1.16841,1.16888,579,8,0,0,0,0.0003165423311203729,0.0005133118883032767,0.99,0.0,0
2026-01-07 16:45:00,1.16888,1.16889,1.16839,1.16888,468,8,0,0,0,0.0003165423311203729,0.0005133118883032767,0.99,0.0,0
2026-01-07 17:00:00,1.16888,1.16944,1.16869,1.16877,526,8,0,0,0,0.00041068815934684657,0.0004192441626668219,0.99,0.0,0
2026-01-07 17:15:00,1.16876,1.16897,1.16859,1.16893,434,8,0,0,0,0.0002737546303028205,0.0005560640928028534,0.99,0.0,0
2026-01-07 17:30:00,1.16892,1.16909,1.1687,1.16898,386,8,0,0,0,0.0002309705897448994,0.0005988126400793195,0.99,0.0,0
2026-01-07 17:45:00,1.16899,1.16913,1.1686,1.16876,418,8,0,0,0,0.00041924774975177063,0.0004106916732263561,0.99,0.0,0
2026-01-07 18:00:00,1.16876,1.169,1.16853,1.16886,378,8,0,0,0,0.0003336584364251411,0.0004962099823760117,0.99,0.0,0
2026-01-07 18:15:00,1.16886,1.16889,1.16866,1.16869,315,8,0,0,0,0.0004363860390693943,0.00035082014905579874,0.99,0.0,0
2026-01-07 18:30:00,1.16869,1.16894,1.16868,1.16883,248,8,0,0,0,0.0003593336926669104,0.0004705560261116248,0.99,0.0,0
2026-01-07 18:45:00,1.16883,1.16883,1.16822,1.16829,414,8,0,1,1,9.41547047394521e-05,8.559518612729298e-06,0.99,0.746807676305854,1
2026-01-07 19:00:00,1.16827,1.16849,1.16795,1.16814,476,8,0,1,1,3.424247093673704e-05,4.280308867096882e-05,0.99,0.746712739456123,1
2026-01-07 19:15:00,1.16814,1.16815,1.16783,1.16795,347,8,0,1,1,0.0001969262382807076,0.00010274412432049318,0.99,0.7472396351771357,1
2026-01-07 19:30:00,1.1679599999999999,1.16826,1.16789,1.16811,284,8,0,1,1,5.9925863146462656e-05,6.848670073886878e-05,0.99,0.746712739456123,1
2026-01-07 19:45:00,1.1681,1.16834,1.16805,1.16822,350,8,0,1,1,3.424012600369794e-05,1.7120063001944003e-05,0.99,0.7470067754608742,1
2026-01-07 20:00:00,1.16824,1.16836,1.168,1.16811,284,8,0,1,1,5.9925863146462656e-05,6.848670073886878e-05,0.99,0.746712739456123,1
2026-01-07 20:15:00,1.16811,1.1683,1.16792,1.16805,249,8,0,1,1,0.0001112966054535024,0.00011985788279613799,0.99,0.746712739456123,1
2026-01-07 20:30:00,1.16805,1.16824,1.16799,1.16809,246,8,0,1,1,7.704885753659689e-05,8.560984170739325e-05,0.99,0.746712739456123,1
2026-01-07 20:45:00,1.16809,1.16814,1.16785,1.16785,287,8,0,0,1,0.00028257053559955597,1.7125487006148926e-05,0.99,0.7472396351771357,1
2026-01-07 21:00:00,1.16787,1.16791,1.16763,1.16776,159,8,0,0,1,0.0002140850859764519,5.994382407345216e-05,0.99,0.7472396351771357,1
2026-01-07 21:15:00,1.16776,1.16776,1.16748,1.16755,143,8,0,1,0,3.425977474201533e-05,0.00023981842319372696,0.99,0.7469059874569373,1
2026-01-07 21:30:00,1.16755,1.1676199999999999,1.16734,1.16761,201,8,0,1,1,8.564503558550284e-05,0.0001884190782880302,0.99,0.7472396351771357,1
2026-01-07 21:45:00,1.16761,1.16766,1.16727,1.16742,108,8,0,1,0,7.709307704161612e-05,0.00035120179541212374,0.99,0.7470809035987855,1
2026-01-07 22:00:00,1.16727,1.16754,1.16727,1.16737,83,20,0,1,0,3.4265057351174006e-05,0.00039404815953802556,0.99,0.7470809035987855,1
2026-01-07 22:15:00,1.16738,1.16754,1.16736,1.16749,125,20,0,1,0,1.713076771546739e-05,0.0002912230511610438,0.99,0.7469059874569373,1
2026-01-07 22:30:00,1.16748,1.16756,1.16744,1.16751,103,48,0,1,0,0.0,0.0002740875881147707,0.99,0.7469059874569373,1
2026-01-07 22:45:00,1.1675200000000001,1.16768,1.16748,1.16765,68,20,0,1,1,0.00011989894232006936,0.00015415578298278332,0.99,0.7472396351771357,1
2026-01-07 23:00:00,1.16771,1.16774,1.16754,1.1676199999999999,130,8,0,1,1,9.420873229289706e-05,0.00017985303437766012,0.99,0.7472396351771357,1
2026-01-07 23:15:00,1.1676199999999999,1.16771,1.16761,1.1676199999999999,75,8,0,1,1,9.420873229289706e-05,0.00017985303437766012,0.99,0.7472396351771357,1
2026-01-07 23:30:00,1.1676199999999999,1.1676199999999999,1.16747,1.16757,99,8,0,1,0,5.138878182888305e-05,0.00022268472125862,0.99,0.7469059874569373,1
2026-01-07 23:45:00,1.16758,1.16766,1.16755,1.16766,51,8,0,1,1,0.00012846205230963848,0.00014559032595105038,0.99,0.7472396351771357,1
2026-01-08 00:00:00,1.16766,1.16776,1.16761,1.16768,153,8,0,1,1,0.0001455878322828202,0.00012845985201414124,0.99,0.7472396351771357,1
2026-01-08 00:15:00,1.16768,1.16776,1.16755,1.16766,156,8,0,1,1,0.00012846205230963848,0.00014559032595105038,0.99,0.7472396351771357,1
2026-01-08 00:30:00,1.16766,1.16777,1.16761,1.16761,198,8,0,1,1,8.564503558550284e-05,0.0001884190782880302,0.99,0.7472396351771357,1
2026-01-08 00:45:00,1.16761,1.16775,1.16755,1.16755,213,8,0,1,0,3.425977474201533e-05,0.00023981842319372696,0.99,0.7469059874569373,1
2026-01-08 01:00:00,1.16753,1.16777,1.16746,1.16766,241,8,0,1,1,0.00012846205230963848,0.00014559032595105038,0.99,0.7472396351771357,1
2026-01-08 01:15:00,1.16766,1.16779,1.16754,1.16756,235,8,0,1,0,4.282435163921638e-05,0.00023125149885230094,0.99,0.7469059874569373,1
2026-01-08 01:30:00,1.16756,1.1676,1.16724,1.16731,294,8,0,1,0,1.7133409291369883e-05,0.00044546864157751916,0.99,0.7470809035987855,1
2026-01-08 01:45:00,1.16731,1.1675200000000001,1.16728,1.16744,243,8,0,1,0,5.996025491675332e-05,0.00033406427739317686,0.99,0.7469059874569373,1
2026-01-08 02:00:00,1.16745,1.16756,1.16731,1.16745,310,8,0,1,0,5.139406398556596e-05,0.00032549573857537786,0.99,0.7469059874569373,1
2026-01-08 02:15:00,1.16746,1.16753,1.16723,1.1674,260,8,0,1,0,5.996230940552895e-05,0.0003683399006338277,0.99,0.7470809035987855,1
2026-01-08 02:30:00,1.16741,1.16799,1.16739,1.16792,326,8,0,0,1,0.00022261798753333013,7.706007260783745e-05,0.99,0.7472396351771357,1
2026-01-08 02:45:00,1.16792,1.16804,1.16778,1.16798,264,8,0,1,1,0.00017123580883232417,0.00012842685662433817,0.99,0.7472396351771357,1
2026-01-08 03:00:00,1.1679599999999999,1.16816,1.1679599999999999,1.16799,261,8,0,1,1,0.00016267262562171976,0.0001369874742079641,0.99,0.7472396351771357,1
2026-01-08 03:15:00,1.16799,1.16816,1.1679599999999999,1.16814,255,8,0,1,1,3.424247093673704e-05,4.280308867096882e-05,0.99,0.746712739456123,1
2026-01-08 03:30:00,1.16814,1.16824,1.16797,1.16801,186,8,0,1,1,0.0001455466990864834,0.00015410826962103835,0.99,0.7472396351771357,1
2026-01-08 03:45:00,1.16801,1.16803,1.16784,1.1679599999999999,170,8,0,1,1,0.0001883626151581467,0.00011130518168427299,0.99,0.7472396351771357,1
2026-01-08 04:00:00,1.1679599999999999,1.16797,1.16775,1.16797,215,8,0,1,1,0.00017979913867654433,0.00011986609245102956,0.99,0.7472396351771357,1
2026-01-08 04:15:00,1.16797,1.16809,1.16785,1.16785,124,8,0,0,1,0.00028257053559955597,1.7125487006148926e-05,0.99,0.7472396351771357,1
2026-01-08 04:30:00,1.16785,1.1679599999999999,1.16777,1.1679599999999999,139,8,0,1,1,0.0001883626151581467,0.00011130518168427299,0.99,0.7472396351771357,1
2026-01-08 04:45:00,1.1679599999999999,1.16808,1.16784,1.16801,213,8,0,1,1,0.0001455466990864834,0.00015410826962103835,0.99,0.7472396351771357,1
2026-01-08 05:00:00,1.16801,1.16806,1.16784,1.16788,236,8,0,0,1,0.00025687570640816433,4.281261773478912e-05,0.99,0.7472396351771357,1
2026-01-08 05:15:00,1.16788,1.16793,1.1677,1.16779,292,8,0,0,1,0.00023976913657426245,3.425273379616023e-05,0.99,0.7472396351771357,1
2026-01-08 05:30:00,1.16781,1.16824,1.16776,1.1681,279,8,0,1,1,6.848728704741033e-05,7.704819792838414e-05,0.99,0.746712739456123,1
2026-01-08 05:45:00,1.1681,1.16825,1.16799,1.1682,264,8,0,1,1,1.7120356103329037e-05,0.0,0.99,0.7470067754608742,1
2026-01-08 06:00:00,1.16819,1.16827,1.1679,1.16811,337,8,0,1,1,5.9925863146462656e-05,6.848670073886878e-05,0.99,0.746712739456123,1
2026-01-08 06:15:00,1.16811,1.1681300000000001,1.16746,1.16756,364,8,0,1,0,4.282435163921638e-05,0.00023125149885230094,0.99,0.7469059874569373,1
2026-01-08 06:30:00,1.16756,1.1681,1.16754,1.1679599999999999,411,8,0,1,1,0.0001883626151581467,0.00011130518168427299,0.99,0.7472396351771357,1
2026-01-08 06:45:00,1.1679599999999999,1.16824,1.1678,1.1681,351,8,0,1,1,6.848728704741033e-05,7.704819792838414e-05,0.99,0.746712739456123,1
2026-01-08 07:00:00,1.16808,1.1682299999999999,1.16772,1.1678,555,8,0,0,1,0.00024833019352620434,2.5689330364766648e-05,0.99,0.7472396351771357,1
2026-01-08 07:15:00,1.1678,1.16809,1.1677,1.1679,426,8,0,0,1,0.00023974655364334104,5.993663841083526e-05,0.99,0.7472396351771357,1
2026-01-08 07:30:00,1.16792,1.16827,1.16781,1.16815,413,8,0,1,1,2.568163335185934e-05,3.424217780254249e-05,0.99,0.746712739456123,1
2026-01-08 07:45:00,1.16814,1.16817,1.16765,1.16774,458,8,0,1,1,0.0001969616524225876,7.707195094791947e-05,0.99,0.7472396351771357,1
2026-01-08 08:00:00,1.16777,1.16785,1.16741,1.16763,566,8,0,1,1,0.00010277228231537214,0.00017128713719241368,0.99,0.7472396351771357,1
2026-01-08 08:15:00,1.16763,1.16767,1.16715,1.16746,463,8,0,1,0,4.282801980376674e-05,0.00031692734654718916,0.99,0.7469059874569373,1
2026-01-08 08:30:00,1.16744,1.16758,1.1669,1.16713,543,8,0,1,0,1.7136051682253888e-05,0.0005997618088815495,0.99,0.746637719226753,1
2026-01-08 08:45:00,1.16714,1.16726,1.16684,1.16712,515,8,0,1,0,2.570429775856338e-05,0.000608335046953174,0.99,0.746637719226753,1
2026-01-08 09:00:00,1.1671,1.16741,1.1669100000000001,1.1670099999999999,458,8,0,1,0,0.0001199646961037429,0.0006855125491640277,0.99,0.746637719226753,1
2026-01-08 09:15:00,1.167,1.1675,1.167,1.1672500000000001,443,8,0,1,0,6.853715999131116e-05,0.0004968944099377193,0.99,0.7470809035987855,1
2026-01-08 09:30:00,1.16726,1.16743,1.16695,1.16709,432,8,0,1,0,5.140991697294038e-05,0.000634055642666772,0.99,0.746637719226753,1
2026-01-08 09:45:00,1.16708,1.16767,1.16693,1.16764,452,8,0,1,1,0.0001113356856565067,0.00016272138672871129,0.99,0.7472396351771357,1
2026-01-08 10:00:00,1.16766,1.16815,1.1676199999999999,1.16794,480,8,0,0,1,0.00020549000804837405,9.418292035554438e-05,0.99,0.7472396351771357,1
2026-01-08 10:15:00,1.16794,1.16804,1.1675200000000001,1.16771,453,8,0,1,1,0.00017127540228308226,0.00010276524136977329,0.99,0.7472396351771357,1
2026-01-08 10:30:00,1.16771,1.16795,1.16767,1.1678,319,8,0,0,1,0.00024833019352620434,2.5689330364766648e-05,0.99,0.7472396351771357,1
2026-01-08 10:45:00,1.1678,1.168,1.16756,1.16794,354,8,0,0,1,0.00020549000804837405,9.418292035554438e-05,0.99,0.7472396351771357,1
2026-01-08 11:00:00,1.16794,1.168,1.1676199999999999,1.1676199999999999,306,8,0,1,1,9.420873229289706e-05,0.00017985303437766012,0.99,0.7472396351771357,1
2026-01-08 11:15:00,1.16763,1.16778,1.16756,1.16756,297,8,0,1,0,4.282435163921638e-05,0.00023125149885230094,0.99,0.7469059874569373,1
2026-01-08 11:30:00,1.16756,1.16779,1.16749,1.16776,261,8,0,0,1,0.0002140850859764519,5.994382407345216e-05,0.99,0.7472396351771357,1
2026-01-08 11:45:00,1.16775,1.1679,1.16755,1.16773,314,8,0,1,1,0.00018839971568760497,8.563623440349139e-05,0.99,0.7472396351771357,1
2026-01-08 12:00:00,1.16773,1.16775,1.16716,1.16721,373,8,0,1,0,4.2837192964509826e-05,0.0005311811927586663,0.99,0.7466004437997733,1
2026-01-08 12:15:00,1.16721,1.16738,1.16705,1.16723,370,8,0,1,0,5.997104255375076e-05,0.0005140375076034149,0.99,0.7466004437997733,1
2026-01-08 12:30:00,1.16722,1.16733,1.16702,1.16723,311,8,0,1,0,5.997104255375076e-05,0.0005140375076034149,0.99,0.7466004437997733,1
2026-01-08 12:45:00,1.16723,1.1674,1.16694,1.16731,402,8,0,1,0,1.7133409291369883e-05,0.00044546864157751916,0.99,0.7470809035987855,1
2026-01-08 13:00:00,1.16729,1.16763,1.1672500000000001,1.1673499999999999,528,8,0,1,0,1.7132822204059605e-05,0.00041118773289933267,0.99,0.7470809035987855,1
2026-01-08 13:15:00,1.1673499999999999,1.16775,1.16711,1.16738,508,8,0,1,0,4.283095478773451e-05,0.00038547859308865954,0.99,0.7470809035987855,1
2026-01-08 13:30:00,1.16745,1.16748,1.16665,1.16669,714,8,0,1,0,0.00014571137148685896,0.00041142034302174183,0.99,0.7478424462034479,1
2026-01-08 13:45:00,1.16669,1.16669,1.1657899999999999,1.16625,870,8,0,1,1,0.00011146838156481327,3.429796355844802e-05,0.99,0.7468712630885166,1
2026-01-08 14:00:00,1.16626,1.16662,1.16597,1.16599,768,8,0,1,1,0.00011149323750629376,0.00010291683462132609,0.99,0.746970550711667,1
2026-01-08 14:15:00,1.16599,1.16608,1.16558,1.16587,636,8,0,0,1,0.00021443214080479254,0.0,0.99,0.746970550711667,1
2026-01-08 14:30:00,1.16589,1.16624,1.16572,1.16617,752,8,0,1,1,4.28753955254238e-05,3.430031642045328e-05,0.99,0.7468712630885166,1
2026-01-08 14:45:00,1.16617,1.16643,1.16576,1.16642,627,8,0,0,1,0.00025719723598700893,0.00018003806519096337,0.99,0.7465033207851278,1
2026-01-08 15:00:00,1.16643,1.16676,1.1660300000000001,1.16658,626,8,0,0,0,0.00024001782989598483,0.0003171664180767555,0.99,0.0,0
2026-01-08 15:15:00,1.16658,1.16734,1.16651,1.16699,646,8,0,1,0,0.00011139769835213967,0.0006683861901130284,0.99,0.7478424462034479,1
2026-01-08 15:30:00,1.16697,1.16714,1.16632,1.16676,605,8,0,1,0,8.570742911994667e-05,0.00047139086015980186,0.99,0.7478424462034479,1
2026-01-08 15:45:00,1.16677,1.16699,1.16637,1.16662,874,8,0,0,0,0.00020572251461488573,0.00035144262913375517,0.99,0.0,0
2026-01-08 16:00:00,1.16663,1.1667399999999999,1.16576,1.16578,621,8,0,0,1,0.0002916502256000334,7.720153030582397e-05,0.99,0.746970550711667,1
2026-01-08 16:15:00,1.1657899999999999,1.16592,1.1652,1.16567,602,8,0,0,1,0.00022304768931166364,0.00017157514562438596,0.99,0.746970550711667,1
2026-01-08 16:30:00,1.16568,1.1656900000000001,1.16522,1.16564,519,8,0,1,1,0.0001973164956589963,0.0001973164956589963,0.99,0.746970550711667,1
2026-01-08 16:45:00,1.16564,1.1657899999999999,1.16539,1.16543,561,8,0,1,0,1.716104785350384e-05,0.0002402546699501969,0.99,0.7467071424793549,1
2026-01-08 17:00:00,1.16543,1.16554,1.16497,1.16515,572,8,0,1,1,4.2912929665798843e-05,0.0,0.99,0.7467575548780019,1
2026-01-08 17:15:00,1.16514,1.16526,1.16469,1.16469,502,8,0,0,0,0.00043788475903460187,0.00032626707535914876,0.99,0.0,0
2026-01-08 17:30:00,1.16469,1.16477,1.16433,1.16462,450,8,0,0,0,0.00039497861963550766,0.0003863921279044336,0.99,0.0,0
2026-01-08 17:45:00,1.16462,1.16509,1.16452,1.16504,358,8,0,1,1,0.00013733434045177674,2.5750188834696224e-05,0.99,0.7469520158646528,1
2026-01-08 18:00:00,1.16502,1.16528,1.16471,1.16495,413,8,0,0,1,0.00021460148504234817,0.00010300871282039574,0.99,0.7469520158646528,1
2026-01-08 18:15:00,1.16495,1.1651,1.16474,1.16491,360,8,0,0,1,0.0002489462705274429,0.0001373496664979784,0.99,0.7469520158646528,1
2026-01-08 18:30:00,1.16492,1.16515,1.1648,1.165,302,8,0,1,1,0.00017167381974247036,6.0085836909883685e-05,0.99,0.7469520158646528,1
2026-01-08 18:45:00,1.165,1.16502,1.16444,1.1645,293,8,0,0,0,0.00029197080291971396,0.0004894804637182991,0.99,0.0,0
2026-01-08 19:00:00,1.16448,1.16468,1.1642299999999999,1.1646,387,8,0,0,0,0.000377812124334532,0.00040357204190277383,0.99,0.0,0
2026-01-08 19:15:00,1.1646,1.16468,1.16448,1.16455,282,8,0,0,0,0.0003348933064272813,0.00044652440856989906,0.99,0.0,0
2026-01-08 19:30:00,1.1645699999999999,1.16485,1.16449,1.16464,290,8,0,0,0,0.00041214452534672855,0.0003692128039567184,0.99,0.0,0
2026-01-08 19:45:00,1.16463,1.16503,1.16461,1.16497,308,8,0,1,1,0.00019742997673755758,8.583912032068549e-05,0.99,0.7469520158646528,1
2026-01-08 20:00:00,1.16497,1.16525,1.16494,1.16502,272,8,0,1,1,0.00015450378534280013,4.291771815085193e-05,0.99,0.7469520158646528,1
2026-01-08 20:15:00,1.16502,1.1653,1.16496,1.16527,265,8,0,1,1,6.0071914663566805e-05,0.00010298042513762476,0.99,0.7467575548780019,1
2026-01-08 20:30:00,1.16527,1.1654200000000001,1.16514,1.1652,265,8,0,1,1,0.0,4.2911088225287945e-05,0.99,0.7467575548780019,1
2026-01-08 20:45:00,1.1652,1.1654,1.16502,1.16511,285,8,0,1,1,7.724592527737593e-05,3.433152234537336e-05,0.99,0.7467575548780019,1
2026-01-08 21:00:00,1.1650800000000001,1.1652,1.16502,1.16519,192,8,0,1,1,8.582291300187534e-06,3.432916520055957e-05,0.99,0.7467575548780019,1
2026-01-08 21:15:00,1.1652,1.16539,1.16511,1.16536,163,8,0,1,1,4.2905196677512116e-05,0.0001802018260452079,0.99,0.7467575548780019,1
2026-01-08 21:30:00,1.16536,1.16602,1.16533,1.16592,323,8,0,1,1,0.00017153835597637741,4.288458899418958e-05,0.99,0.746970550711667,1
2026-01-08 21:45:00,1.16594,1.16621,1.16556,1.16574,373,8,0,0,1,0.00028308199083838716,0.00011151714790601976,0.99,0.746970550711667,1
2026-01-08 22:00:00,1.16562,1.1657899999999999,1.16553,1.16563,67,20,0,1,0,0.00018873913677572383,0.00020589724011909266,0.99,0.7467071424793549,1
2026-01-08 22:15:00,1.16563,1.1657899999999999,1.16555,1.16558,191,20,0,1,0,0.0001458501346968921,0.00024880317095343215,0.99,0.7467071424793549,1
2026-01-08 22:30:00,1.16559,1.16582,1.16555,1.1658,135,20,0,0,1,0.00027448962086129526,6.004460456340238e-05,0.99,0.746970550711667,1
2026-01-08 22:45:00,1.1658,1.16584,1.16562,1.16584,86,8,0,0,1,0.00024017017772598126,2.5732519042042213e-05,0.99,0.746970550711667,1
2026-01-08 23:00:00,1.16584,1.16617,1.16581,1.16592,192,8,0,1,1,0.00017153835597637741,4.288458899418958e-05,0.99,0.746970550711667,1
2026-01-08 23:15:00,1.16592,1.16594,1.16576,1.16577,101,8,0,0,1,0.0003002307487755496,8.57802139358441e-05,0.99,0.746970550711667,1
2026-01-08 23:30:00,1.1657899999999999,1.16585,1.16566,1.16566,131,8,0,0,1,0.00021447077192308345,0.00018015544841552724,0.99,0.746970550711667,1
2026-01-08 23:45:00,1.16566,1.16575,1.1656,1.16575,104,8,0,0,1,0.00029165773107442156,0.00010293802273205915,0.99,0.746970550711667,1
2026-01-09 00:00:00,1.16577,1.16577,1.16545,1.16546,179,8,0,1,0,4.290151528141976e-05,0.0002659893947454503,0.99,0.7467071424793549,1
2026-01-09 00:15:00,1.16546,1.16573,1.16539,1.16556,187,8,0,1,0,0.0001286935035518313,0.000265966574007372,0.99,0.7467071424793549,1
2026-01-09 00:30:00,1.16556,1.16559,1.16536,1.16548,182,8,0,1,0,6.006109070941972e-05,0.00028314514191591744,0.99,0.7467071424793549,1
2026-01-09 00:45:00,1.16547,1.16559,1.16532,1.16532,269,8,0,1,1,7.723200494297319e-05,0.00014588267600316093,0.99,0.7467575548780019,1
2026-01-09 01:00:00,1.16531,1.16544,1.16513,1.16532,307,8,0,1,1,7.723200494297319e-05,0.00014588267600316093,0.99,0.7467575548780019,1
2026-01-09 01:15:00,1.16531,1.1656900000000001,1.16505,1.16517,348,8,0,1,1,2.5747315842301544e-05,1.7164877228328074e-05,0.99,0.7467575548780019,1
2026-01-09 01:30:00,1.16517,1.16526,1.1648399999999999,1.16486,310,8,0,0,1,0.00029188056933881064,0.00018027917517988727,0.99,0.7469520158646528,1
2026-01-09 01:45:00,1.16486,1.1651799999999999,1.16477,1.16488,406,8,0,0,1,0.0002747064075270397,0.00016310692946924535,0.99,0.7469520158646528,1
2026-01-09 02:00:00,1.1649,1.16506,1.1645699999999999,1.16459,330,8,0,0,0,0.00036922865557829834,0.0004121622201805236,0.99,0.0,0
2026-01-09 02:15:00,1.16459,1.16502,1.16459,1.16496,235,8,0,0,1,0.00020601565718996186,9.442384287877223e-05,0.99,0.7469520158646528,1
2026-01-09 02:30:00,1.16496,1.16524,1.16492,1.16517,294,8,0,1,1,2.5747315842301544e-05,1.7164877228328074e-05,0.99,0.7467575548780019,1
2026-01-09 02:45:00,1.16517,1.16543,1.16514,1.16538,275,8,0,1,1,2.574267620859676e-05,0.00019736051759955937,0.99,0.7467575548780019,1
2026-01-09 03:00:00,1.1654,1.16584,1.16531,1.16572,250,8,0,0,1,0.000265930068970278,0.00012867583982420516,0.99,0.746970550711667,1
2026-01-09 03:15:00,1.16572,1.16587,1.16554,1.16563,253,8,0,1,0,0.00018873913677572383,0.00020589724011909266,0.99,0.7467071424793549,1
2026-01-09 03:30:00,1.16563,1.16578,1.16547,1.16568,264,8,0,0,1,0.00023162445954292126,0.00016299499004865183,0.99,0.746970550711667,1
2026-01-09 03:45:00,1.16568,1.16568,1.16547,1.16559,191,8,0,1,0,0.00015442822948021773,0.0002402216903028149,0.99,0.7467071424793549,1
2026-01-09 04:00:00,1.1656,1.16565,1.1653,1.16531,251,8,0,1,1,8.581407522460888e-05,0.00013730252035952666,0.99,0.7467575548780019,1
2026-01-09 04:15:00,1.16531,1.16546,1.16516,1.16545,184,8,0,1,0,3.432150671417907e-05,0.0002574113003562478,0.99,0.7467071424793549,1
2026-01-09 04:30:00,1.16545,1.16557,1.16538,1.1654200000000001,157,8,0,1,0,8.580597552869791e-06,0.00023167613392615066,0.99,0.7467071424793549,1
2026-01-09 04:45:00,1.1654200000000001,1.16549,1.1653,1.1654,207,8,0,1,0,8.580744808705605e-06,0.00021451862021630642,0.99,0.7467071424793549,1
2026-01-09 05:00:00,1.16538,1.1656,1.16528,1.16537,269,8,0,1,1,3.432386280755469e-05,0.0001887812454414555,0.99,0.7467575548780019,1
2026-01-09 05:15:00,1.16537,1.16554,1.16522,1.16526,200,8,0,1,1,5.149065444617423e-05,9.439953315144646e-05,0.99,0.7467575548780019,1
2026-01-09 05:30:00,1.16526,1.16536,1.16498,1.16506,242,8,0,1,1,0.000120165485039422,8.58324893144174e-06,0.99,0.7469520158646528,1
2026-01-09 05:45:00,1.16506,1.1651799999999999,1.16497,1.16509,230,8,0,1,1,9.441330712653486e-05,1.716605584110153e-05,0.99,0.7469520158646528,1
2026-01-09 06:00:00,1.16509,1.16524,1.1648100000000001,1.16491,345,8,0,0,1,0.0002489462705274429,0.0001373496664979784,0.99,0.7469520158646528,1
2026-01-09 06:15:00,1.16491,1.16513,1.16482,1.16505,251,8,0,1,1,0.0001287498390627823,1.716664520847262e-05,0.99,0.7469520158646528,1
2026-01-09 06:30:00,1.16505,1.16523,1.16505,1.16512,224,8,0,1,1,6.866245536947268e-05,2.5748420763504613e-05,0.99,0.7467575548780019,1
2026-01-09 06:45:00,1.16513,1.16524,1.1648100000000001,1.16486,285,8,0,0,1,0.00029188056933881064,0.00018027917517988727,0.99,0.7469520158646528,1
2026-01-09 07:00:00,1.1648399999999999,1.16494,1.16446,1.16448,375,8,0,0,0,0.0002748007694420479,0.00050666391865905,0.99,0.0,0
2026-01-09 07:15:00,1.1644700000000001,1.16469,1.16426,1.1644700000000001,451,8,0,0,0,0.00026621553152939313,0.0005066682696849987,0.99,0.0,0
2026-01-09 07:30:00,1.1644700000000001,1.16454,1.1639599999999999,1.1642000000000001,441,8,0,1,0,3.435835767053771e-05,0.0002748668613641109,0.99,0.7465598897682393,1
2026-01-09 07:45:00,1.16421,1.16504,1.16407,1.16502,514,8,0,1,1,0.00015450378534280013,4.291771815085193e-05,0.99,0.7469520158646528,1
2026-01-09 08:00:00,1.16505,1.16526,1.1643,1.16435,646,8,0,1,0,0.00016318117404552965,0.000403658693691734,0.99,0.7465598897682393,1
2026-01-09 08:15:00,1.16435,1.16474,1.16424,1.16453,564,8,0,0,0,0.00031772474732293836,0.0004637063879848393,0.99,0.0,0
2026-01-09 08:30:00,1.16455,1.1645699999999999,1.16408,1.16424,531,8,0,1,0,6.871435442851814e-05,0.00030921459492880846,0.99,0.7465598897682393,1
2026-01-09 08:45:00,1.16424,1.16493,1.16418,1.16483,570,8,0,0,0,0.00031764291785065754,0.0002060386494166685,0.99,0.0,0
2026-01-09 09:00:00,1.1648399999999999,1.16499,1.1646,1.16478,475,8,0,0,0,0.0003605831144079457,0.0002489740551864932,0.99,0.0,0
2026-01-09 09:15:00,1.16476,1.16486,1.16422,1.1642299999999999,378,8,0,1,0,6.012557656115412e-05,0.0003006278828065335,0.99,0.7465598897682393,1
2026-01-09 09:30:00,1.16424,1.16452,1.1642299999999999,1.1643,370,8,0,1,0,0.00012024392338727729,0.00036073177016221334,0.99,0.7465598897682393,1
2026-01-09 09:45:00,1.1643,1.16445,1.16418,1.16421,348,8,0,1,0,4.2947578185966e-05,0.0002834540160279859,0.99,0.7465598897682393,1
2026-01-09 10:00:00,1.16421,1.16446,1.164,1.16434,308,8,0,1,0,0.00015459401892904733,0.0003950736039300419,0.99,0.7465598897682393,1
2026-01-09 10:15:00,1.16434,1.1644,1.16365,1.16422,438,8,0,1,0,5.153665114836455e-05,0.0002920410231743201,0.99,0.7465598897682393,1
2026-01-09 10:30:00,1.16422,1.16444,1.16403,1.16425,382,8,0,1,0,7.730298475406783e-05,0.0003178011595447554,0.99,0.7465598897682393,1
2026-01-09 10:45:00,1.16425,1.16464,1.1642299999999999,1.16463,349,8,0,0,0,0.0004035616461880343,0.00037780239217605243,0.99,0.0,0
2026-01-09 11:00:00,1.16463,1.16465,1.16413,1.16439,407,8,0,1,0,0.00019752831954925108,0.0004379975781310475,0.99,0.7465598897682393,1
2026-01-09 11:15:00,1.16439,1.16456,1.16429,1.16445,322,8,0,0,0,0.0002490446133366838,0.0004895014813860272,0.99,0.0,0
2026-01-09 11:30:00,1.16445,1.1645699999999999,1.16419,1.16453,321,8,0,0,0,0.00031772474732293836,0.0004637063879848393,0.99,0.0,0
2026-01-09 11:45:00,1.16453,1.16462,1.16438,1.1645699999999999,299,8,0,0,0,0.000352061275835544,0.00042934301931199243,0.99,0.0,0
2026-01-09 12:00:00,1.16458,1.16458,1.16422,1.16435,462,8,0,1,0,0.00016318117404552965,0.000403658693691734,0.99,0.7465598897682393,1
2026-01-09 12:15:00,1.16435,1.16445,1.1639599999999999,1.16431,404,8,0,1,0,0.00012883166854177363,0.0003693174498200054,0.99,0.7465598897682393,1
2026-01-09 12:30:00,1.16432,1.16437,1.16393,1.16411,424,8,0,1,1,4.295126749199433e-05,0.00019757583046271614,0.99,0.7465961517913471,1
2026-01-09 12:45:00,1.1641,1.16442,1.1639599999999999,1.16412,481,8,0,1,0,3.4360718826272204e-05,0.0002061643129574425,0.99,0.7465598897682393,1
2026-01-09 13:00:00,1.16413,1.16435,1.16405,1.16432,540,8,0,1,0,0.00013741926618106531,0.00037790298199807265,0.99,0.7465598897682393,1
2026-01-09 13:15:00,1.16434,1.16456,1.16406,1.16433,612,8,0,1,0,0.0001460067163089532,0.0003864883667002151,0.99,0.7465598897682393,1
2026-01-09 13:30:00,1.16434,1.1660300000000001,1.16253,1.16564,3463,8,0,1,1,0.0001973164956589963,0.0001973164956589963,0.99,0.746970550711667,1
2026-01-09 13:45:00,1.16562,1.16578,1.16415,1.16449,1862,8,0,0,0,0.0002833858599042855,0.0004980721174076419,0.99,0.0,0
2026-01-09 14:00:00,1.16449,1.16522,1.16398,1.16424,1697,8,0,1,0,6.871435442851814e-05,0.00030921459492880846,0.99,0.7465598897682393,1
2026-01-09 14:15:00,1.16424,1.16461,1.16343,1.16377,1608,8,0,0,1,0.000335117763819408,9.452039492344235e-05,0.99,0.7465961517913471,1
2026-01-09 14:30:00,1.16379,1.16441,1.16326,1.16337,1254,8,0,0,1,0.0006790616914653708,3.438287045397423e-05,0.99,0.7463231108286543,1
2026-01-09 14:45:00,1.16337,1.16374,1.16296,1.16364,1187,8,0,0,1,0.0004468736035200543,0.00019765563232610812,0.99,0.7463231108286543,1
2026-01-09 15:00:00,1.1636199999999999,1.1639,1.16212,1.16256,1499,8,0,0,1,0.000301059730250544,0.0001806358381503264,0.99,0.7469464438059095,1
2026-01-09 15:15:00,1.16258,1.1628,1.16178,1.16261,1157,8,0,0,1,0.0003440534659085643,0.00013762138636357852,0.99,0.7469464438059095,1
2026-01-09 15:30:00,1.16259,1.16379,1.16249,1.1634,1000,8,0,0,1,0.0006532576929689651,8.59549596017321e-06,0.99,0.7463231108286543,1
2026-01-09 15:45:00,1.16342,1.16404,1.16322,1.16402,1021,8,0,1,1,0.00012027284754559972,0.00012027284754559972,0.99,0.7465961517913471,1
2026-01-09 16:00:00,1.16403,1.1643,1.1636,1.1638,787,8,0,0,1,0.0003093315002578948,6.87403333906857e-05,0.99,0.7465961517913471,1
2026-01-09 16:15:00,1.1638,1.16403,1.16297,1.1629800000000001,642,8,0,0,1,0.000662092211388123,1.7197200295904504e-05,0.99,0.7477872227215332,1
2026-01-09 16:30:00,1.16296,1.16354,1.16279,1.16342,679,8,0,0,1,0.0006360557666192648,8.595348197420939e-06,0.99,0.7463231108286543,1
2026-01-09 16:45:00,1.16342,1.16349,1.16319,1.1633,515,8,0,0,1,0.000739276197025774,9.455858334054371e-05,0.99,0.7463231108286543,1
2026-01-09 17:00:00,1.16328,1.16344,1.16283,1.1631,565,8,0,0,1,0.0007651964577422899,3.439085203339352e-05,0.99,0.746980993487453,1
2026-01-09 17:15:00,1.16309,1.16309,1.16272,1.16303,530,8,0,0,1,0.0007050548997016783,2.5794691452477144e-05,0.99,0.746980993487453,1
2026-01-09 17:30:00,1.16305,1.1632,1.16283,1.16305,399,8,0,0,1,0.0007222389407161789,8.59808262763038e-06,0.99,0.746980993487453,1
2026-01-09 17:45:00,1.16305,1.16327,1.1629800000000001,1.16311,359,8,0,0,1,0.0007737875179476772,4.298819544162247e-05,0.99,0.746980993487453,1
2026-01-09 18:00:00,1.16313,1.16341,1.16308,1.16315,415,8,0,0,1,0.0008081502815629462,7.737609078788074e-05,0.99,0.746980993487453,1
2026-01-09 18:15:00,1.16315,1.16338,1.16307,1.1633,306,8,0,0,1,0.000739276197025774,9.455858334054371e-05,0.99,0.7463231108286543,1
2026-01-09 18:30:00,1.16329,1.16395,1.16327,1.16376,392,8,0,0,1,0.00034371348044285596,0.00010311404413291401,0.99,0.7465961517913471,1
2026-01-09 18:45:00,1.16377,1.16382,1.16331,1.16336,363,8,0,0,1,0.0006876633200386243,4.2978957502497524e-05,0.99,0.7463231108286543,1
2026-01-09 19:00:00,1.16336,1.1637,1.16326,1.16354,352,8,0,0,1,0.000532856627189495,0.00011172800247517359,0.99,0.7463231108286543,1
2026-01-09 19:15:00,1.16355,1.16384,1.16354,1.16373,259,8,0,0,1,0.0003695015166749611,0.00012889587790990565,0.99,0.7465961517913471,1
2026-01-09 19:30:00,1.1637,1.16373,1.16339,1.16352,294,8,0,0,1,0.0005500550055005276,9.454070407045387e-05,0.99,0.7463231108286543,1
2026-01-09 19:45:00,1.16351,1.16355,1.16336,1.16344,263,8,0,0,1,0.0006188544316853932,2.5785601320200862e-05,0.99,0.7463231108286543,1
2026-01-09 20:00:00,1.16344,1.16354,1.16338,1.16353,248,8,0,0,1,0.0005414557424390695,0.00010313442713114227,0.99,0.7463231108286543,1
2026-01-09 20:15:00,1.16354,1.16375,1.16344,1.16363,194,8,0,0,1,0.00045547124085847004,0.0001890635339411041,0.99,0.7463231108286543,1
2026-01-09 20:30:00,1.16363,1.16367,1.16341,1.16349,233,8,0,0,1,0.0005758536815960348,6.87586485486407e-05,0.99,0.7463231108286543,1
2026-01-09 20:45:00,1.16349,1.1635900000000001,1.16336,1.16341,223,8,0,0,1,0.0006446566558651107,0.0,0.99,0.7463231108286543,1
2026-01-09 21:00:00,1.16341,1.16365,1.1633499999999999,1.16348,190,8,0,0,1,0.0005844535359439044,6.016433458247197e-05,0.99,0.7463231108286543,1
2026-01-09 21:15:00,1.16349,1.16357,1.16332,1.16339,167,8,0,0,1,0.0006618588779344497,1.7191139686718147e-05,0.99,0.7463231108286543,1
2026-01-09 21:30:00,1.16338,1.16338,1.16302,1.16304,145,8,0,0,1,0.0007136469940845615,1.7196313110390852e-05,0.99,0.746980993487453,1
2026-01-09 21:45:00,1.16304,1.1633,1.16291,1.16328,235,8,0,0,1,0.0007564816725121998,0.00011175297434836279,0.99,0.7463231108286543,1
2026-01-11 22:00:00,1.16318,1.16331,1.16311,1.16328,65,48,0,0,1,0.0007564816725121998,0.00011175297434836279,0.99,0.7463231108286543,1
2026-01-11 22:15:00,1.16327,1.16333,1.16319,1.16332,97,48,0,0,1,0.000722071313138409,7.73647835506529e-05,0.99,0.7463231108286543,1
2026-01-11 22:30:00,1.16332,1.16332,1.16302,1.1632,105,48,0,0,1,0.000825309491059209,0.00012035763411281721,0.99,0.746980993487453,1
2026-01-11 22:45:00,1.16319,1.16331,1.16311,1.1632,107,48,0,0,1,0.000825309491059209,0.00012035763411281721,0.99,0.746980993487453,1
2026-01-11 23:00:00,1.16342,1.16346,1.163,1.16309,206,8,0,0,1,0.0007566052498086923,2.5793360788910997e-05,0.99,0.746980993487453,1
2026-01-11 23:15:00,1.16309,1.1632500000000001,1.16251,1.16255,204,8,0,0,1,0.0002924605393316476,0.00018923917250880307,0.99,0.7469464438059095,1
2026-01-11 23:30:00,1.16255,1.1626,1.16233,1.1625,180,8,0,0,0,0.00024946236559150406,0.00023225806451612253,0.99,0.0,0
2026-01-11 23:45:00,1.1625,1.1625,1.16228,1.16236,115,8,0,1,1,0.00012904779930494382,0.0001720637324064644,0.99,0.7472774170674634,1
2026-01-12 00:00:00,1.16234,1.16444,1.1621299999999999,1.16433,893,8,0,1,0,0.0001460067163089532,0.0003864883667002151,0.99,0.7465598897682393,1
2026-01-12 00:15:00,1.16435,1.16455,1.16378,1.16426,599,8,0,1,0,8.589146754160495e-05,0.0003263875766581751,0.99,0.7465598897682393,1
2026-01-12 00:30:00,1.16424,1.16589,1.16417,1.16583,1209,8,0,0,1,0.00024874981772653263,3.4310319686437995e-05,0.99,0.746970550711667,1
2026-01-12 00:45:00,1.16585,1.16646,1.16557,1.16642,826,8,0,0,1,0.00025719723598700893,0.00018003806519096337,0.99,0.7465033207851278,1
2026-01-12 01:00:00,1.16642,1.16681,1.16596,1.16654,871,8,0,0,0,0.00027431549711119896,0.0002828878563957871,0.99,0.0,0
2026-01-12 01:15:00,1.16654,1.16709,1.16638,1.16654,799,8,0,0,0,0.00027431549711119896,0.0002828878563957871,0.99,0.0,0
2026-01-12 01:30:00,1.16654,1.16656,1.16581,1.16582,591,8,0,0,1,0.0002573296049132516,4.2888267485446695e-05,0.99,0.746970550711667,1
2026-01-12 01:45:00,1.16581,1.16586,1.16553,1.16557,373,8,0,1,0,0.00013727189272196263,0.00025738479885375137,0.99,0.7467071424793549,1
2026-01-12 02:00:00,1.16557,1.1662,1.16552,1.16593,426,8,0,1,1,0.00016296004048282017,5.1461065415547234e-05,0.99,0.746970550711667,1
2026-01-12 02:15:00,1.16593,1.16601,1.16562,1.16564,318,8,0,1,1,0.0001973164956589963,0.0001973164956589963,0.99,0.746970550711667,1
2026-01-12 02:30:00,1.16562,1.16641,1.16545,1.16608,521,8,0,1,1,3.4302963776104555e-05,0.000111484632272197,0.99,0.7468712630885166,1
2026-01-12 02:45:00,1.1661,1.16617,1.16536,1.16545,385,8,0,1,0,3.432150671417907e-05,0.0002574113003562478,0.99,0.7467071424793549,1
2026-01-12 03:00:00,1.16545,1.16591,1.16545,1.1657899999999999,349,8,0,0,1,0.000283069849630005,6.862299384973281e-05,0.99,0.746970550711667,1
2026-01-12 03:15:00,1.1658,1.16587,1.16564,1.16574,242,8,0,0,1,0.00028308199083838716,0.00011151714790601976,0.99,0.746970550711667,1
2026-01-12 03:30:00,1.16575,1.16587,1.16548,1.16557,250,8,0,1,0,0.00013727189272196263,0.00025738479885375137,0.99,0.7467071424793549,1
2026-01-12 03:45:00,1.16557,1.16574,1.16548,1.1655,262,8,0,1,0,7.722007722001156e-05,0.00030030030030036247,0.99,0.7467071424793549,1
2026-01-12 04:00:00,1.16548,1.16561,1.16535,1.16561,204,8,0,1,0,0.00017158397748816325,0.00022305917073457414,0.99,0.7467071424793549,1
2026-01-12 04:15:00,1.16561,1.16581,1.16548,1.16557,184,8,0,1,0,0.00013727189272196263,0.00025738479885375137,0.99,0.7467071424793549,1
2026-01-12 04:30:00,1.16555,1.16557,1.16526,1.16536,188,8,0,1,1,4.2905196677512116e-05,0.0001802018260452079,0.99,0.7467575548780019,1
2026-01-12 04:45:00,1.16536,1.16555,1.16536,1.16555,179,8,0,1,0,0.0001201149671828999,0.0002745484964178936,0.99,0.7467071424793549,1
2026-01-12 05:00:00,1.16555,1.16605,1.16554,1.16599,296,8,0,1,1,0.00011149323750629376,0.00010291683462132609,0.99,0.746970550711667,1
2026-01-12 05:15:00,1.166,1.16656,1.16593,1.16653,277,8,0,0,0,0.00028289028143291766,0.0002743178486623558,0.99,0.0,0
2026-01-12 05:30:00,1.16653,1.1669100000000001,1.1665,1.16685,372,8,0,1,0,8.570081844337757e-06,0.0005484852380340009,0.99,0.7478424462034479,1
2026-01-12 05:45:00,1.16684,1.16708,1.16676,1.16687,459,8,0,1,0,8.569934954249841e-06,0.000565615706976874,0.99,0.7478424462034479,1
2026-01-12 06:00:00,1.16685,1.16687,1.1663999999999999,1.16644,391,8,0,0,1,0.0002743390144369843,0.00019718116662661815,0.99,0.7465033207851278,1
2026-01-12 06:15:00,1.16643,1.1669,1.16639,1.16675,381,8,0,1,0,9.427898007289866e-05,0.0004628240839939875,0.99,0.7478424462034479,1
2026-01-12 06:30:00,1.16675,1.16703,1.16654,1.16667,426,8,0,1,0,0.0001628566775522748,0.0003942845877584295,0.99,0.7478424462034479,1
2026-01-12 06:45:00,1.16667,1.1672500000000001,1.16653,1.16695,404,8,0,1,0,7.712412699766355e-05,0.0006341317108701854,0.99,0.7478424462034479,1
2026-01-12 07:00:00,1.16695,1.16776,1.1668,1.1675200000000001,689,8,0,1,0,8.565163765987316e-06,0.00026552007674370497,0.99,0.7469059874569373,1
2026-01-12 07:15:00,1.16754,1.16841,1.16754,1.16809,913,8,0,1,1,7.704885753659689e-05,8.560984170739325e-05,0.99,0.746712739456123,1
2026-01-12 07:30:00,1.1681300000000001,1.1681300000000001,1.16758,1.1677,624,8,0,1,1,0.00016271302560581696,0.00011132996488821057,0.99,0.7472396351771357,1
2026-01-12 07:45:00,1.1677,1.16873,1.16755,1.16844,726,8,0,0,1,0.00022251891410763664,0.00013693471637391563,0.99,0.746807676305854,1
2026-01-12 08:00:00,1.16842,1.16889,1.16779,1.16785,883,8,0,0,1,0.00028257053559955597,1.7125487006148926e-05,0.99,0.7472396351771357,1
2026-01-12 08:15:00,1.16785,1.16816,1.16756,1.16778,614,8,0,0,1,0.00023120793300107252,4.281628388898891e-05,0.99,0.7472396351771357,1
2026-01-12 08:30:00,1.16779,1.1685,1.16779,1.16828,672,8,0,1,1,8.559591878658284e-05,0.0,0.99,0.746807676305854,1
2026-01-12 08:45:00,1.16828,1.16914,1.1681300000000001,1.16876,770,8,0,0,0,0.00041924774975177063,0.0004106916732263561,0.99,0.0,0
2026-01-12 09:00:00,1.1687400000000001,1.16933,1.16844,1.16892,714,8,0,0,0,0.0002823118776305833,0.0005475139444957516,0.99,0.0,0
2026-01-12 09:15:00,1.16891,1.16954,1.16888,1.16949,628,8,0,0,0,0.0002052176589795706,0.0004959426758672798,0.99,0.0,0
2026-01-12 09:30:00,1.1695,1.1695,1.16868,1.16873,460,8,0,0,0,0.0004449273998270378,0.00038503332677355885,0.99,0.0,0
2026-01-12 09:45:00,1.16873,1.1687400000000001,1.16809,1.16816,523,8,0,1,1,1.712094233658829e-05,2.5681413504977475e-05,0.99,0.746712739456123,1
2026-01-12 10:00:00,1.16814,1.16846,1.1681,1.16839,426,8,0,1,1,0.00017973450645764126,9.4146646239744e-05,0.99,0.746807676305854,1
2026-01-12 10:15:00,1.16839,1.16846,1.16756,1.16798,536,8,0,1,1,0.00017123580883232417,0.00012842685662433817,0.99,0.7472396351771357,1
2026-01-12 10:30:00,1.168,1.16825,1.16772,1.16807,487,8,0,1,1,9.417243829569675e-05,0.00010273356904990284,0.99,0.746712739456123,1
2026-01-12 10:45:00,1.16808,1.16852,1.16805,1.16852,440,8,0,0,0,0.00029096635059734275,0.00020538801218637076,0.99,0.0,0
2026-01-12 11:00:00,1.16852,1.16881,1.1683,1.16865,428,8,0,0,0,0.00040217344799552514,0.000316604629273077,0.99,0.0,0
2026-01-12 11:15:00,1.16866,1.16892,1.1684700000000001,1.16863,447,8,0,0,0,0.00038506627418435387,0.0002994959910322963,0.99,0.0,0
2026-01-12 11:30:00,1.16863,1.1687400000000001,1.16794,1.16815,475,8,0,1,1,2.568163335185934e-05,3.424217780254249e-05,0.99,0.746712739456123,1
2026-01-12 11:45:00,1.16815,1.16816,1.16753,1.16782,494,8,0,0,1,0.0002654518675823607,8.562963470263796e-06,0.99,0.7472396351771357,1
2026-01-12 12:00:00,1.1678,1.16844,1.16765,1.16837,599,8,0,1,1,0.00016261971806868754,7.703039276934831e-05,0.99,0.746807676305854,1
2026-01-12 12:15:00,1.16836,1.16843,1.16805,1.16816,462,8,0,1,1,1.712094233658829e-05,2.5681413504977475e-05,0.99,0.746712739456123,1
2026-01-12 12:30:00,1.16818,1.16871,1.16816,1.16864,427,8,0,0,0,0.0003936199342825036,0.00030805038335151626,0.99,0.0,0
2026-01-12 12:45:00,1.16865,1.16871,1.16781,1.16809,646,8,0,1,1,7.704885753659689e-05,8.560984170739325e-05,0.99,0.746712739456123,1
2026-01-12 13:00:00,1.16811,1.1693500000000001,1.16774,1.1691799999999999,875,8,0,1,0,5.987102071538557e-05,0.0007612172633812223,0.99,0.7473251023690077,1
2026-01-12 13:15:00,1.1691799999999999,1.16953,1.1688,1.1689,706,8,0,0,0,0.0002994268115320818,0.00053041320899997,0.99,0.0,0
2026-01-12 13:30:00,1.16889,1.1693,1.1687400000000001,1.16919,637,8,0,1,0,5.1317578836586854e-05,0.0007526578229372403,0.99,0.7473251023690077,1
2026-01-12 13:45:00,1.16917,1.16982,1.16906,1.16924,861,8,0,1,0,8.552564058570924e-06,0.0007098628168724011,0.99,0.7473251023690077,1
2026-01-12 14:00:00,1.16925,1.16925,1.16815,1.1683,900,8,0,1,1,0.00010271334417521012,1.7118890695805e-05,0.99,0.746807676305854,1
2026-01-12 14:15:00,1.16828,1.16839,1.1675,1.16753,788,8,0,1,0,1.713018080898048e-05,0.0002569527121358483,0.99,0.7469059874569373,1
2026-01-12 14:30:00,1.16755,1.1679,1.16737,1.1676199999999999,918,8,0,1,1,9.420873229289706e-05,0.00017985303437766012,0.99,0.7472396351771357,1
2026-01-12 14:45:00,1.16764,1.16789,1.16745,1.16766,816,8,0,1,1,0.00012846205230963848,0.00014559032595105038,0.99,0.7472396351771357,1
2026-01-12 15:00:00,1.16769,1.16789,1.1672500000000001,1.1677,696,8,0,1,1,0.00016271302560581696,0.00011132996488821057,0.99,0.7472396351771357,1
2026-01-12 15:15:00,1.1677,1.16795,1.16753,1.1676,617,8,0,1,1,7.708119218904032e-05,0.00019698526892767426,0.99,0.7472396351771357,1
2026-01-12 15:30:00,1.16759,1.16843,1.16758,1.1681300000000001,638,8,0,1,1,4.28034550947955e-05,5.1364146113830634e-05,0.99,0.746712739456123,1
2026-01-12 15:45:00,1.16814,1.16855,1.16799,1.16807,712,8,0,1,1,9.417243829569675e-05,0.00010273356904990284,0.99,0.746712739456123,1
2026-01-12 16:00:00,1.16807,1.16818,1.1672500000000001,1.1675200000000001,612,8,0,1,0,8.565163765987316e-06,0.00026552007674370497,0.99,0.7469059874569373,1
2026-01-12 16:15:00,1.16751,1.1679,1.16751,1.16771,504,8,0,1,1,0.00017127540228308226,0.00010276524136977329,0.99,0.7472396351771357,1
2026-01-12 16:30:00,1.16774,1.16792,1.16753,1.1678,530,8,0,0,1,0.00024833019352620434,2.5689330364766648e-05,0.99,0.7472396351771357,1
2026-01-12 16:45:00,1.16781,1.16787,1.1671,1.16715,470,8,0,1,0,0.0,0.0005826157734652906,0.99,0.746637719226753,1
2026-01-12 17:00:00,1.16713,1.16754,1.16703,1.16727,535,8,0,1,0,5.1401989256940536e-05,0.00047975189973176207,0.99,0.7470809035987855,1
2026-01-12 17:15:00,1.16726,1.16727,1.16663,1.16687,570,8,0,1,0,8.569934954249841e-06,0.000565615706976874,0.99,0.7478424462034479,1
2026-01-12 17:30:00,1.16689,1.16711,1.16663,1.16699,520,8,0,1,0,0.00011139769835213967,0.0006683861901130284,0.99,0.7478424462034479,1
2026-01-12 17:45:00,1.167,1.1671,1.16658,1.16683,400,8,0,1,0,2.57106862181933e-05,0.000531354181843169,0.99,0.7478424462034479,1
2026-01-12 18:00:00,1.16683,1.1669,1.16648,1.16678,413,8,0,1,0,6.856476799403488e-05,0.0004885239719569751,0.99,0.7478424462034479,1
2026-01-12 18:15:00,1.16678,1.16713,1.16675,1.16695,315,8,0,1,0,7.712412699766355e-05,0.0006341317108701854,0.99,0.7478424462034479,1
2026-01-12 18:30:00,1.16697,1.16712,1.16679,1.1668,282,8,0,1,0,5.142269454915065e-05,0.0005056564964004889,0.99,0.7478424462034479,1
2026-01-12 18:45:00,1.1668,1.167,1.16676,1.16687,292,8,0,1,0,8.569934954249841e-06,0.000565615706976874,0.99,0.7478424462034479,1
2026-01-12 19:00:00,1.16687,1.16719,1.16673,1.16716,239,8,0,1,0,0.0,0.0005740429761129138,0.99,0.7466004437997733,1
2026-01-12 19:15:00,1.16716,1.16736,1.16705,1.16721,256,8,0,1,0,4.2837192964509826e-05,0.0005311811927586663,0.99,0.7466004437997733,1
2026-01-12 19:30:00,1.16721,1.16731,1.1669100000000001,1.16696,282,8,0,1,0,8.569274011104835e-05,0.0006426955508329578,0.99,0.7478424462034479,1
2026-01-12 19:45:00,1.16696,1.16731,1.16696,1.16717,238,8,0,1,0,8.567732207018268e-06,0.0005654703256594008,0.99,0.7466004437997733,1
2026-01-12 20:00:00,1.16718,1.16727,1.16699,1.16714,221,8,0,1,0,8.567952430593988e-06,0.000591188717720117,0.99,0.746637719226753,1
2026-01-12 20:15:00,1.16715,1.16715,1.16698,1.16707,224,8,0,1,0,6.854773064157073e-05,0.0006512034410959684,0.99,0.746637719226753,1
2026-01-12 20:30:00,1.16708,1.16718,1.16658,1.16663,271,8,0,1,0,0.00019714905325591872,0.0003600113146413918,0.99,0.7478424462034479,1
2026-01-12 20:45:00,1.16665,1.16676,1.16625,1.16649,404,8,0,0,0,0.0003171908889060184,0.00024003634836137298,0.99,0.0,0
2026-01-12 21:00:00,1.16646,1.16666,1.16639,1.16663,211,8,0,1,0,0.00019714905325591872,0.0003600113146413918,0.99,0.7478424462034479,1
2026-01-12 21:15:00,1.16663,1.16672,1.1666,1.16666,136,8,0,1,0,0.00017142955102598698,0.00038571648980856586,0.99,0.7478424462034479,1
2026-01-12 21:30:00,1.16666,1.16679,1.16659,1.1667,130,8,0,1,0,0.0001371389388874072,0.0004199880003429343,0.99,0.7478424462034479,1
2026-01-12 21:45:00,1.16671,1.16684,1.16641,1.16656,220,8,0,0,0,0.00025716636949661134,0.0003000274310794751,0.99,0.0,0
2026-01-12 22:00:00,1.16646,1.16657,1.16634,1.16649,57,20,0,0,0,0.0003171908889060184,0.00024003634836137298,0.99,0.0,0
2026-01-12 22:15:00,1.16647,1.16653,1.16641,1.16644,114,63,0,0,1,0.0002743390144369843,0.00019718116662661815,0.99,0.7465033207851278,1
2026-01-12 22:30:00,1.16644,1.16683,1.16644,1.16669,117,20,0,1,0,0.00014571137148685896,0.00041142034302174183,0.99,0.7478424462034479,1
2026-01-12 22:45:00,1.16671,1.16683,1.16643,1.16678,218,20,0,1,0,6.856476799403488e-05,0.0004885239719569751,0.99,0.7478424462034479,1
2026-01-12 23:00:00,1.16686,1.16688,1.16652,1.16655,211,8,0,0,0,0.00026574085980029356,0.0002914577172002974,0.99,0.0,0
2026-01-12 23:15:00,1.16653,1.16703,1.1665,1.16672,243,8,0,1,0,0.00011999451453650318,0.0004371228743828943,0.99,0.7478424462034479,1
2026-01-12 23:30:00,1.16672,1.16681,1.16652,1.16672,169,8,0,1,0,0.00011999451453650318,0.0004371228743828943,0.99,0.7478424462034479,1
2026-01-12 23:45:00,1.16673,1.16681,1.16651,1.16672,176,8,0,1,0,0.00011999451453650318,0.0004371228743828943,0.99,0.7478424462034479,1
2026-01-13 00:00:00,1.16672,1.16672,1.16645,1.16646,217,8,0,0,0,0.00029148020506490315,0.00021432368019484892,0.99,0.0,0
2026-01-13 00:15:00,1.16646,1.16646,1.16622,1.16632,182,8,0,1,1,0.00017147952534465495,9.431373893961734e-05,0.99,0.7468712630885166,1
2026-01-13 00:30:00,1.16632,1.16639,1.16602,1.16612,287,8,0,1,1,0.0,7.717902102692989e-05,0.99,0.7468712630885166,1
2026-01-13 00:45:00,1.16612,1.1663999999999999,1.16608,1.16633,331,8,0,1,1,0.00018005195785073132,0.00010288683305764235,0.99,0.7468712630885166,1
2026-01-13 01:00:00,1.16634,1.16642,1.16598,1.1661,367,8,0,1,1,1.7151187719861955e-05,9.43315324586695e-05,0.99,0.7468712630885166,1
2026-01-13 01:15:00,1.16611,1.16616,1.1657899999999999,1.16596,329,8,0,1,1,0.00013722597687736967,7.718961199367517e-05,0.99,0.746970550711667,1
2026-01-13 01:30:00,1.16596,1.16622,1.1656,1.16588,332,8,0,0,1,0.00020585308951180051,8.577212063047237e-06,0.99,0.746970550711667,1
2026-01-13 01:45:00,1.16588,1.1661,1.16577,1.16581,313,8,0,0,1,0.00026590953929030674,5.146636244323602e-05,0.99,0.746970550711667,1
2026-01-13 02:00:00,1.1657899999999999,1.1661,1.16578,1.16598,240,8,0,1,1,0.00012007067016589391,9.434124084465814e-05,0.99,0.746970550711667,1
2026-01-13 02:15:00,1.16598,1.166,1.16574,1.16574,217,8,0,0,1,0.00028308199083838716,0.00011151714790601976,0.99,0.746970550711667,1
2026-01-13 02:30:00,1.16573,1.16598,1.16565,1.16584,217,8,0,0,1,0.00024017017772598126,2.5732519042042213e-05,0.99,0.746970550711667,1
2026-01-13 02:45:00,1.16584,1.16595,1.16581,1.16589,248,8,0,1,1,0.00019727418538623064,1.715427699022294e-05,0.99,0.746970550711667,1
2026-01-13 03:00:00,1.16589,1.16611,1.16561,1.16605,256,8,0,1,1,6.003173105785729e-05,0.00013721538527502076,0.99,0.7468712630885166,1
2026-01-13 03:15:00,1.16605,1.16632,1.16599,1.16611,236,8,0,1,1,8.575520319751577e-06,8.575520319694454e-05,0.99,0.7468712630885166,1
2026-01-13 03:30:00,1.16611,1.16612,1.1658,1.1658,211,8,0,0,1,0.00027448962086129526,6.004460456340238e-05,0.99,0.746970550711667,1
2026-01-13 03:45:00,1.1658,1.16599,1.16573,1.16584,208,8,0,0,1,0.00024017017772598126,2.5732519042042213e-05,0.99,0.746970550711667,1
2026-01-13 04:00:00,1.16584,1.16605,1.16582,1.16604,153,8,0,1,1,6.860828101958768e-05,0.00014579259716648098,0.99,0.746970550711667,1
2026-01-13 04:15:00,1.16604,1.16651,1.16592,1.16643,370,8,0,0,1,0.0002657681986917624,0.00018860968939422767,0.99,0.7465033207851278,1
2026-01-13 04:30:00,1.16643,1.16653,1.1661,1.16621,232,8,0,1,1,7.717306488533238e-05,0.0,0.99,0.7468712630885166,1
2026-01-13 04:45:00,1.16619,1.16655,1.1661299999999999,1.16652,231,8,0,0,0,0.0002914652127696113,0.00026574769399584445,0.99,0.0,0
2026-01-13 05:00:00,1.16653,1.16657,1.16623,1.16643,246,8,0,0,1,0.0002657681986917624,0.00018860968939422767,0.99,0.7465033207851278,1
2026-01-13 05:15:00,1.16643,1.1667,1.16635,1.16661,230,8,0,0,0,0.00021429612295461507,0.00034287379672723187,0.99,0.0,0
2026-01-13 05:30:00,1.16661,1.16668,1.16627,1.16628,262,8,0,1,1,0.00013718832527346604,6.001989230717709e-05,0.99,0.7468712630885166,1
2026-01-13 05:45:00,1.16628,1.16638,1.1661299999999999,1.16624,276,8,0,1,1,0.00010289477294544689,2.572369323636172e-05,0.99,0.7468712630885166,1
2026-01-13 06:00:00,1.16623,1.16626,1.1655,1.16573,370,8,0,0,1,0.00027450610347153797,0.00012009642026886929,0.99,0.746970550711667,1
2026-01-13 06:15:00,1.16574,1.16583,1.16544,1.16552,319,8,0,1,0,9.437847484370278e-05,0.00030029514723048297,0.99,0.7467071424793549,1
2026-01-13 06:30:00,1.16552,1.16571,1.16535,1.1655,337,8,0,1,0,7.722007722001156e-05,0.00030030030030036247,0.99,0.7467071424793549,1
2026-01-13 06:45:00,1.1655,1.16587,1.16538,1.16586,383,8,0,0,1,0.00022301133926899371,8.57735920270488e-06,0.99,0.746970550711667,1
2026-01-13 07:00:00,1.16584,1.16609,1.16568,1.1656900000000001,424,8,0,0,1,0.00024020108262064353,0.00015441498168453614,0.99,0.746970550711667,1
2026-01-13 07:15:00,1.1657,1.1662,1.16555,1.16608,543,8,0,1,1,3.4302963776104555e-05,0.000111484632272197,0.99,0.7468712630885166,1
2026-01-13 07:30:00,1.16609,1.16633,1.16595,1.16596,450,8,0,1,1,0.00013722597687736967,7.718961199367517e-05,0.99,0.746970550711667,1
2026-01-13 07:45:00,1.16596,1.16644,1.16594,1.16636,438,8,0,0,1,0.00020576837340102367,0.00012860523337571118,0.99,0.7465033207851278,1
2026-01-13 08:00:00,1.16634,1.16682,1.1661,1.16663,680,8,0,1,0,0.00019714905325591872,0.0003600113146413918,0.99,0.7478424462034479,1
2026-01-13 08:15:00,1.16662,1.16662,1.16605,1.1661,495,8,0,1,1,1.7151187719861955e-05,9.43315324586695e-05,0.99,0.7468712630885166,1
2026-01-13 08:30:00,1.16611,1.16631,1.16581,1.1663000000000001,504,8,0,1,1,0.00015433421932613305,7.716710966316172e-05,0.99,0.7468712630885166,1
2026-01-13 08:45:00,1.1663000000000001,1.16686,1.16625,1.16686,452,8,0,1,0,0.0,0.0005570505459095688,0.99,0.7478424462034479,1
2026-01-13 09:00:00,1.16687,1.16699,1.1663000000000001,1.16649,481,8,0,0,0,0.0003171908889060184,0.00024003634836137298,0.99,0.0,0
2026-01-13 09:15:00,1.16649,1.1669100000000001,1.16643,1.16673,384,8,0,1,0,0.00011142252277730364,0.00044569009110940485,0.99,0.7478424462034479,1
2026-01-13 09:30:00,1.16672,1.16722,1.16662,1.16689,480,8,0,1,0,2.5709364207401292e-05,0.0005827455887016034,0.99,0.7478424462034479,1
2026-01-13 09:45:00,1.16689,1.16717,1.16679,1.16713,350,8,0,1,0,1.7136051682253888e-05,0.0005997618088815495,0.99,0.746637719226753,1
2026-01-13 10:00:00,1.16716,1.16742,1.16704,1.16715,455,8,0,1,0,0.0,0.0005826157734652906,0.99,0.746637719226753,1
2026-01-13 10:15:00,1.16715,1.16717,1.16667,1.16672,355,8,0,1,0,0.00011999451453650318,0.0004371228743828943,0.99,0.7478424462034479,1
2026-01-13 10:30:00,1.16673,1.1670099999999999,1.16658,1.1667399999999999,455,8,0,1,0,0.0001028506779574884,0.0004542571609783838,0.99,0.7478424462034479,1
2026-01-13 10:45:00,1.16676,1.16676,1.16649,1.16661,332,8,0,0,0,0.00021429612295461507,0.00034287379672723187,0.99,0.0,0
2026-01-13 11:00:00,1.16662,1.16668,1.16644,1.1666400000000001,246,8,0,1,0,0.0001885757388739345,0.0003685798532539193,0.99,0.7478424462034479,1
2026-01-13 11:15:00,1.16663,1.16684,1.16642,1.16678,273,8,0,1,0,6.856476799403488e-05,0.0004885239719569751,0.99,0.7478424462034479,1
2026-01-13 11:30:00,1.16678,1.167,1.16668,1.16678,295,8,0,1,0,6.856476799403488e-05,0.0004885239719569751,0.99,0.7478424462034479,1
2026-01-13 11:45:00,1.16678,1.16685,1.16656,1.16683,264,8,0,1,0,2.57106862181933e-05,0.000531354181843169,0.99,0.7478424462034479,1
2026-01-13 12:00:00,1.16683,1.16689,1.16632,1.16655,361,8,0,0,0,0.00026574085980029356,0.0002914577172002974,0.99,0.0,0
2026-01-13 12:15:00,1.16655,1.16682,1.16651,1.16661,282,8,0,0,0,0.00021429612295461507,0.00034287379672723187,0.99,0.0,0
2026-01-13 12:30:00,1.16661,1.16662,1.16592,1.16606,352,8,0,1,1,5.1455328199191275e-05,0.00012863832049797818,0.99,0.7468712630885166,1
2026-01-13 12:45:00,1.16606,1.16626,1.16524,1.16548,739,8,0,1,0,6.006109070941972e-05,0.00028314514191591744,0.99,0.7467071424793549,1
2026-01-13 13:00:00,1.16547,1.1658,1.16528,1.16549,587,8,0,1,0,6.864065757737773e-05,0.00029172279470437924,0.99,0.7467071424793549,1
2026-01-13 13:15:00,1.16551,1.16551,1.16498,1.16526,787,8,0,1,1,5.149065444617423e-05,9.439953315144646e-05,0.99,0.7467575548780019,1
2026-01-13 13:30:00,1.16522,1.16772,1.16522,1.16665,2513,8,0,1,0,0.00018000257146534392,0.00037714824497492473,0.99,0.7478424462034479,1
2026-01-13 13:45:00,1.16663,1.16687,1.16598,1.16681,1157,8,0,1,0,4.2851878197911845e-05,0.0005142225383738003,0.99,0.7478424462034479,1
2026-01-13 14:00:00,1.16682,1.16729,1.16654,1.16675,924,8,0,1,0,9.427898007289866e-05,0.0004628240839939875,0.99,0.7478424462034479,1
2026-01-13 14:15:00,1.16673,1.16698,1.16651,1.16686,837,8,0,1,0,0.0,0.0005570505459095688,0.99,0.7478424462034479,1
2026-01-13 14:30:00,1.16688,1.16693,1.1657,1.16606,1188,8,0,1,1,5.1455328199191275e-05,0.00012863832049797818,0.99,0.7468712630885166,1
2026-01-13 14:45:00,1.16606,1.16649,1.1659,1.16636,871,8,0,0,1,0.00020576837340102367,0.00012860523337571118,0.99,0.7465033207851278,1
2026-01-13 15:00:00,1.16633,1.16645,1.16536,1.16548,947,8,0,1,0,6.006109070941972e-05,0.00028314514191591744,0.99,0.7467071424793549,1
2026-01-13 15:15:00,1.16547,1.16558,1.16468,1.16477,855,8,0,0,0,0.0003691715961090433,0.0002575615786807412,0.99,0.0,0
2026-01-13 15:30:00,1.16477,1.16487,1.16437,1.1648100000000001,784,8,0,0,0,0.00033481855409885764,0.00022321236939923844,0.99,0.0,0
2026-01-13 15:45:00,1.16483,1.16546,1.16475,1.1651799999999999,873,8,0,1,1,1.716472991308727e-05,2.574709486944034e-05,0.99,0.7467575548780019,1
2026-01-13 16:00:00,1.1651799999999999,1.16541,1.16366,1.16375,804,8,0,0,1,0.0003523093447905662,0.00011170784103111791,0.99,0.7465961517913471,1
2026-01-13 16:15:00,1.16374,1.16402,1.16341,1.1639,753,8,0,0,1,0.0002233868889081098,1.718360683899732e-05,0.99,0.7465961517913471,1
2026-01-13 16:30:00,1.16389,1.1644700000000001,1.16388,1.16429,549,8,0,1,0,0.000111656030713966,0.00035214594302108705,0.99,0.7465598897682393,1
2026-01-13 16:45:00,1.16429,1.1648100000000001,1.16429,1.16453,516,8,0,0,0,0.00031772474732293836,0.0004637063879848393,0.99,0.0,0
2026-01-13 17:00:00,1.16452,1.16476,1.16425,1.1645,470,8,0,0,0,0.00029197080291971396,0.0004894804637182991,0.99,0.0,0
2026-01-13 17:15:00,1.1645,1.16469,1.1641,1.16431,467,8,0,1,0,0.00012883166854177363,0.0003693174498200054,0.99,0.7465598897682393,1
2026-01-13 17:30:00,1.16432,1.16482,1.16426,1.16461,449,8,0,0,0,0.00038639544568554233,0.00039498201114547104,0.99,0.0,0
2026-01-13 17:45:00,1.16461,1.16483,1.16441,1.16458,401,8,0,0,0,0.00036064503941323476,0.00042075254598232965,0.99,0.0,0
2026-01-13 18:00:00,1.1646,1.16466,1.16412,1.16455,530,8,0,0,0,0.0003348933064272813,0.00044652440856989906,0.99,0.0,0
2026-01-13 18:15:00,1.16455,1.16496,1.16446,1.16482,365,8,0,0,0,0.0003262306622482847,0.00021462543568970613,0.99,0.0,0
2026-01-13 18:30:00,1.16482,1.1651,1.16469,1.16506,323,8,0,1,1,0.000120165485039422,8.58324893144174e-06,0.99,0.7469520158646528,1
2026-01-13 18:45:00,1.1650800000000001,1.1654,1.16505,1.16527,299,8,0,1,1,6.0071914663566805e-05,0.00010298042513762476,0.99,0.7467575548780019,1
2026-01-13 19:00:00,1.16527,1.1653,1.16473,1.16503,324,8,0,1,1,0.00014591898921058127,3.4333879814288045e-05,0.99,0.7469520158646528,1
2026-01-13 19:15:00,1.16505,1.16511,1.16464,1.16473,347,8,0,0,0,0.0004035269976732551,0.0002919131472530174,0.99,0.0,0
2026-01-13 19:30:00,1.16473,1.16485,1.1645699999999999,1.1648,218,8,0,0,0,0.0003434065934065556,0.00023179945054944406,0.99,0.0,0
2026-01-13 19:45:00,1.1648,1.16506,1.16463,1.16489,375,8,0,0,1,0.0002661195477684867,0.00015452102773658372,0.99,0.7469520158646528,1
2026-01-13 20:00:00,1.1649,1.16496,1.16469,1.16493,256,8,0,0,1,0.00023177358296205992,0.00012017889486924449,0.99,0.7469520158646528,1
2026-01-13 20:15:00,1.16493,1.16494,1.16458,1.1646,251,8,0,0,0,0.000377812124334532,0.00040357204190277383,0.99,0.0,0
2026-01-13 20:30:00,1.1646,1.16487,1.16449,1.1648,281,8,0,0,0,0.0003434065934065556,0.00023179945054944406,0.99,0.0,0
2026-01-13 20:45:00,1.1648,1.1648399999999999,1.16451,1.16452,281,8,0,0,0,0.0003091402466251468,0.0004722975990107945,0.99,0.0,0
2026-01-13 21:00:00,1.16452,1.16462,1.16426,1.16427,195,8,0,1,0,9.447980279474045e-05,0.0003349738462726777,0.99,0.7465598897682393,1
2026-01-13 21:15:00,1.16427,1.1645699999999999,1.16425,1.16448,158,8,0,0,0,0.0002748007694420479,0.00050666391865905,0.99,0.0,0
2026-01-13 21:30:00,1.16448,1.16463,1.16443,1.16444,121,8,0,0,0,0.0002404589330492219,0.0004809178660986345,0.99,0.0,0
2026-01-13 21:45:00,1.16444,1.16444,1.16419,1.1642000000000001,148,8,0,1,0,3.435835767053771e-05,0.0002748668613641109,0.99,0.7465598897682393,1
2026-01-13 22:00:00,1.1642299999999999,1.16426,1.16403,1.1642000000000001,73,8,0,1,0,3.435835767053771e-05,0.0002748668613641109,0.99,0.7465598897682393,1
2026-01-13 22:15:00,1.16421,1.16422,1.16406,1.16414,140,48,0,1,0,1.7180064253552858e-05,0.00022334083529466128,0.99,0.7465598897682393,1
2026-01-13 22:30:00,1.16414,1.16425,1.164,1.16422,244,20,0,1,0,5.153665114836455e-05,0.0002920410231743201,0.99,0.7465598897682393,1
2026-01-13 22:45:00,1.16422,1.16448,1.16403,1.16444,175,8,0,0,0,0.0002404589330492219,0.0004809178660986345,0.99,0.0,0
2026-01-13 23:00:00,1.1645,1.1645,1.16429,1.16444,193,8,0,0,0,0.0002404589330492219,0.0004809178660986345,0.99,0.0,0
2026-01-13 23:15:00,1.16444,1.16451,1.16442,1.16444,65,8,0,0,0,0.0002404589330492219,0.0004809178660986345,0.99,0.0,0
2026-01-13 23:30:00,1.16443,1.16454,1.16426,1.1643,132,8,0,1,0,0.00012024392338727729,0.00036073177016221334,0.99,0.7465598897682393,1
2026-01-13 23:45:00,1.1643,1.16437,1.16418,1.16418,106,8,0,1,0,1.7179473964429023e-05,0.0002576921094675797,0.99,0.7465598897682393,1
2026-01-14 00:00:00,1.16418,1.16429,1.16378,1.16382,238,8,0,0,1,0.0002921413964358809,5.155436407687527e-05,0.99,0.7465961517913471,1
2026-01-14 00:15:00,1.16382,1.16412,1.16379,1.16412,205,8,0,1,0,3.4360718826272204e-05,0.0002061643129574425,0.99,0.7465598897682393,1
2026-01-14 00:30:00,1.16412,1.16434,1.16404,1.16426,226,8,0,1,0,8.589146754160495e-05,0.0003263875766581751,0.99,0.7465598897682393,1
2026-01-14 00:45:00,1.16427,1.16432,1.16406,1.16426,295,8,0,1,0,8.589146754160495e-05,0.0003263875766581751,0.99,0.7465598897682393,1
2026-01-14 01:00:00,1.16426,1.16429,1.16368,1.16373,346,8,0,0,1,0.0003695015166749611,0.00012889587790990565,0.99,0.7465961517913471,1
2026-01-14 01:15:00,1.16373,1.1639,1.16364,1.16371,250,8,0,0,1,0.00038669427950267804,0.00014608450558988362,0.99,0.7465961517913471,1
2026-01-14 01:30:00,1.16372,1.16391,1.16365,1.16382,266,8,0,0,1,0.0002921413964358809,5.155436407687527e-05,0.99,0.7465961517913471,1
2026-01-14 01:45:00,1.16382,1.16392,1.1637,1.16378,238,8,0,0,1,0.00032652219491660536,8.592689339908658e-05,0.99,0.7465961517913471,1
2026-01-14 02:00:00,1.1638,1.16394,1.16358,1.16372,283,8,0,0,1,0.00037809782421888074,0.0001374901178977228,0.99,0.7465961517913471,1
2026-01-14 02:15:00,1.16372,1.16393,1.16366,1.16389,209,8,0,0,1,0.00023198068545995967,8.591877239314292e-06,0.99,0.7465961517913471,1
2026-01-14 02:30:00,1.16389,1.16413,1.16383,1.16407,255,8,0,1,1,7.731493810522178e-05,0.00016322042488846244,0.99,0.7465961517913471,1
2026-01-14 02:45:00,1.16407,1.16441,1.16401,1.16431,218,8,0,1,0,0.00012883166854177363,0.0003693174498200054,0.99,0.7465598897682393,1
2026-01-14 03:00:00,1.16431,1.16452,1.16431,1.16449,292,8,0,0,0,0.0002833858599042855,0.0004980721174076419,0.99,0.0,0
2026-01-14 03:15:00,1.1644700000000001,1.1645699999999999,1.16437,1.16443,183,8,0,0,0,0.000231873105296147,0.0004723341033810967,0.99,0.0,0
2026-01-14 03:30:00,1.16443,1.16474,1.16442,1.16473,225,8,0,0,0,0.0004035269976732551,0.0002919131472530174,0.99,0.0,0
2026-01-14 03:45:00,1.16473,1.16485,1.1646,1.16466,181,8,0,0,0,0.00042930984149875924,0.00035203407002903973,0.99,0.0,0
2026-01-14 04:00:00,1.16467,1.16477,1.16458,1.1646,165,8,0,0,0,0.000377812124334532,0.00040357204190277383,0.99,0.0,0
2026-01-14 04:15:00,1.1646,1.16466,1.16442,1.16448,161,8,0,0,0,0.0002748007694420479,0.00050666391865905,0.99,0.0,0
2026-01-14 04:30:00,1.16448,1.16459,1.16436,1.16438,130,8,0,1,0,0.00018894175440997522,0.00042941307820466254,0.99,0.7465598897682393,1
2026-01-14 04:45:00,1.16438,1.16445,1.1643,1.16437,149,8,0,1,0,0.000180355041782098,0.00042082843082514963,0.99,0.7465598897682393,1
2026-01-14 05:00:00,1.16436,1.16448,1.16428,1.16428,171,8,0,1,0,0.00010306799051765724,0.00034355996839244507,0.99,0.7465598897682393,1
2026-01-14 05:15:00,1.16427,1.16432,1.16417,1.16427,170,8,0,1,0,9.447980279474045e-05,0.0003349738462726777,0.99,0.7465598897682393,1
2026-01-14 05:30:00,1.16427,1.16438,1.16416,1.16416,196,8,0,1,0,0.0,0.0002405167674546952,0.99,0.7465598897682393,1
2026-01-14 05:45:00,1.16416,1.16436,1.16413,1.16416,174,8,0,1,0,0.0,0.0002405167674546952,0.99,0.7465598897682393,1
2026-01-14 06:00:00,1.16416,1.16455,1.16411,1.1645,213,8,0,0,0,0.00029197080291971396,0.0004894804637182991,0.99,0.0,0
2026-01-14 06:15:00,1.1645,1.16468,1.16446,1.16463,242,8,0,0,0,0.0004035616461880343,0.00037780239217605243,0.99,0.0,0
2026-01-14 06:30:00,1.16463,1.16468,1.16448,1.16464,219,8,0,0,0,0.00041214452534672855,0.0003692128039567184,0.99,0.0,0
2026-01-14 06:45:00,1.16464,1.16497,1.16442,1.16486,324,8,0,0,1,0.00029188056933881064,0.00018027917517988727,0.99,0.7469520158646528,1
2026-01-14 07:00:00,1.16487,1.16505,1.16471,1.1648399999999999,400,8,0,0,1,0.00030905532090256003,0.0001974520105767097,0.99,0.7469520158646528,1
2026-01-14 07:15:00,1.1648399999999999,1.16515,1.16477,1.16482,301,8,0,0,0,0.0003262306622482847,0.00021462543568970613,0.99,0.0,0
2026-01-14 07:30:00,1.16482,1.16496,1.16465,1.1648399999999999,274,8,0,0,1,0.00030905532090256003,0.0001974520105767097,0.99,0.7469520158646528,1
2026-01-14 07:45:00,1.16483,1.16492,1.16442,1.16456,355,8,0,0,0,0.0003434773648416191,0.00043793364017312154,0.99,0.0,0
2026-01-14 08:00:00,1.1645699999999999,1.16502,1.16441,1.16442,482,8,0,0,0,0.0002232871300732785,0.00046375019322923423,0.99,0.0,0
2026-01-14 08:15:00,1.16444,1.16456,1.16405,1.16424,488,8,0,1,0,6.871435442851814e-05,0.00030921459492880846,0.99,0.7465598897682393,1
2026-01-14 08:30:00,1.16424,1.16478,1.16417,1.16427,888,8,0,1,0,9.447980279474045e-05,0.0003349738462726777,0.99,0.7465598897682393,1
2026-01-14 08:45:00,1.16425,1.16473,1.1642000000000001,1.16472,603,8,0,0,0,0.0004121162167731609,0.00030050140806380286,0.99,0.0,0
2026-01-14 09:00:00,1.16473,1.16496,1.16456,1.16491,467,8,0,0,1,0.0002489462705274429,0.0001373496664979784,0.99,0.7469520158646528,1
2026-01-14 09:15:00,1.16491,1.16509,1.16456,1.16479,490,8,0,0,0,0.0003519947801749856,0.0002403866791439298,0.99,0.0,0
2026-01-14 09:30:00,1.16479,1.16526,1.16466,1.16487,440,8,0,0,1,0.0002832934147157549,0.0001716929786156206,0.99,0.7469520158646528,1
2026-01-14 09:45:00,1.16488,1.16533,1.16486,1.16514,384,8,0,1,1,5.1495957567287176e-05,8.582659594420813e-06,0.99,0.7467575548780019,1
2026-01-14 10:00:00,1.16515,1.16517,1.16465,1.16499,479,8,0,1,1,0.00018025905801770273,6.867011734013169e-05,0.99,0.7469520158646528,1
2026-01-14 10:15:00,1.16499,1.16545,1.16493,1.16544,407,8,0,1,0,2.5741350906073665e-05,0.0002488330587590296,0.99,0.7467071424793549,1
2026-01-14 10:30:00,1.16544,1.16567,1.1653,1.16539,481,8,0,1,0,1.716163687703775e-05,0.0002059396425231193,0.99,0.7467071424793549,1
2026-01-14 10:45:00,1.16538,1.16576,1.1653,1.16546,528,8,0,1,0,4.290151528141976e-05,0.0002659893947454503,0.99,0.7467071424793549,1
2026-01-14 11:00:00,1.16545,1.16547,1.16496,1.16502,516,8,0,1,1,0.00015450378534280013,4.291771815085193e-05,0.99,0.7469520158646528,1
2026-01-14 11:15:00,1.16502,1.16512,1.16477,1.16477,348,8,0,0,0,0.0003691715961090433,0.0002575615786807412,0.99,0.0,0
2026-01-14 11:30:00,1.16477,1.16492,1.16462,1.16466,288,8,0,0,0,0.00042930984149875924,0.00035203407002903973,0.99,0.0,0
2026-01-14 11:45:00,1.16467,1.1648100000000001,1.16435,1.16468,390,8,0,0,0,0.00044647456812159044,0.0003348559260913835,0.99,0.0,0
2026-01-14 12:00:00,1.16468,1.16533,1.16446,1.16465,809,8,0,0,0,0.0004207272571157682,0.0003606233632422504,0.99,0.0,0
2026-01-14 12:15:00,1.16466,1.16473,1.16446,1.16452,387,8,0,0,0,0.0003091402466251468,0.0004722975990107945,0.99,0.0,0
2026-01-14 12:30:00,1.16452,1.16487,1.16449,1.16479,387,8,0,0,0,0.0003519947801749856,0.0002403866791439298,0.99,0.0,0
2026-01-14 12:45:00,1.16479,1.16596,1.16453,1.16592,666,8,0,1,1,0.00017153835597637741,4.288458899418958e-05,0.99,0.746970550711667,1
2026-01-14 13:00:00,1.16592,1.16592,1.16502,1.1650800000000001,580,8,0,1,1,0.00010299721907499739,8.583101589646643e-06,0.99,0.7469520158646528,1
2026-01-14 13:15:00,1.16509,1.1652,1.16463,1.1648,510,8,0,0,0,0.0003434065934065556,0.00023179945054944406,0.99,0.0,0
2026-01-14 13:30:00,1.1648100000000001,1.16525,1.16445,1.16523,871,8,0,1,1,2.5745990062025946e-05,6.865597349886289e-05,0.99,0.7467575548780019,1
2026-01-14 13:45:00,1.16522,1.16533,1.16449,1.16498,601,8,0,1,1,0.00018884444368153018,7.72545451425308e-05,0.99,0.7469520158646528,1
2026-01-14 14:00:00,1.16497,1.16571,1.1648399999999999,1.16528,991,8,0,1,1,6.865302759858575e-05,0.00011156116984774948,0.99,0.7467575548780019,1
2026-01-14 14:15:00,1.1653,1.16584,1.16521,1.16546,811,8,0,1,0,4.290151528141976e-05,0.0002659893947454503,0.99,0.7467071424793549,1
2026-01-14 14:30:00,1.16544,1.16591,1.16519,1.16586,901,8,0,0,1,0.00022301133926899371,8.57735920270488e-06,0.99,0.746970550711667,1
2026-01-14 14:45:00,1.16586,1.16595,1.16543,1.16557,766,8,0,1,0,0.00013727189272196263,0.00025738479885375137,0.99,0.7467071424793549,1
2026-01-14 15:00:00,1.16555,1.16585,1.16517,1.16531,1162,8,0,1,1,8.581407522460888e-05,0.00013730252035952666,0.99,0.7467575548780019,1
2026-01-14 15:15:00,1.16529,1.16556,1.16495,1.16512,767,8,0,1,1,6.866245536947268e-05,2.5748420763504613e-05,0.99,0.7467575548780019,1
2026-01-14 15:30:00,1.16514,1.16537,1.16491,1.16524,662,8,0,1,1,3.4327692149291134e-05,7.723730733595269e-05,0.99,0.7467575548780019,1
2026-01-14 15:45:00,1.16526,1.1660300000000001,1.16523,1.16592,764,8,0,1,1,0.00017153835597637741,4.288458899418958e-05,0.99,0.746970550711667,1
2026-01-14 16:00:00,1.16593,1.16612,1.16575,1.16587,505,8,0,0,1,0.00021443214080479254,0.0,0.99,0.746970550711667,1
2026-01-14 16:15:00,1.16588,1.16611,1.16536,1.16558,537,8,0,1,0,0.0001458501346968921,0.00024880317095343215,0.99,0.7467071424793549,1
2026-01-14 16:30:00,1.16558,1.16575,1.16546,1.16548,639,8,0,1,0,6.006109070941972e-05,0.00028314514191591744,0.99,0.7467071424793549,1
2026-01-14 16:45:00,1.1655,1.1656900000000001,1.16524,1.1654,548,8,0,1,0,8.580744808705605e-06,0.00021451862021630642,0.99,0.7467071424793549,1
2026-01-14 17:00:00,1.1654,1.16555,1.1651799999999999,1.16533,464,8,0,1,1,6.865008195110399e-05,0.0001544626843898887,0.99,0.7467575548780019,1
2026-01-14 17:15:00,1.16533,1.16533,1.16498,1.16513,476,8,0,1,1,6.007913280064413e-05,1.7165466514388076e-05,0.99,0.7467575548780019,1
2026-01-14 17:30:00,1.16512,1.16516,1.16456,1.16464,459,8,0,0,0,0.00041214452534672855,0.0003692128039567184,0.99,0.0,0
2026-01-14 17:45:00,1.16464,1.16482,1.16452,1.16465,378,8,0,0,0,0.0004207272571157682,0.0003606233632422504,0.99,0.0,0
2026-01-14 18:00:00,1.16465,1.16469,1.16433,1.16437,401,8,0,1,0,0.000180355041782098,0.00042082843082514963,0.99,0.7465598897682393,1
2026-01-14 18:15:00,1.16437,1.16451,1.16415,1.16444,287,8,0,0,0,0.0002404589330492219,0.0004809178660986345,0.99,0.0,0
2026-01-14 18:30:00,1.16444,1.16474,1.16397,1.164,411,8,0,1,1,0.00013745704467367698,0.00010309278350506699,0.99,0.7465961517913471,1
2026-01-14 18:45:00,1.16402,1.16421,1.16378,1.16378,465,8,0,0,1,0.00032652219491660536,8.592689339908658e-05,0.99,0.7465961517913471,1
2026-01-14 19:00:00,1.16377,1.16388,1.16355,1.16366,413,8,0,0,1,0.00042967877215008423,0.0001890586597460676,0.99,0.7465961517913471,1
2026-01-14 19:15:00,1.16366,1.16384,1.16363,1.16373,244,8,0,0,1,0.0003695015166749611,0.00012889587790990565,0.99,0.7465961517913471,1
2026-01-14 19:30:00,1.16374,1.16389,1.16354,1.1638,255,8,0,0,1,0.0003093315002578948,6.87403333906857e-05,0.99,0.7465961517913471,1
2026-01-14 19:45:00,1.1638,1.1639,1.16348,1.16361,326,8,0,0,1,0.00047266695886083004,0.00017187889413117623,0.99,0.7463231108286543,1
2026-01-14 20:00:00,1.1635900000000001,1.16429,1.1635900000000001,1.1642000000000001,574,8,0,1,0,3.435835767053771e-05,0.0002748668613641109,0.99,0.7465598897682393,1
2026-01-14 20:15:00,1.1642000000000001,1.16436,1.16413,1.16432,353,8,0,1,0,0.00013741926618106531,0.00037790298199807265,0.99,0.7465598897682393,1
2026-01-14 20:30:00,1.16434,1.16469,1.16427,1.16427,445,8,0,1,0,9.447980279474045e-05,0.0003349738462726777,0.99,0.7465598897682393,1
2026-01-14 20:45:00,1.16427,1.16446,1.16412,1.16429,343,8,0,1,0,0.000111656030713966,0.00035214594302108705,0.99,0.7465598897682393,1
2026-01-14 21:00:00,1.1643,1.1646,1.16422,1.16431,248,8,0,1,0,0.00012883166854177363,0.0003693174498200054,0.99,0.7465598897682393,1
2026-01-14 21:15:00,1.1643,1.16446,1.16418,1.16426,193,8,0,1,0,8.589146754160495e-05,0.0003263875766581751,0.99,0.7465598897682393,1
2026-01-14 21:30:00,1.16426,1.16444,1.1642299999999999,1.16444,171,8,0,0,0,0.0002404589330492219,0.0004809178660986345,0.99,0.0,0
2026-01-14 21:45:00,1.16444,1.16458,1.16425,1.16433,271,8,0,1,0,0.0001460067163089532,0.0003864883667002151,0.99,0.7465598897682393,1
2026-01-14 22:00:00,1.16433,1.16449,1.16424,1.16446,79,20,0,0,0,0.0002576301461621412,0.0004980849492468826,0.99,0.0,0
2026-01-14 22:15:00,1.1644700000000001,1.16449,1.1642299999999999,1.16448,59,20,0,0,0,0.0002748007694420479,0.00050666391865905,0.99,0.0,0
2026-01-14 22:30:00,1.16437,1.16446,1.16426,1.16429,103,20,0,1,0,0.000111656030713966,0.00035214594302108705,0.99,0.7465598897682393,1
2026-01-14 22:45:00,1.1643,1.16444,1.16416,1.1644,104,8,0,0,0,0.00020611473720372547,0.0004465819306081037,0.99,0.0,0
2026-01-14 23:00:00,1.16441,1.16461,1.16439,1.16458,228,8,0,0,0,0.00036064503941323476,0.00042075254598232965,0.99,0.0,0
2026-01-14 23:15:00,1.16459,1.16466,1.16443,1.16444,139,8,0,0,0,0.0002404589330492219,0.0004809178660986345,0.99,0.0,0
2026-01-14 23:30:00,1.16444,1.16462,1.16444,1.16452,168,8,0,0,0,0.0003091402466251468,0.0004722975990107945,0.99,0.0,0
2026-01-14 23:45:00,1.16452,1.16466,1.16446,1.16446,140,8,0,0,0,0.0002576301461621412,0.0004980849492468826,0.99,0.0,0
2026-01-15 00:00:00,1.1644700000000001,1.1644700000000001,1.16421,1.16428,166,8,0,1,0,0.00010306799051765724,0.00034355996839244507,0.99,0.7465598897682393,1
2026-01-15 00:15:00,1.16428,1.16453,1.1641,1.16413,210,8,0,1,0,2.577031774799592e-05,0.0002147526479002203,0.99,0.7465598897682393,1
2026-01-15 00:30:00,1.16413,1.1643,1.1637,1.16384,365,8,0,0,1,0.00027495188342048564,3.436898542758455e-05,0.99,0.7465961517913471,1
2026-01-15 00:45:00,1.16385,1.16408,1.16354,1.16374,452,8,0,0,1,0.0003609053568667288,0.00012030178562224293,0.99,0.7465961517913471,1
2026-01-15 01:00:00,1.16374,1.16394,1.16368,1.16388,414,8,0,0,1,0.00024057462968695911,0.0,0.99,0.7465961517913471,1
2026-01-15 01:15:00,1.1638600000000001,1.16414,1.16382,1.1639599999999999,448,8,0,1,1,0.00017182721055723568,6.873088422270351e-05,0.99,0.7465961517913471,1
2026-01-15 01:30:00,1.1639599999999999,1.16399,1.16328,1.16391,556,8,0,0,1,0.00021479324002722158,2.577518880323607e-05,0.99,0.7465961517913471,1
2026-01-15 01:45:00,1.16392,1.16408,1.16371,1.16384,399,8,0,0,1,0.00027495188342048564,3.436898542758455e-05,0.99,0.7465961517913471,1
2026-01-15 02:00:00,1.16384,1.16405,1.16371,1.16404,313,8,0,1,1,0.00010308924091965913,0.00013745232122602143,0.99,0.7465961517913471,1
2026-01-15 02:15:00,1.16404,1.16406,1.16368,1.1637,268,8,0,0,1,0.0003952908825299708,0.00015467904099000516,0.99,0.7465961517913471,1
2026-01-15 02:30:00,1.1637,1.16394,1.16358,1.16388,249,8,0,0,1,0.00024057462968695911,0.0,0.99,0.7465961517913471,1
2026-01-15 02:45:00,1.16388,1.16401,1.16383,1.164,209,8,0,1,1,0.00013745704467367698,0.00010309278350506699,0.99,0.7465961517913471,1
2026-01-15 03:00:00,1.164,1.164,1.16369,1.1637,190,8,0,0,1,0.0003952908825299708,0.00015467904099000516,0.99,0.7465961517913471,1
2026-01-15 03:15:00,1.1637,1.16395,1.16366,1.16395,262,8,0,1,1,0.00018042012113926156,6.014004037975385e-05,0.99,0.7465961517913471,1
2026-01-15 03:30:00,1.1639599999999999,1.16411,1.16381,1.16411,223,8,0,1,1,4.295126749199433e-05,0.00019757583046271614,0.99,0.7465961517913471,1
2026-01-15 03:45:00,1.16411,1.16411,1.1637,1.1638600000000001,195,8,0,0,1,0.0002577629611808696,1.7184197411981663e-05,0.99,0.7465961517913471,1
2026-01-15 04:00:00,1.16387,1.16391,1.16358,1.1635900000000001,170,8,0,0,1,0.0004898632679895491,0.00015469366357571737,0.99,0.7463231108286543,1
2026-01-15 04:15:00,1.1635900000000001,1.16361,1.16343,1.16351,177,8,0,0,1,0.0005586544163780625,8.5946833288918e-05,0.99,0.7463231108286543,1
2026-01-15 04:30:00,1.16351,1.16366,1.16351,1.1635900000000001,146,8,0,0,1,0.0004898632679895491,0.00015469366357571737,0.99,0.7463231108286543,1
2026-01-15 04:45:00,1.1635900000000001,1.1636199999999999,1.1634,1.16344,153,8,0,0,1,0.0006188544316853932,2.5785601320200862e-05,0.99,0.7463231108286543,1
2026-01-15 05:00:00,1.16342,1.16375,1.16332,1.16367,245,8,0,0,1,0.00042108157811071996,0.00018046353347602283,0.99,0.7465961517913471,1
2026-01-15 05:15:00,1.16366,1.16372,1.16357,1.16369,184,8,0,0,1,0.0004038876333045678,0.00016327372410189527,0.99,0.7465961517913471,1
2026-01-15 05:30:00,1.16369,1.16372,1.1635,1.16357,176,8,0,0,1,0.0005070601682752997,0.00013750784224407468,0.99,0.7463231108286543,1
2026-01-15 05:45:00,1.16356,1.16373,1.16345,1.1635,248,8,0,0,1,0.0005672539750752944,7.73528147829166e-05,0.99,0.7463231108286543,1
2026-01-15 06:00:00,1.16351,1.16379,1.1633499999999999,1.16337,344,8,0,0,1,0.0006790616914653708,3.438287045397423e-05,0.99,0.7463231108286543,1
2026-01-15 06:15:00,1.16337,1.16355,1.16328,1.16347,325,8,0,0,1,0.0005930535381230968,5.15698728802195e-05,0.99,0.7463231108286543,1
2026-01-15 06:30:00,1.16347,1.16348,1.16295,1.16296,354,8,0,0,1,0.0006449061016716211,0.0,0.99,0.7477872227215332,1
2026-01-15 06:45:00,1.16297,1.16336,1.16297,1.16329,343,8,0,0,1,0.0007478788608172928,0.00010315570494040181,0.99,0.7463231108286543,1
2026-01-15 07:00:00,1.1633,1.1636199999999999,1.16303,1.16311,581,8,0,0,1,0.0007737875179476772,4.298819544162247e-05,0.99,0.746980993487453,1
2026-01-15 07:15:00,1.16313,1.16326,1.16257,1.16269,521,8,0,0,1,0.00041283575157611744,6.880595859608322e-05,0.99,0.7469464438059095,1
2026-01-15 07:30:00,1.16268,1.16315,1.16263,1.16289,411,8,0,0,1,0.0005847500623446878,6.0194859359023205e-05,0.99,0.7477872227215332,1
2026-01-15 07:45:00,1.1629,1.16295,1.16268,1.16285,366,8,0,0,1,0.000550371931031495,6.879649137881753e-05,0.99,0.7469464438059095,1
2026-01-15 08:00:00,1.16283,1.16303,1.16266,1.16288,513,8,0,0,1,0.0005761557512382606,6.879471656583655e-05,0.99,0.7477872227215332,1
2026-01-15 08:15:00,1.16285,1.16345,1.16273,1.16334,432,8,0,0,1,0.0007048670208194018,6.017157494800703e-05,0.99,0.7463231108286543,1
2026-01-15 08:30:00,1.16334,1.16352,1.16306,1.16313,509,8,0,0,1,0.0007909691951888713,6.0182438764381016e-05,0.99,0.746980993487453,1
2026-01-15 08:45:00,1.16313,1.16334,1.16291,1.16305,383,8,0,0,1,0.0007222389407161789,8.59808262763038e-06,0.99,0.746980993487453,1
2026-01-15 09:00:00,1.16306,1.16345,1.16302,1.16316,423,8,0,0,1,0.0008167406031844342,8.597269507203565e-05,0.99,0.746980993487453,1
2026-01-15 09:15:00,1.16316,1.16344,1.1631,1.16316,586,8,0,0,1,0.0008167406031844342,8.597269507203565e-05,0.99,0.746980993487453,1
2026-01-15 09:30:00,1.16316,1.16365,1.1629800000000001,1.1636,495,8,0,0,1,0.0004812650395325851,0.0001632863526984466,0.99,0.7463231108286543,1
2026-01-15 09:45:00,1.1636,1.16394,1.16343,1.16355,418,8,0,0,1,0.0005242576597481839,0.0001203214301061656,0.99,0.7463231108286543,1
2026-01-15 10:00:00,1.16354,1.16368,1.16326,1.16363,454,8,0,0,1,0.00045547124085847004,0.0001890635339411041,0.99,0.7463231108286543,1
2026-01-15 10:15:00,1.1636199999999999,1.16389,1.16351,1.16382,389,8,0,0,1,0.0002921413964358809,5.155436407687527e-05,0.99,0.7465961517913471,1
2026-01-15 10:30:00,1.16381,1.16405,1.16366,1.1638600000000001,461,8,0,0,1,0.0002577629611808696,1.7184197411981663e-05,0.99,0.7465961517913471,1
2026-01-15 10:45:00,1.16385,1.16387,1.16338,1.16354,387,8,0,0,1,0.000532856627189495,0.00011172800247517359,0.99,0.7463231108286543,1
2026-01-15 11:00:00,1.16357,1.16376,1.16344,1.16373,379,8,0,0,1,0.0003695015166749611,0.00012889587790990565,0.99,0.7465961517913471,1
2026-01-15 11:15:00,1.16372,1.16372,1.16324,1.16337,370,8,0,0,1,0.0006790616914653708,3.438287045397423e-05,0.99,0.7463231108286543,1
2026-01-15 11:30:00,1.16336,1.16361,1.16322,1.16329,349,8,0,0,1,0.0007478788608172928,0.00010315570494040181,0.99,0.7463231108286543,1
2026-01-15 11:45:00,1.16329,1.16334,1.16299,1.16306,426,8,0,0,1,0.0007308307396007235,0.0,0.99,0.746980993487453,1
2026-01-15 12:00:00,1.16304,1.16344,1.163,1.16327,405,8,0,0,1,0.0007650846321146917,0.00012035039156862034,0.99,0.7463231108286543,1
2026-01-15 12:15:00,1.1632500000000001,1.16343,1.16315,1.16337,321,8,0,0,1,0.0006790616914653708,3.438287045397423e-05,0.99,0.7463231108286543,1
2026-01-15 12:30:00,1.16338,1.16347,1.16314,1.16317,262,8,0,0,1,0.0008253307771005716,9.45691515428136e-05,0.99,0.746980993487453,1
2026-01-15 12:45:00,1.16317,1.16319,1.16199,1.16225,563,8,0,1,1,3.4416003441634765e-05,7.743600774353493e-05,0.99,0.7472774170674634,1
2026-01-15 13:00:00,1.16225,1.16247,1.16177,1.16229,621,8,0,1,1,6.882963804220978e-05,0.00011184816181844762,0.99,0.7472774170674634,1
2026-01-15 13:15:00,1.16228,1.16236,1.1617,1.16194,576,8,0,0,1,0.00023237000189337874,0.00017212592732841452,0.99,0.7465910210740435,1
2026-01-15 13:30:00,1.16192,1.16192,1.16029,1.16061,1364,8,0,1,0,0.00012924238116171195,0.00038772714348475325,0.99,0.7473553218432936,1
2026-01-15 13:45:00,1.16061,1.1608,1.15984,1.16009,911,8,0,0,1,0.00037066089699950216,6.0340146023165864e-05,0.99,0.7471931658810174,1
2026-01-15 14:00:00,1.16011,1.16076,1.15966,1.16069,930,8,0,1,0,6.030895415659176e-05,0.00045662493861403083,0.99,0.7473553218432936,1
2026-01-15 14:15:00,1.16067,1.16104,1.16045,1.16061,710,8,0,1,0,0.00012924238116171195,0.00038772714348475325,0.99,0.7473553218432936,1
2026-01-15 14:30:00,1.16061,1.16083,1.15928,1.15953,865,8,0,1,0,0.0001121143911757035,0.0002156045984147555,0.99,0.7467461665828254,1
2026-01-15 14:45:00,1.15953,1.16018,1.15939,1.16009,940,8,0,0,1,0.00037066089699950216,6.0340146023165864e-05,0.99,0.7471931658810174,1
2026-01-15 15:00:00,1.16008,1.16069,1.15993,1.16017,854,8,0,0,1,0.0004395907496315286,8.619426463228206e-06,0.99,0.7471931658810174,1
2026-01-15 15:15:00,1.16017,1.16036,1.15967,1.16007,757,8,0,0,1,0.00035342694837382354,7.758152525291191e-05,0.99,0.7471931658810174,1
2026-01-15 15:30:00,1.16005,1.1605,1.15979,1.16046,612,8,0,0,0,0.0002585181738275916,0.0002585181738275916,0.99,0.0,0
2026-01-15 15:45:00,1.16048,1.1609099999999999,1.16006,1.16021,798,8,0,0,1,0.00047405211125576446,4.3095646477692376e-05,0.99,0.7471931658810174,1
2026-01-15 16:00:00,1.16021,1.16051,1.15979,1.16051,691,8,0,0,0,0.00021542252974992332,0.00030159154164966304,0.99,0.0,0
2026-01-15 16:15:00,1.1605,1.16105,1.16046,1.16085,498,8,0,1,0,7.75293965627975e-05,0.00048240513416902787,0.99,0.7473553218432936,1
2026-01-15 16:30:00,1.16085,1.16105,1.16063,1.16075,526,8,0,1,0,8.615119534839985e-06,0.0005082920525521158,0.99,0.7473553218432936,1
2026-01-15 16:45:00,1.16076,1.16099,1.16042,1.16042,457,8,0,0,0,0.0002929973630237388,0.00022405680701808564,0.99,0.0,0
2026-01-15 17:00:00,1.16043,1.16095,1.16032,1.16086,493,8,0,1,0,8.614303189014092e-05,0.0004737866753958707,0.99,0.7473553218432936,1
2026-01-15 17:15:00,1.16086,1.16123,1.16061,1.16123,420,8,0,1,1,5.166935060233458e-05,0.00015500805180719494,0.99,0.7480764830611262,1
2026-01-15 17:30:00,1.16123,1.16133,1.16074,1.16075,388,8,0,1,0,8.615119534839985e-06,0.0005082920525521158,0.99,0.7473553218432936,1
2026-01-15 17:45:00,1.16074,1.16109,1.16064,1.16087,383,8,0,1,0,9.475651881783015e-05,0.0004651683651054682,0.99,0.7473553218432936,1
2026-01-15 18:00:00,1.16087,1.16147,1.16086,1.16123,415,8,0,1,1,5.166935060233458e-05,0.00015500805180719494,0.99,0.7480764830611262,1
2026-01-15 18:15:00,1.16123,1.16129,1.16096,1.16115,329,8,0,1,0,0.0001205701244456177,0.00022391594539908626,0.99,0.7465899987137126,1
2026-01-15 18:30:00,1.16115,1.16143,1.16104,1.16141,311,8,0,1,1,3.444089511889858e-05,0.0,0.99,0.7480764830611262,1
2026-01-15 18:45:00,1.1614,1.16147,1.16126,1.16144,287,8,0,1,1,8.610001377656626e-06,2.58300041327787e-05,0.99,0.7480764830611262,1
2026-01-15 19:00:00,1.16143,1.16149,1.16109,1.16137,376,8,0,1,1,6.888416267001903e-05,3.4442081335009515e-05,0.99,0.7480764830611262,1
2026-01-15 19:15:00,1.16137,1.1616900000000001,1.16137,1.16158,319,8,0,1,1,0.00011191652748838949,8.608963652954509e-05,0.99,0.7479976207442435,1
2026-01-15 19:30:00,1.16159,1.16165,1.16128,1.16138,368,8,0,1,1,6.0273123353264645e-05,2.5831338579943247e-05,0.99,0.7480764830611262,1
2026-01-15 19:45:00,1.1614,1.16144,1.1611799999999999,1.16134,306,8,0,1,1,4.30537138134444e-05,6.0275199338707434e-05,0.99,0.7480764830611262,1
2026-01-15 20:00:00,1.16134,1.16151,1.1612,1.16129,269,8,0,1,1,0.0,0.00010333336203714836,0.99,0.7480764830611262,1
2026-01-15 20:15:00,1.16129,1.16134,1.16055,1.16068,401,8,0,1,0,6.892511286494125e-05,0.00044801323362154424,0.99,0.7473553218432936,1
2026-01-15 20:30:00,1.16069,1.16069,1.16025,1.16038,362,8,0,0,1,0.00032747892931629896,0.00018959306434089432,0.99,0.7471931658810174,1
2026-01-15 20:45:00,1.16038,1.16062,1.16037,1.1604,279,8,0,0,0,0.00031023784901750766,0.00020682523267840223,0.99,0.0,0
2026-01-15 21:00:00,1.16037,1.16053,1.16029,1.1604700000000001,220,8,0,0,0,0.000249898747921016,0.0002671331443294807,0.99,0.0,0
2026-01-15 21:15:00,1.16048,1.16083,1.16044,1.16074,168,8,0,1,0,1.7230387511336715e-05,0.0004996812378310603,0.99,0.7473553218432936,1
2026-01-15 21:30:00,1.16074,1.16098,1.16063,1.16078,188,8,0,1,0,1.7229793759290288e-05,0.0005341236065402944,0.99,0.7473553218432936,1
2026-01-15 21:45:00,1.16079,1.16102,1.16067,1.16082,193,8,0,1,0,5.1687600144681335e-05,0.0005082614014232099,0.99,0.7473553218432936,1
2026-01-15 22:00:00,1.16082,1.16087,1.1606,1.16062,46,20,0,1,0,0.00012062518309182075,0.00039633988730153276,0.99,0.7473553218432936,1
2026-01-15 22:15:00,1.16062,1.16083,1.1606,1.16065,88,20,0,1,0,9.477447981739069e-05,0.00042217722827715454,0.99,0.7473553218432936,1
2026-01-15 22:30:00,1.16065,1.1608,1.16059,1.16063,101,20,0,1,0,0.00011200813351366368,0.0004049524827033339,0.99,0.7473553218432936,1
2026-01-15 22:45:00,1.16062,1.1608,1.16059,1.16074,115,8,0,1,0,1.7230387511336715e-05,0.0004996812378310603,0.99,0.7473553218432936,1
2026-01-15 23:00:00,1.16073,1.16094,1.16069,1.16083,139,8,0,1,0,6.030168069399868e-05,0.0004996424971787643,0.99,0.7473553218432936,1
2026-01-15 23:15:00,1.16083,1.16088,1.16075,1.16084,103,8,0,1,0,6.891561283215602e-05,0.0004910237414285857,0.99,0.7473553218432936,1
2026-01-15 23:30:00,1.16084,1.16084,1.16067,1.16084,96,8,0,1,0,6.891561283215602e-05,0.0004910237414285857,0.99,0.7473553218432936,1
2026-01-15 23:45:00,1.16084,1.16097,1.16073,1.16089,115,8,0,1,0,0.00011198304748939476,0.0004479321899577703,0.99,0.7473553218432936,1
2026-01-16 00:00:00,1.16086,1.16094,1.16064,1.16082,228,8,0,1,0,5.1687600144681335e-05,0.0005082614014232099,0.99,0.7473553218432936,1
2026-01-16 00:15:00,1.16082,1.16083,1.16061,1.16065,153,8,0,1,0,9.477447981739069e-05,0.00042217722827715454,0.99,0.7473553218432936,1
2026-01-16 00:30:00,1.16065,1.16069,1.16051,1.16054,167,8,0,1,0,0.00018956692574155913,0.0003274337808260163,0.99,0.7473553218432936,1
2026-01-16 00:45:00,1.16054,1.16055,1.16024,1.16036,424,8,0,0,1,0.00034472060395046014,0.00017236030197523007,0.99,0.7471931658810174,1
2026-01-16 01:00:00,1.16034,1.16059,1.16021,1.16055,312,8,0,1,0,0.0001809486881220486,0.0003360475636550691,0.99,0.7473553218432936,1
2026-01-16 01:15:00,1.16056,1.1606,1.16039,1.16054,249,8,0,1,0,0.00018956692574155913,0.0003274337808260163,0.99,0.7473553218432936,1
2026-01-16 01:30:00,1.16053,1.16068,1.1604700000000001,1.16063,220,8,0,1,0,0.00011200813351366368,0.0004049524827033339,0.99,0.7473553218432936,1
2026-01-16 01:45:00,1.16063,1.16083,1.1605699999999999,1.16065,293,8,0,1,0,9.477447981739069e-05,0.00042217722827715454,0.99,0.7473553218432936,1
2026-01-16 02:00:00,1.16065,1.16084,1.16059,1.1607,260,8,0,1,0,5.16929439131119e-05,0.0004652364952183897,0.99,0.7473553218432936,1
2026-01-16 02:15:00,1.16069,1.16095,1.1605699999999999,1.1609099999999999,302,8,0,1,0,0.0001292089826083611,0.000430696608695047,0.99,0.7473553218432936,1
2026-01-16 02:30:00,1.16089,1.16138,1.16084,1.16138,445,8,0,1,1,6.0273123353264645e-05,2.5831338579943247e-05,0.99,0.7480764830611262,1
2026-01-16 02:45:00,1.16136,1.16137,1.16082,1.16094,310,8,0,1,0,0.00015504677244307973,0.0004048443502678609,0.99,0.7473553218432936,1
2026-01-16 03:00:00,1.16093,1.16107,1.16085,1.16095,205,8,0,1,0,0.00016365907231139366,0.0003962272277015608,0.99,0.7473553218432936,1
2026-01-16 03:15:00,1.16095,1.16095,1.16067,1.16085,221,8,0,1,0,7.75293965627975e-05,0.00048240513416902787,0.99,0.7473553218432936,1
2026-01-16 03:30:00,1.16085,1.1611,1.16079,1.1610800000000001,207,8,0,1,0,0.0001808660901917365,0.0002842181417300629,0.99,0.7465899987137126,1
2026-01-16 03:45:00,1.1610800000000001,1.16122,1.16095,1.16117,206,8,0,1,0,0.00010334404092415234,0.0002066880818484959,0.99,0.7465899987137126,1
2026-01-16 04:00:00,1.16117,1.16124,1.16096,1.16109,149,8,0,1,0,0.00017225193568110825,0.00027560309708988797,0.99,0.7465899987137126,1
2026-01-16 04:15:00,1.1611,1.16124,1.16107,1.16122,139,8,0,1,1,6.028142815316176e-05,0.00016362101927294958,0.99,0.7480764830611262,1
2026-01-16 04:30:00,1.16122,1.16132,1.16113,1.1611799999999999,166,8,0,1,1,9.473122168832956e-05,0.00019807437262110486,0.99,0.7480764830611262,1
2026-01-16 04:45:00,1.1611799999999999,1.16123,1.16106,1.1610800000000001,107,8,0,1,0,0.0001808660901917365,0.0002842181417300629,0.99,0.7465899987137126,1
2026-01-16 05:00:00,1.1610800000000001,1.1610800000000001,1.16071,1.16074,187,8,0,1,0,1.7230387511336715e-05,0.0004996812378310603,0.99,0.7473553218432936,1
2026-01-16 05:15:00,1.16074,1.16099,1.16072,1.16092,144,8,0,1,0,0.00013782172759530198,0.00042207904076086333,0.99,0.7473553218432936,1
2026-01-16 05:30:00,1.16092,1.16106,1.16085,1.16087,190,8,0,1,0,9.475651881783015e-05,0.0004651683651054682,0.99,0.7473553218432936,1
2026-01-16 05:45:00,1.16087,1.1609,1.1605699999999999,1.16064,218,8,0,1,0,0.0001033912324235939,0.00041356492969380165,0.99,0.7473553218432936,1
2026-01-16 06:00:00,1.16065,1.16084,1.16059,1.16082,196,8,0,1,0,5.1687600144681335e-05,0.0005082614014232099,0.99,0.7473553218432936,1
2026-01-16 06:15:00,1.16082,1.16089,1.16059,1.1608,212,8,0,1,0,3.445899379741558e-05,0.0005254996554100615,0.99,0.7473553218432936,1
2026-01-16 06:30:00,1.1608,1.1608,1.16045,1.1604700000000001,216,8,0,0,0,0.000249898747921016,0.0002671331443294807,0.99,0.0,0
2026-01-16 06:45:00,1.16046,1.16094,1.1604,1.16093,237,8,0,1,0,0.00014643432420559678,0.00041346162128641343,0.99,0.7473553218432936,1
2026-01-16 07:00:00,1.1609099999999999,1.1614,1.16077,1.16132,449,8,0,1,1,2.5832673164997153e-05,7.749801949518266e-05,0.99,0.7480764830611262,1
2026-01-16 07:15:00,1.16132,1.16137,1.16087,1.16122,405,8,0,1,1,6.028142815316176e-05,0.00016362101927294958,0.99,0.7480764830611262,1
2026-01-16 07:30:00,1.16122,1.16129,1.16088,1.16127,487,8,0,1,1,1.7222523616307128e-05,0.00012055766531472352,0.99,0.7480764830611262,1
2026-01-16 07:45:00,1.16129,1.16145,1.16103,1.1611799999999999,522,8,0,1,1,9.473122168832956e-05,0.00019807437262110486,0.99,0.7480764830611262,1
2026-01-16 08:00:00,1.1612,1.16137,1.1609099999999999,1.16104,527,8,0,0,0,0.00021532419210351186,0.0003186798043133582,0.99,0.0,0
2026-01-16 08:15:00,1.16104,1.1614200000000001,1.16082,1.16093,454,8,0,1,0,0.00014643432420559678,0.00041346162128641343,0.99,0.7473553218432936,1
2026-01-16 08:30:00,1.16093,1.16137,1.16088,1.16103,486,8,0,0,0,0.00022393908856784662,0.0003272955909839082,0.99,0.0,0
2026-01-16 08:45:00,1.16103,1.16123,1.16089,1.1609,383,8,0,1,0,0.000120596089241131,0.00043931432509260957,0.99,0.7473553218432936,1
2026-01-16 09:00:00,1.1609,1.16122,1.16079,1.16121,338,8,0,1,1,6.889365403317054e-05,0.00017223413508321317,0.99,0.7480764830611262,1
2026-01-16 09:15:00,1.16121,1.16148,1.1610800000000001,1.16123,359,8,0,1,1,5.166935060233458e-05,0.00015500805180719494,0.99,0.7480764830611262,1
2026-01-16 09:30:00,1.16123,1.1613,1.16106,1.1611,342,8,0,1,0,0.00016363792954948966,0.00026698820084405516,0.99,0.7465899987137126,1
2026-01-16 09:45:00,1.1611,1.16117,1.1608100000000001,1.1608100000000001,363,8,0,1,0,4.30733711805597e-05,0.0005168804541655687,0.99,0.7473553218432936,1
2026-01-16 10:00:00,1.16083,1.16113,1.16076,1.16096,341,8,0,1,0,0.000172271223814755,0.0003876102535832944,0.99,0.7473553218432936,1
2026-01-16 10:15:00,1.16096,1.16139,1.16083,1.16139,407,8,0,1,1,5.166223232520603e-05,1.722074410846574e-05,0.99,0.7480764830611262,1
2026-01-16 10:30:00,1.16138,1.16171,1.1611799999999999,1.16159,392,8,0,1,1,0.0001205244535505703,9.46977849325773e-05,0.99,0.7479976207442435,1
2026-01-16 10:45:00,1.1616,1.16166,1.16125,1.16125,326,8,0,1,1,3.444564047366201e-05,0.00013778256189464803,0.99,0.7480764830611262,1
2026-01-16 11:00:00,1.16125,1.16183,1.16122,1.16183,386,8,0,0,1,0.00032707022542009155,7.746400075735993e-05,0.99,0.7465910210740435,1
2026-01-16 11:15:00,1.16187,1.1621,1.16182,1.16194,436,8,0,0,1,0.00023237000189337874,0.00017212592732841452,0.99,0.7465910210740435,1
2026-01-16 11:30:00,1.16193,1.16218,1.16175,1.16206,418,8,0,1,1,0.00012908111457228752,8.605407638158872e-05,0.99,0.7472774170674634,1
2026-01-16 11:45:00,1.16206,1.16229,1.16185,1.16188,345,8,0,0,1,0.0002840224463799544,0.00012049437119154215,0.99,0.7465910210740435,1
2026-01-16 12:00:00,1.16188,1.16217,1.16185,1.16198,440,8,0,1,1,0.0001979380023752151,0.0001549080018589554,0.99,0.7472774170674634,1
2026-01-16 12:15:00,1.162,1.16208,1.16163,1.16164,391,8,0,1,1,0.0001635618608173896,8.608518990391945e-05,0.99,0.7479976207442435,1
2026-01-16 12:30:00,1.16164,1.16182,1.1615,1.1617,383,8,0,0,1,0.00021520185934394546,3.443229749508479e-05,0.99,0.7465910210740435,1
2026-01-16 12:45:00,1.1617,1.16198,1.16131,1.16186,512,8,0,0,1,0.0003012411133872175,0.0001032826674469368,0.99,0.7465910210740435,1
2026-01-16 13:00:00,1.16184,1.16208,1.16139,1.1615199999999999,587,8,0,1,1,6.026585853002312e-05,3.443763344567288e-05,0.99,0.7479976207442435,1
2026-01-16 13:15:00,1.16154,1.16178,1.16112,1.16156,595,8,0,1,1,9.470023072405425e-05,6.887289507202208e-05,0.99,0.7479976207442435,1
2026-01-16 13:30:00,1.16156,1.16192,1.16154,1.16182,577,8,0,0,1,0.0003184658552959851,6.885748222623126e-05,0.99,0.7465910210740435,1
2026-01-16 13:45:00,1.16183,1.16192,1.16162,1.1618,515,8,0,0,1,0.00030125667068329353,5.1644000688542765e-05,0.99,0.7465910210740435,1
2026-01-16 14:00:00,1.1618,1.16187,1.16138,1.16153,449,8,0,1,1,6.887467392134338e-05,4.304667120081571e-05,0.99,0.7479976207442435,1
2026-01-16 14:15:00,1.1615199999999999,1.16166,1.16122,1.16145,464,8,0,1,1,0.0,2.5829781738322346e-05,0.99,0.7479976207442435,1
2026-01-16 14:30:00,1.16147,1.1617,1.16135,1.16151,631,8,0,1,1,5.1656894904003394e-05,2.5828447452001697e-05,0.99,0.7479976207442435,1
2026-01-16 14:45:00,1.16153,1.1620300000000001,1.16144,1.16178,689,8,0,0,1,0.00028404689355983185,3.4429926492141374e-05,0.99,0.7465910210740435,1
2026-01-16 15:00:00,1.1618,1.16248,1.1618,1.16245,607,8,0,0,0,0.00020646049292444234,0.000249473095616931,0.99,0.0,0
2026-01-16 15:15:00,1.16245,1.1627,1.16016,1.16023,2656,8,0,0,1,0.00045680597812495745,6.0332865035393404e-05,0.99,0.7471931658810174,1
2026-01-16 15:30:00,1.16022,1.16048,1.15841,1.15894,1604,8,0,0,1,0.0006212573558595198,1.725714877380104e-05,0.99,0.7476694693442941,1
2026-01-16 15:45:00,1.15895,1.15975,1.15885,1.15934,1584,8,0,0,1,0.0002760191143235599,5.175358393564354e-05,0.99,0.7478320204932796,1
2026-01-16 16:00:00,1.1593499999999999,1.16048,1.1593499999999999,1.16048,1012,8,0,0,0,0.00024127947056395456,0.00027574796635864123,0.99,0.0,0
2026-01-16 16:15:00,1.16045,1.16048,1.1596,1.15982,840,8,0,1,0,0.00013795244089613907,0.00029314893690400833,0.99,0.7467461665828254,1
2026-01-16 16:30:00,1.15979,1.16032,1.15956,1.1602999999999999,732,8,0,0,1,0.00039644919417403,0.00012065845040059205,0.99,0.7471931658810174,1
2026-01-16 16:45:00,1.16028,1.16055,1.15964,1.15981,705,8,0,1,0,0.00012933152844008458,0.0003017735663600697,0.99,0.7467461665828254,1
2026-01-16 17:00:00,1.15982,1.16023,1.15964,1.1602000000000001,514,8,0,0,1,0.0004654369936219677,3.4476814342389244e-05,0.99,0.7471931658810174,1
2026-01-16 17:15:00,1.1602000000000001,1.16024,1.15974,1.15987,451,8,0,1,0,0.00018105477337981282,0.00025002802038170095,0.99,0.7467461665828254,1
2026-01-16 17:30:00,1.15987,1.16018,1.15957,1.1596,502,8,0,1,0,5.174197999305707e-05,0.00027595722662976537,0.99,0.7467461665828254,1
2026-01-16 17:45:00,1.1596,1.15985,1.15946,1.15953,474,8,0,1,0,0.0001121143911757035,0.0002156045984147555,0.99,0.7467461665828254,1
2026-01-16 18:00:00,1.15951,1.15956,1.1589,1.1591,413,8,0,0,1,0.00048313346561978596,0.00012078336640499438,0.99,0.7476694693442941,1
2026-01-16 18:15:00,1.1591,1.15951,1.15903,1.15948,333,8,0,1,1,0.0001552420050366086,0.00017249111670747055,0.99,0.7478320204932796,1
2026-01-16 18:30:00,1.15948,1.1597,1.15931,1.15967,288,8,0,1,0,8.623142790677962e-06,0.00033630256883414284,0.99,0.7467461665828254,1
2026-01-16 18:45:00,1.15967,1.15989,1.15951,1.15953,340,8,0,1,0,0.0001121143911757035,0.0002156045984147555,0.99,0.7467461665828254,1
2026-01-16 19:00:00,1.15951,1.15963,1.15918,1.15923,362,8,0,0,1,0.0003709358798512206,4.313207905256551e-05,0.99,0.7478320204932796,1
2026-01-16 19:15:00,1.15923,1.15952,1.15912,1.15945,253,8,0,1,1,0.00018112035879065197,0.00014662124283065545,0.99,0.7478320204932796,1
2026-01-16 19:30:00,1.15944,1.15968,1.15932,1.15947,366,8,0,1,1,0.00016386797416053237,0.00016386797416053237,0.99,0.7478320204932796,1
2026-01-16 19:45:00,1.15949,1.15972,1.15949,1.1596,295,8,0,1,0,5.174197999305707e-05,0.00027595722662976537,0.99,0.7467461665828254,1
2026-01-16 20:00:00,1.15962,1.15993,1.15958,1.15992,250,8,0,0,0,0.00022415338988908631,0.0002069108214359766,0.99,0.0,0
2026-01-16 20:15:00,1.15992,1.15998,1.15978,1.15997,216,8,0,0,1,0.0002672482909041031,0.0001637973395864846,0.99,0.7471931658810174,1
2026-01-16 20:30:00,1.15997,1.15998,1.15952,1.15979,281,8,0,1,0,0.00011208925753816253,0.00031902327145429896,0.99,0.7467461665828254,1
2026-01-16 20:45:00,1.15979,1.16018,1.15978,1.1599,271,8,0,0,0,0.0002069143891714958,0.0002241572549358988,0.99,0.0,0
2026-01-16 21:00:00,1.15992,1.16019,1.1598600000000001,1.16002,169,8,0,0,1,0.00031033947690568955,0.00012068757435219133,0.99,0.7471931658810174,1
2026-01-16 21:15:00,1.16002,1.16016,1.16,1.16005,136,8,0,0,1,0.0003361924054998599,9.48234989871596e-05,0.99,0.7471931658810174,1
2026-01-16 21:30:00,1.16007,1.16012,1.15972,1.15979,203,8,0,1,0,0.00011208925753816253,0.00031902327145429896,0.99,0.7467461665828254,1
2026-01-16 21:45:00,1.1598,1.15989,1.15974,1.15983,206,8,0,1,0,0.00014657320469379435,0.0002845244561704418,0.99,0.7467461665828254,1
2026-01-18 22:00:00,1.1577,1.15817,1.15749,1.15817,132,48,0,0,1,0.0012865123427476032,5.180586615105816e-05,0.99,0.7477910055711874,1
2026-01-18 22:15:00,1.15817,1.15817,1.15753,1.15772,91,48,0,0,1,0.0016757074249385262,6.046366997202647e-05,0.99,0.7469160153569808,1
2026-01-18 22:30:00,1.15773,1.15833,1.15773,1.15804,186,48,0,0,1,0.0013989154087941304,0.0001640703257228891,0.99,0.7477910055711874,1
2026-01-18 22:45:00,1.15804,1.1585,1.15804,1.15827,129,48,0,0,1,0.0012000656150983817,3.453426230483218e-05,0.99,0.7477910055711874,1
2026-01-18 23:00:00,1.15843,1.16078,1.15775,1.15981,1391,8,0,1,0,0.00012933152844008458,0.0003017735663600697,0.99,0.7467461665828254,1
2026-01-18 23:15:00,1.15982,1.16124,1.15965,1.16116,839,8,0,1,0,0.0001119570085087012,0.0002153019394399424,0.99,0.7465899987137126,1
2026-01-18 23:30:00,1.16116,1.16268,1.16105,1.16255,829,8,0,0,1,0.0002924605393316476,0.00018923917250880307,0.99,0.7469464438059095,1
2026-01-18 23:45:00,1.16255,1.16263,1.16174,1.16239,633,8,0,1,1,0.00015485336246876606,0.0001978681853766399,0.99,0.7472774170674634,1
2026-01-19 00:00:00,1.16238,1.16242,1.16082,1.16113,1031,8,0,1,0,0.00013779680139169428,0.0002411444024356084,0.99,0.7465899987137126,1
2026-01-19 00:15:00,1.16113,1.16248,1.16044,1.16225,1436,8,0,1,1,3.4416003441634765e-05,7.743600774353493e-05,0.99,0.7472774170674634,1
2026-01-19 00:30:00,1.16225,1.16376,1.16209,1.1635900000000001,1028,8,0,0,1,0.0004898632679895491,0.00015469366357571737,0.99,0.7463231108286543,1
2026-01-19 00:45:00,1.16357,1.16368,1.16303,1.16316,857,8,0,0,1,0.0008167406031844342,8.597269507203565e-05,0.99,0.746980993487453,1
2026-01-19 01:00:00,1.16316,1.16342,1.1626400000000001,1.16267,783,8,0,0,1,0.0003956410675429201,8.600892772668856e-05,0.99,0.7469464438059095,1
2026-01-19 01:15:00,1.16267,1.16299,1.16235,1.16245,636,8,0,0,0,0.00020646049292444234,0.000249473095616931,0.99,0.0,0
2026-01-19 01:30:00,1.16244,1.16276,1.16236,1.16252,458,8,0,0,0,0.00026666207893200327,0.00021505006365489065,0.99,0.0,0
2026-01-19 01:45:00,1.16252,1.1629,1.16217,1.16223,467,8,0,1,1,1.720829784133177e-05,6.022904244427909e-05,0.99,0.7472774170674634,1
2026-01-19 02:00:00,1.16225,1.16235,1.16199,1.16223,589,8,0,1,1,1.720829784133177e-05,6.022904244427909e-05,0.99,0.7472774170674634,1
2026-01-19 02:15:00,1.16221,1.16224,1.16155,1.162,428,8,0,1,1,0.0001807228915663025,0.000137693631669673,0.99,0.7472774170674634,1
2026-01-19 02:30:00,1.16198,1.16217,1.16173,1.16182,406,8,0,0,1,0.0003184658552959851,6.885748222623126e-05,0.99,0.7465910210740435,1
2026-01-19 02:45:00,1.16182,1.1619,1.16165,1.16174,313,8,0,0,1,0.0002496255616574289,0.0,0.99,0.7465910210740435,1
2026-01-19 03:00:00,1.16175,1.16193,1.16158,1.16166,270,8,0,1,1,0.00018077578637451703,6.886696623803868e-05,0.99,0.7479976207442435,1
2026-01-19 03:15:00,1.16167,1.16226,1.16157,1.16216,371,8,0,1,1,4.3023335857268765e-05,0.0,0.99,0.7472774170674634,1
2026-01-19 03:30:00,1.16215,1.16235,1.16191,1.16211,324,8,0,1,1,8.605037388886508e-05,4.302518694452807e-05,0.99,0.7472774170674634,1
2026-01-19 03:45:00,1.16211,1.16258,1.16211,1.16242,254,8,0,1,0,0.0001806575936408901,0.00022367130641242147,0.99,0.7464552104318196,1
2026-01-19 04:00:00,1.16242,1.16272,1.16242,1.16253,235,8,0,0,0,0.0002752617136762905,0.0002064462852571701,0.99,0.0,0
2026-01-19 04:15:00,1.16254,1.16299,1.16248,1.16292,277,8,0,0,1,0.0006105321088294882,3.439617514535824e-05,0.99,0.7477872227215332,1
2026-01-19 04:30:00,1.16292,1.1629800000000001,1.1627,1.16296,196,8,0,0,1,0.0006449061016716211,0.0,0.99,0.7477872227215332,1
2026-01-19 04:45:00,1.16296,1.16334,1.16293,1.16326,427,8,0,0,1,0.0007736877396283917,0.0001289479566047956,0.99,0.7463231108286543,1
2026-01-19 05:00:00,1.16328,1.16349,1.1632,1.16342,282,8,0,0,1,0.0006360557666192648,8.595348197420939e-06,0.99,0.7463231108286543,1
2026-01-19 05:15:00,1.16342,1.16371,1.1632500000000001,1.1636199999999999,292,8,0,0,1,0.0004640690259708556,0.00018047128787733235,0.99,0.7463231108286543,1
2026-01-19 05:30:00,1.16361,1.16365,1.163,1.16312,333,8,0,0,1,0.0007823784304284738,5.158539101722005e-05,0.99,0.746980993487453,1
2026-01-19 05:45:00,1.16312,1.16317,1.16265,1.16275,313,8,0,0,1,0.000464416254568897,1.720060202118342e-05,0.99,0.7469464438059095,1
2026-01-19 06:00:00,1.16273,1.16305,1.1627,1.16286,310,8,0,0,1,0.0005589666855855731,7.7395387234855e-05,0.99,0.7469464438059095,1
2026-01-19 06:15:00,1.16286,1.1632,1.16271,1.16312,304,8,0,0,1,0.0007823784304284738,5.158539101722005e-05,0.99,0.746980993487453,1
2026-01-19 06:30:00,1.1631,1.1631,1.16256,1.16256,386,8,0,0,1,0.000301059730250544,0.0001806358381503264,0.99,0.7469464438059095,1
2026-01-19 06:45:00,1.16255,1.16297,1.16246,1.16275,372,8,0,0,1,0.000464416254568897,1.720060202118342e-05,0.99,0.7469464438059095,1
2026-01-19 07:00:00,1.16278,1.16413,1.1627,1.16395,853,8,0,1,1,0.00018042012113926156,6.014004037975385e-05,0.99,0.7465961517913471,1
2026-01-19 07:15:00,1.16393,1.16399,1.16324,1.16352,624,8,0,0,1,0.0005500550055005276,9.454070407045387e-05,0.99,0.7463231108286543,1
2026-01-19 07:30:00,1.1635,1.16351,1.16234,1.16251,674,8,0,0,0,0.0002580622962382835,0.00022365399007333187,0.99,0.0,0
2026-01-19 07:45:00,1.16252,1.16269,1.16227,1.16258,587,8,0,0,1,0.00031825766828947813,0.0001634296134460721,0.99,0.7469464438059095,1
2026-01-19 08:00:00,1.16259,1.16276,1.16192,1.16211,689,8,0,1,1,8.605037388886508e-05,4.302518694452807e-05,0.99,0.7472774170674634,1
2026-01-19 08:15:00,1.16212,1.16266,1.16192,1.16192,645,8,0,0,1,0.0002495868906636442,0.00015491600110168426,0.99,0.7465910210740435,1
2026-01-19 08:30:00,1.16192,1.1625,1.16182,1.16235,524,8,0,1,1,0.0001204456489009584,0.00016346195207976295,0.99,0.7472774170674634,1
2026-01-19 08:45:00,1.16235,1.16248,1.1621299999999999,1.16247,530,8,0,0,0,0.00022366168589290646,0.0002580711760305118,0.99,0.0,0
2026-01-19 09:00:00,1.16247,1.16294,1.1617,1.16173,620,8,0,0,1,0.0002410198583146135,8.607852082726204e-06,0.99,0.7465910210740435,1
2026-01-19 09:15:00,1.16173,1.16186,1.1610800000000001,1.16149,590,8,0,1,1,3.443852293159473e-05,8.609630732803095e-06,0.99,0.7479976207442435,1
2026-01-19 09:30:00,1.16148,1.16241,1.16136,1.1623999999999999,507,8,0,1,0,0.00016345492085333146,0.00020646937370939088,0.99,0.7464552104318196,1
2026-01-19 09:45:00,1.1623999999999999,1.16263,1.16223,1.16239,547,8,0,1,1,0.00015485336246876606,0.0001978681853766399,0.99,0.7472774170674634,1
2026-01-19 10:00:00,1.1623999999999999,1.16281,1.16226,1.16276,443,8,0,0,1,0.00047301248752971417,8.600227046050356e-06,0.99,0.7469464438059095,1
2026-01-19 10:15:00,1.16276,1.16276,1.16226,1.16229,384,8,0,1,1,6.882963804220978e-05,0.00011184816181844762,0.99,0.7472774170674634,1
2026-01-19 10:30:00,1.16231,1.16247,1.16217,1.16226,340,8,0,1,1,4.301963416112188e-05,8.603926832205271e-05,0.99,0.7472774170674634,1
2026-01-19 10:45:00,1.16226,1.1627399999999999,1.16215,1.16237,566,8,0,1,1,0.00013764980169820107,0.00018066536472880534,0.99,0.7472774170674634,1
2026-01-19 11:00:00,1.16238,1.16252,1.16206,1.16228,401,8,0,1,1,6.0226451457492594e-05,0.00010324534535559242,0.99,0.7472774170674634,1
2026-01-19 11:15:00,1.16228,1.16229,1.16198,1.16219,367,8,0,1,1,1.7208890112553867e-05,2.581333516892633e-05,0.99,0.7472774170674634,1
2026-01-19 11:30:00,1.16219,1.16249,1.16207,1.16241,319,8,0,1,0,0.00017205633124282998,0.00021507041405344194,0.99,0.7464552104318196,1
2026-01-19 11:45:00,1.16241,1.16286,1.1623999999999999,1.16276,349,8,0,0,1,0.00047301248752971417,8.600227046050356e-06,0.99,0.7469464438059095,1
2026-01-19 12:00:00,1.16276,1.16292,1.16259,1.1629,394,8,0,0,1,0.0005933442256428579,5.159515005585087e-05,0.99,0.7477872227215332,1
2026-01-19 12:15:00,1.1629,1.16322,1.16284,1.16292,382,8,0,0,1,0.0006105321088294882,3.439617514535824e-05,0.99,0.7477872227215332,1
2026-01-19 12:30:00,1.16292,1.16329,1.16286,1.16316,401,8,0,0,1,0.0008167406031844342,8.597269507203565e-05,0.99,0.746980993487453,1
2026-01-19 12:45:00,1.16314,1.16316,1.16246,1.16254,447,8,0,0,1,0.00028386120047477204,0.00019784265487654147,0.99,0.7469464438059095,1
2026-01-19 13:00:00,1.16254,1.16312,1.16254,1.16299,502,8,0,0,1,0.000670685044583361,2.5795578637799544e-05,0.99,0.7477872227215332,1
2026-01-19 13:15:00,1.1630099999999999,1.16339,1.16295,1.16318,429,8,0,0,1,0.0008339208033151682,0.0001031654602040269,0.99,0.746980993487453,1
2026-01-19 13:30:00,1.16316,1.16349,1.16316,1.16331,484,8,0,0,1,0.0007306736811340204,8.596160954516765e-05,0.99,0.7463231108286543,1
2026-01-19 13:45:00,1.16331,1.1635,1.16297,1.16317,424,8,0,0,1,0.0008253307771005716,9.45691515428136e-05,0.99,0.746980993487453,1
2026-01-19 14:00:00,1.16314,1.16342,1.16303,1.16309,434,8,0,0,1,0.0007566052498086923,2.5793360788910997e-05,0.99,0.746980993487453,1
2026-01-19 14:15:00,1.16309,1.16351,1.16299,1.16348,362,8,0,0,1,0.0005844535359439044,6.016433458247197e-05,0.99,0.7463231108286543,1
2026-01-19 14:30:00,1.16347,1.1637,1.16323,1.1636199999999999,432,8,0,0,1,0.0004640690259708556,0.00018047128787733235,0.99,0.7463231108286543,1
2026-01-19 14:45:00,1.16361,1.16422,1.16352,1.16393,597,8,0,1,1,0.00019760638526386854,4.295790983983871e-05,0.99,0.7465961517913471,1
2026-01-19 15:00:00,1.16394,1.16431,1.16373,1.16373,646,8,0,0,1,0.0003695015166749611,0.00012889587790990565,0.99,0.7465961517913471,1
2026-01-19 15:15:00,1.16373,1.16394,1.16347,1.16354,443,8,0,0,1,0.000532856627189495,0.00011172800247517359,0.99,0.7463231108286543,1
2026-01-19 15:30:00,1.16356,1.16366,1.16333,1.16339,475,8,0,0,1,0.0006618588779344497,1.7191139686718147e-05,0.99,0.7463231108286543,1
2026-01-19 15:45:00,1.16339,1.16411,1.16315,1.16394,648,8,0,1,1,0.00018901317937360088,5.15490489200036e-05,0.99,0.7465961517913471,1
2026-01-19 16:00:00,1.16394,1.16435,1.16372,1.16433,450,8,0,1,0,0.0001460067163089532,0.0003864883667002151,0.99,0.7465598897682393,1
2026-01-19 16:15:00,1.16433,1.16455,1.16413,1.16454,354,8,0,0,0,0.00032630910058892347,0.00045511532450593495,0.99,0.0,0
2026-01-19 16:30:00,1.16453,1.16469,1.16412,1.16433,321,8,0,1,0,0.0001460067163089532,0.0003864883667002151,0.99,0.7465598897682393,1
2026-01-19 16:45:00,1.16433,1.1646,1.16415,1.16417,268,8,0,1,0,8.589810766334356e-06,0.000249104512227511,0.99,0.7465598897682393,1
2026-01-19 17:00:00,1.16418,1.1643,1.16403,1.16424,252,8,0,1,0,6.871435442851814e-05,0.00030921459492880846,0.99,0.7465598897682393,1
2026-01-19 17:15:00,1.16425,1.16425,1.16394,1.16406,311,8,0,1,1,8.590622476503701e-05,0.00015463120457714292,0.99,0.7465961517913471,1
2026-01-19 17:30:00,1.16406,1.1645,1.16406,1.16448,182,8,0,0,0,0.0002748007694420479,0.00050666391865905,0.99,0.0,0
2026-01-19 17:45:00,1.16448,1.16465,1.16425,1.1645699999999999,252,8,0,0,0,0.000352061275835544,0.00042934301931199243,0.99,0.0,0
2026-01-19 18:00:00,1.16456,1.16482,1.16452,1.16477,238,8,0,0,0,0.0003691715961090433,0.0002575615786807412,0.99,0.0,0
2026-01-19 18:15:00,1.16477,1.1648399999999999,1.16466,1.1647,150,8,0,0,0,0.00042929509744993983,0.00031767837211297455,0.99,0.0,0
2026-01-19 18:30:00,1.16469,1.16478,1.16449,1.1645,148,8,0,0,0,0.00029197080291971396,0.0004894804637182991,0.99,0.0,0
2026-01-19 18:45:00,1.1645,1.16451,1.16429,1.1643,116,8,0,1,0,0.00012024392338727729,0.00036073177016221334,0.99,0.7465598897682393,1
2026-01-19 19:00:00,1.1643,1.16463,1.16424,1.16462,151,8,0,0,0,0.00039497861963550766,0.0003863921279044336,0.99,0.0,0
2026-01-19 19:15:00,1.16462,1.16464,1.16449,1.16461,89,8,0,0,0,0.00038639544568554233,0.00039498201114547104,0.99,0.0,0
2026-01-19 19:30:00,1.16461,1.16461,1.16428,1.16437,103,8,0,1,0,0.000180355041782098,0.00042082843082514963,0.99,0.7465598897682393,1
2026-01-19 19:45:00,1.16437,1.16442,1.1642299999999999,1.16428,143,8,0,1,0,0.00010306799051765724,0.00034355996839244507,0.99,0.7465598897682393,1
2026-01-19 20:00:00,1.16428,1.16442,1.16415,1.16421,149,8,0,1,0,4.2947578185966e-05,0.0002834540160279859,0.99,0.7465598897682393,1
2026-01-19 20:15:00,1.16421,1.16427,1.16415,1.16425,80,8,0,1,0,7.730298475406783e-05,0.0003178011595447554,0.99,0.7465598897682393,1
2026-01-19 20:30:00,1.16425,1.16442,1.16425,1.16435,96,8,0,1,0,0.00016318117404552965,0.000403658693691734,0.99,0.7465598897682393,1
2026-01-19 20:45:00,1.16435,1.16449,1.16426,1.16449,109,8,0,0,0,0.0002833858599042855,0.0004980721174076419,0.99,0.0,0
2026-01-19 21:00:00,1.16449,1.16452,1.16437,1.16443,93,8,0,0,0,0.000231873105296147,0.0004723341033810967,0.99,0.0,0
2026-01-19 21:15:00,1.16443,1.16446,1.16427,1.1643,85,8,0,1,0,0.00012024392338727729,0.00036073177016221334,0.99,0.7465598897682393,1
2026-01-19 21:30:00,1.1643,1.1646,1.16426,1.16459,125,8,0,0,0,0.00036922865557829834,0.0004121622201805236,0.99,0.0,0
2026-01-19 21:45:00,1.16459,1.1646,1.16437,1.1644,132,8,0,0,0,0.00020611473720372547,0.0004465819306081037,0.99,0.0,0
2026-01-19 22:00:00,1.1644,1.16453,1.1642299999999999,1.16448,92,20,0,0,0,0.0002748007694420479,0.00050666391865905,0.99,0.0,0
2026-01-19 22:15:00,1.16449,1.16449,1.16435,1.16438,71,20,0,1,0,0.00018894175440997522,0.00042941307820466254,0.99,0.7465598897682393,1
2026-01-19 22:30:00,1.16437,1.16442,1.1643,1.16442,90,48,0,0,0,0.0002232871300732785,0.00046375019322923423,0.99,0.0,0
2026-01-19 22:45:00,1.16442,1.16459,1.16438,1.16448,68,20,0,0,0,0.0002748007694420479,0.00050666391865905,0.99,0.0,0
2026-01-19 23:00:00,1.16454,1.16463,1.16416,1.16418,198,8,0,1,0,1.7179473964429023e-05,0.0002576921094675797,0.99,0.7465598897682393,1
2026-01-19 23:15:00,1.1642000000000001,1.16421,1.16395,1.16399,110,8,0,1,1,0.0001460493646852666,9.450253009051151e-05,0.99,0.7465961517913471,1
2026-01-19 23:30:00,1.16399,1.16412,1.16381,1.16389,168,8,0,0,1,0.00023198068545995967,8.591877239314292e-06,0.99,0.7465961517913471,1
2026-01-19 23:45:00,1.16389,1.16402,1.16382,1.1639,118,8,0,0,1,0.0002233868889081098,1.718360683899732e-05,0.99,0.7465961517913471,1
2026-01-20 00:00:00,1.16392,1.16394,1.16357,1.1636199999999999,213,8,0,0,1,0.0004640690259708556,0.00018047128787733235,0.99,0.7463231108286543,1
2026-01-20 00:15:00,1.1636199999999999,1.16379,1.16356,1.16358,195,8,0,0,1,0.0004984616442359141,0.00014610082675879912,0.99,0.7463231108286543,1
2026-01-20 00:30:00,1.16358,1.1636199999999999,1.16323,1.16336,226,8,0,0,1,0.0006876633200386243,4.2978957502497524e-05,0.99,0.7463231108286543,1
2026-01-20 00:45:00,1.16336,1.16406,1.1632500000000001,1.16398,467,8,0,1,1,0.00015464183233394817,8.591212907437326e-05,0.99,0.7465961517913471,1
2026-01-20 01:00:00,1.16399,1.1643,1.16391,1.16414,562,8,0,1,0,1.7180064253552858e-05,0.00022334083529466128,0.99,0.7465598897682393,1
2026-01-20 01:15:00,1.16414,1.1642000000000001,1.16391,1.16406,346,8,0,1,1,8.590622476503701e-05,0.00015463120457714292,0.99,0.7465961517913471,1
2026-01-20 01:30:00,1.16405,1.1641,1.1638600000000001,1.16392,317,8,0,0,1,0.0002061997388136796,3.436662313564506e-05,0.99,0.7465961517913471,1
2026-01-20 01:45:00,1.16392,1.16435,1.16385,1.16432,327,8,0,1,0,0.00013741926618106531,0.00037790298199807265,0.99,0.7465598897682393,1
2026-01-20 02:00:00,1.16433,1.16442,1.16404,1.16409,260,8,0,1,1,6.013280760079933e-05,0.00018039842280239798,0.99,0.7465961517913471,1
2026-01-20 02:15:00,1.16409,1.1644,1.16401,1.16438,272,8,0,1,0,0.00018894175440997522,0.00042941307820466254,0.99,0.7465598897682393,1
2026-01-20 02:30:00,1.16438,1.16461,1.16427,1.16459,259,8,0,0,0,0.00036922865557829834,0.0004121622201805236,0.99,0.0,0
2026-01-20 02:45:00,1.1646,1.1646,1.16436,1.16439,236,8,0,1,0,0.00019752831954925108,0.0004379975781310475,0.99,0.7465598897682393,1
2026-01-20 03:00:00,1.16438,1.16466,1.16435,1.16466,222,8,0,0,0,0.00042930984149875924,0.00035203407002903973,0.99,0.0,0
2026-01-20 03:15:00,1.16466,1.16553,1.16464,1.16549,402,8,0,1,0,6.864065757737773e-05,0.00029172279470437924,0.99,0.7467071424793549,1
2026-01-20 03:30:00,1.16549,1.16582,1.16544,1.16556,368,8,0,1,0,0.0001286935035518313,0.000265966574007372,0.99,0.7467071424793549,1
2026-01-20 03:45:00,1.16556,1.16584,1.16551,1.1656,234,8,0,1,0,0.00016300617707610884,0.00023164035689772863,0.99,0.7467071424793549,1
2026-01-20 04:00:00,1.1656,1.16587,1.16556,1.1658,223,8,0,0,1,0.00027448962086129526,6.004460456340238e-05,0.99,0.746970550711667,1
2026-01-20 04:15:00,1.1658,1.16621,1.16572,1.16618,277,8,0,1,1,5.145003344247799e-05,2.5725016721238996e-05,0.99,0.7468712630885166,1
2026-01-20 04:30:00,1.16619,1.16636,1.16608,1.1661,318,8,0,1,1,1.7151187719861955e-05,9.43315324586695e-05,0.99,0.7468712630885166,1
2026-01-20 04:45:00,1.1661,1.1666400000000001,1.16583,1.16651,346,8,0,0,0,0.0003000402911248703,0.0002571773923926644,0.99,0.0,0
2026-01-20 05:00:00,1.16651,1.16721,1.16646,1.16708,357,8,0,1,0,5.9978750385590105e-05,0.0006426294684169281,0.99,0.746637719226753,1
2026-01-20 05:15:00,1.16709,1.16709,1.16656,1.16661,387,8,0,0,0,0.00021429612295461507,0.00034287379672723187,0.99,0.0,0
2026-01-20 05:30:00,1.16661,1.16669,1.16639,1.16645,289,8,0,0,0,0.0002829096832268348,0.00020575249689229542,0.99,0.0,0
2026-01-20 05:45:00,1.16645,1.16652,1.16626,1.1663000000000001,307,8,0,1,1,0.00015433421932613305,7.716710966316172e-05,0.99,0.7468712630885166,1
2026-01-20 06:00:00,1.16631,1.1666400000000001,1.16619,1.1665,320,8,0,0,0,0.00030861551650228537,0.00024860694384922714,0.99,0.0,0
2026-01-20 06:15:00,1.1665,1.1667399999999999,1.1662,1.1663000000000001,467,8,0,1,1,0.00015433421932613305,7.716710966316172e-05,0.99,0.7468712630885166,1
2026-01-20 06:30:00,1.16628,1.16673,1.16628,1.16648,435,8,0,0,0,0.00030862080790062065,0.00023146560592551306,0.99,0.0,0
2026-01-20 06:45:00,1.16648,1.16686,1.16627,1.16681,395,8,0,1,0,4.2851878197911845e-05,0.0005142225383738003,0.99,0.7478424462034479,1
2026-01-20 07:00:00,1.1668,1.16684,1.16637,1.16668,558,8,0,1,0,0.0001542839510406187,0.00040285253882810235,0.99,0.7478424462034479,1
2026-01-20 07:15:00,1.16667,1.16787,1.16667,1.16754,667,8,0,1,0,2.5695051133129906e-05,0.0002483854942870492,0.99,0.7469059874569373,1
2026-01-20 07:30:00,1.16753,1.16934,1.16751,1.16916,951,8,0,1,0,7.697834342598401e-05,0.0007526771357213657,0.99,0.7473251023690077,1
2026-01-20 07:45:00,1.16916,1.16916,1.1686,1.16885,1026,8,0,0,0,0.0003422167087307661,0.0004876588099413607,0.99,0.0,0
2026-01-20 08:00:00,1.16887,1.16996,1.16867,1.16993,1058,8,0,0,1,0.0005812313557221492,0.00011966527911928834,0.99,0.7481765338352446,1
2026-01-20 08:15:00,1.16993,1.17016,1.16922,1.1696,921,8,0,0,0,0.0002992476060192138,0.0004018467852256929,0.99,0.0,0
2026-01-20 08:30:00,1.16958,1.17145,1.16958,1.1708,1524,8,0,0,0,0.0006576699692517401,0.000529552442774227,0.99,0.0,0
2026-01-20 08:45:00,1.1708,1.17215,1.1708,1.17161,1312,8,0,1,1,3.4141053763658555e-05,9.388789785001365e-05,0.99,0.7470608323596877,1
2026-01-20 09:00:00,1.17161,1.17282,1.17161,1.17187,1302,8,0,1,1,0.00018773413433221002,8.533369742376628e-05,0.99,0.7465637960765799,1
2026-01-20 09:15:00,1.17185,1.17245,1.17154,1.17243,1071,8,0,0,0,0.0004776404561465451,0.0002985252850915197,0.99,0.0,0
2026-01-20 09:30:00,1.17245,1.17324,1.17244,1.1727400000000001,846,8,0,0,1,0.00021317598103574655,3.410815696558313e-05,0.99,0.7463099569277062,1
2026-01-20 09:45:00,1.17272,1.17272,1.17221,1.17254,729,8,0,0,0,0.00038378221638499455,0.00020468384873865113,0.99,0.0,0
2026-01-20 10:00:00,1.17258,1.17304,1.17181,1.1719,1098,8,0,0,1,0.0002133287823191923,5.9732059049419315e-05,0.99,0.7465637960765799,1
2026-01-20 10:15:00,1.17191,1.17203,1.17151,1.17182,1008,8,0,1,1,0.00014507347544845067,8.533733849907748e-05,0.99,0.7467995173236754,1
2026-01-20 10:30:00,1.17182,1.17269,1.17171,1.17249,700,8,0,0,0,0.000426442869448733,0.0002473368642802083,0.99,0.0,0
2026-01-20 10:45:00,1.17249,1.17316,1.17226,1.17304,648,8,0,1,0,1.7049716974809915e-05,0.00022164632067120388,0.99,0.7465937230933395,1
2026-01-20 11:00:00,1.17306,1.17321,1.17231,1.17241,703,8,0,0,0,0.0004947074828771718,0.0003155892563181664,0.99,0.0,0
2026-01-20 11:15:00,1.17241,1.17298,1.17219,1.1726,650,8,0,0,1,0.00033259423503316596,0.0001535050315536815,0.99,0.7463099569277062,1
2026-01-20 11:30:00,1.1726,1.17368,1.17249,1.17355,617,8,0,1,0,3.408461505672358e-05,0.0006561288398450508,0.99,0.7474406991857608,1
2026-01-20 11:45:00,1.17353,1.17387,1.1733500000000001,1.17344,650,8,0,1,0,0.00012782928824641435,0.0005624488682847909,0.99,0.7474406991857608,1
2026-01-20 12:00:00,1.17342,1.17393,1.17302,1.17379,545,8,0,1,0,0.0001703882295810818,0.0008604605593845198,0.99,0.7474406991857608,1
2026-01-20 12:15:00,1.17379,1.17433,1.17375,1.17418,622,8,0,1,0,2.554974535418291e-05,0.0011923214498629408,0.99,0.7479942141944069,1
2026-01-20 12:30:00,1.17419,1.17423,1.17342,1.17355,700,8,0,1,0,3.408461505672358e-05,0.0006561288398450508,0.99,0.7474406991857608,1
2026-01-20 12:45:00,1.17355,1.1736,1.17252,1.17255,787,8,0,0,1,0.0003752505223657805,0.0001961536821457102,0.99,0.7463099569277062,1
2026-01-20 13:00:00,1.17256,1.17301,1.17246,1.17279,677,8,0,1,1,0.0001705335140988395,8.526675704998774e-06,0.99,0.7471142295148,1
2026-01-20 13:15:00,1.17279,1.17328,1.17182,1.17216,990,8,0,0,1,0.00043509418509419395,0.00016209391209402683,0.99,0.7465637960765799,1
2026-01-20 13:30:00,1.17217,1.17692,1.1718,1.17353,4488,8,0,1,0,5.112779392086183e-05,0.0006390974240113405,0.99,0.7474406991857608,1
2026-01-20 13:45:00,1.17353,1.17454,1.17327,1.17329,2044,8,0,0,0,0.0002301221351924865,0.0004346751442524955,0.99,0.0,0
2026-01-20 14:00:00,1.17329,1.17367,1.17207,1.17241,1749,8,0,0,0,0.0004947074828771718,0.0003155892563181664,0.99,0.0,0
2026-01-20 14:15:00,1.17241,1.17331,1.17233,1.1726,1209,8,0,0,1,0.00033259423503316596,0.0001535050315536815,0.99,0.7463099569277062,1
2026-01-20 14:30:00,1.17262,1.17268,1.1715,1.17198,1373,8,0,0,1,0.00028157477090047734,8.532568815223393e-06,0.99,0.7465637960765799,1
2026-01-20 14:45:00,1.17196,1.17251,1.17168,1.17191,1150,8,0,0,1,0.00022186004044672967,5.119847087229308e-05,0.99,0.7465637960765799,1
2026-01-20 15:00:00,1.17192,1.17299,1.17159,1.17232,1221,8,0,0,0,0.0005715163095400133,0.00029855329602845,0.99,0.0,0
2026-01-20 15:15:00,1.17233,1.17282,1.17207,1.17232,1046,8,0,0,0,0.0005715163095400133,0.00029855329602845,0.99,0.0,0
2026-01-20 15:30:00,1.17232,1.17323,1.17222,1.17293,906,8,0,1,1,5.115394780587843e-05,0.00012788486951488537,0.99,0.7471142295148,1
2026-01-20 15:45:00,1.17293,1.1736900000000001,1.17253,1.17268,1038,8,0,0,1,0.0002643517413105301,8.527475526144301e-05,0.99,0.7463099569277062,1
2026-01-20 16:00:00,1.17267,1.1736900000000001,1.17267,1.17334,804,8,0,0,0,0.00021306697121027275,0.0004772700155113743,0.99,0.0,0
2026-01-20 16:15:00,1.17334,1.17359,1.17302,1.17329,811,8,0,0,0,0.0002301221351924865,0.0004346751442524955,0.99,0.0,0
2026-01-20 16:30:00,1.17328,1.1734,1.17266,1.17323,851,8,0,1,0,0.0001789930363185765,0.00038355650639692256,0.99,0.7465937230933395,1
2026-01-20 16:45:00,1.17323,1.1739,1.17295,1.17384,740,8,0,0,0,0.00021297621481640043,0.0009030191508212882,0.99,0.0,0
2026-01-20 17:00:00,1.17383,1.17422,1.17362,1.17393,682,8,0,0,0,0.00023851507330084246,0.000979615479628244,0.99,0.0,0
2026-01-20 17:15:00,1.1739,1.17407,1.17316,1.1733,669,8,0,0,0,0.00023864314327116506,0.0004431944089321367,0.99,0.0,0
2026-01-20 17:30:00,1.17329,1.17366,1.17299,1.17324,640,8,0,1,0,0.00018751491595931692,0.0003920766424603039,0.99,0.7465937230933395,1
2026-01-20 17:45:00,1.17325,1.17343,1.17293,1.17311,466,8,0,1,0,7.67191482470915e-05,0.00028130354357235336,0.99,0.7465937230933395,1
2026-01-20 18:00:00,1.1731,1.17337,1.17286,1.17305,476,8,0,1,0,2.557435744424747e-05,0.0002301692169984165,0.99,0.7465937230933395,1
2026-01-20 18:15:00,1.17306,1.17337,1.17303,1.17307,355,8,0,1,0,4.2623202366530144e-05,0.0002472145737254584,0.99,0.7465937230933395,1
2026-01-20 18:30:00,1.1730800000000001,1.17322,1.17289,1.17307,344,8,0,1,0,4.2623202366530144e-05,0.0002472145737254584,0.99,0.7465937230933395,1
2026-01-20 18:45:00,1.17307,1.17331,1.17261,1.17263,455,8,0,0,1,0.00030700220871026317,0.00012791758696253076,0.99,0.7463099569277062,1
2026-01-20 19:00:00,1.17264,1.17279,1.172,1.17216,556,8,0,0,1,0.00043509418509419395,0.00016209391209402683,0.99,0.7465637960765799,1
2026-01-20 19:15:00,1.17216,1.17249,1.17201,1.1722,387,8,0,0,1,0.00046920320764360046,0.00019621225046916266,0.99,0.7465637960765799,1
2026-01-20 19:30:00,1.1722,1.17226,1.17156,1.17163,456,8,0,1,1,1.707023548401033e-05,7.681605967766746e-05,0.99,0.7467995173236754,1
2026-01-20 19:45:00,1.17163,1.17183,1.17111,1.17118,592,8,0,0,0,0.0003329974897111378,0.00046107344729246137,0.99,0.0,0
2026-01-20 20:00:00,1.17118,1.17188,1.17105,1.1715,535,8,0,1,1,5.975245411866367e-05,0.00018779342723014,0.99,0.7470608323596877,1
2026-01-20 20:15:00,1.17148,1.1719,1.17118,1.1718899999999999,584,8,0,0,1,0.0002047973785933799,6.826579286458628e-05,0.99,0.7465637960765799,1
2026-01-20 20:30:00,1.17191,1.17201,1.17153,1.17188,510,8,0,1,1,0.00019626582926575455,7.67996723213328e-05,0.99,0.7465637960765799,1
2026-01-20 20:45:00,1.17188,1.17199,1.17167,1.17191,422,8,0,0,1,0.00022186004044672967,5.119847087229308e-05,0.99,0.7465637960765799,1
2026-01-20 21:00:00,1.1718899999999999,1.1723,1.17171,1.17222,217,8,0,0,0,0.0004862568459845075,0.00021327054648451953,0.99,0.0,0
2026-01-20 21:15:00,1.1722299999999999,1.17237,1.17217,1.17229,160,8,0,0,0,0.0005459399977820965,0.00027296999889114295,0.99,0.0,0
2026-01-20 21:30:00,1.17231,1.1724700000000001,1.17214,1.17221,137,8,0,0,0,0.0004777300995554499,0.00020474147123810408,0.99,0.0,0
2026-01-20 21:45:00,1.17221,1.17261,1.17216,1.17252,186,8,0,0,0,0.0004008460410056719,0.00022174461842862123,0.99,0.0,0
2026-01-20 22:00:00,1.17248,1.17254,1.17206,1.17208,99,20,0,0,1,0.0003668691556889721,9.385024912979873e-05,0.99,0.7465637960765799,1
2026-01-20 22:15:00,1.17209,1.17224,1.17199,1.1722299999999999,103,58,0,0,0,0.0004947834469343072,0.00022179947621194388,0.99,0.0,0
2026-01-20 22:30:00,1.17224,1.17238,1.17215,1.1723,182,48,0,0,0,0.0005544655804826558,0.00028149791009122365,0.99,0.0,0
2026-01-20 22:45:00,1.1723,1.1724999999999999,1.17203,1.17218,114,20,0,0,1,0.0004521489873568218,0.00017915337234899374,0.99,0.7465637960765799,1
2026-01-20 23:00:00,1.17224,1.17244,1.17214,1.17216,245,8,0,0,1,0.00043509418509419395,0.00016209391209402683,0.99,0.7465637960765799,1
2026-01-20 23:15:00,1.17217,1.17242,1.17215,1.17241,118,8,0,0,0,0.0004947074828771718,0.0003155892563181664,0.99,0.0,0
2026-01-20 23:30:00,1.17241,1.17254,1.17232,1.1724999999999999,117,8,0,0,0,0.0004179104477612806,0.0002388059701493032,0.99,0.0,0
2026-01-20 23:45:00,1.1724999999999999,1.1728399999999999,1.1724999999999999,1.17269,238,8,0,0,1,0.0002558220842677664,7.674662528027312e-05,0.99,0.7463099569277062,1
2026-01-21 00:00:00,1.17267,1.17267,1.17216,1.17233,331,8,0,0,0,0.0005629814130832469,0.00030708077077285233,0.99,0.0,0
2026-01-21 00:15:00,1.17233,1.17234,1.17184,1.17198,312,8,0,0,1,0.00028157477090047734,8.532568815223393e-06,0.99,0.7465637960765799,1
2026-01-21 00:30:00,1.17198,1.1721,1.17178,1.17182,185,8,0,1,1,0.00014507347544845067,8.533733849907748e-05,0.99,0.7467995173236754,1
2026-01-21 00:45:00,1.17182,1.17233,1.17163,1.17233,382,8,0,0,0,0.0005629814130832469,0.00030708077077285233,0.99,0.0,0
2026-01-21 01:00:00,1.17235,1.17263,1.1722299999999999,1.1724999999999999,427,8,0,0,0,0.0004179104477612806,0.0002388059701493032,0.99,0.0,0
2026-01-21 01:15:00,1.17248,1.17316,1.17231,1.17314,472,8,0,1,0,0.00010228958180619534,0.00030686874541839673,0.99,0.7465937230933395,1
2026-01-21 01:30:00,1.17315,1.17339,1.17307,1.17327,392,8,0,0,0,0.00021307968327842993,0.00041763617922566966,0.99,0.0,0
2026-01-21 01:45:00,1.17327,1.17336,1.17276,1.17287,436,8,0,1,1,0.00010231312933223457,7.673484699936524e-05,0.99,0.7471142295148,1
2026-01-21 02:00:00,1.17287,1.17296,1.17259,1.17281,344,8,0,1,1,0.00015347754538251636,2.5579590897054506e-05,0.99,0.7471142295148,1
2026-01-21 02:15:00,1.17282,1.17289,1.17244,1.17246,283,8,0,0,0,0.00045204100779550635,0.0002729304198009961,0.99,0.0,0
2026-01-21 02:30:00,1.17246,1.17313,1.17239,1.17289,319,8,0,1,1,8.525948724943429e-05,9.378543597443452e-05,0.99,0.7471142295148,1
2026-01-21 02:45:00,1.17287,1.17294,1.17256,1.17261,268,8,0,0,1,0.0003240634140933874,0.00014497573788386887,0.99,0.7463099569277062,1
2026-01-21 03:00:00,1.17261,1.17287,1.17203,1.1721300000000001,330,8,0,0,1,0.000409510890430273,0.00013650363014355062,0.99,0.7465637960765799,1
2026-01-21 03:15:00,1.1721300000000001,1.17218,1.1711,1.17117,714,8,0,0,0,0.000341538803077227,0.0004696158542312819,0.99,0.0,0
2026-01-21 03:30:00,1.17117,1.17154,1.171,1.17145,464,8,0,1,0,0.00010243715053984203,0.00023048358871483412,0.99,0.7470608323596877,1
2026-01-21 03:45:00,1.17145,1.1718600000000001,1.17141,1.17184,265,8,0,1,1,0.000162138175860111,0.00010240305843792494,0.99,0.7467995173236754,1
2026-01-21 04:00:00,1.17184,1.17193,1.17136,1.17142,318,8,0,1,0,0.00012804971743703755,0.0002560994348740751,0.99,0.7470608323596877,1
2026-01-21 04:15:00,1.17142,1.17167,1.17141,1.17146,240,8,0,1,0,9.389991975829691e-05,0.0002219452648832645,0.99,0.7470608323596877,1
2026-01-21 04:30:00,1.17146,1.17175,1.17137,1.17167,238,8,0,1,1,1.706965271783777e-05,4.267413179487869e-05,0.99,0.7467995173236754,1
2026-01-21 04:45:00,1.17168,1.17202,1.17153,1.17178,323,8,0,1,1,0.000110942327057949,5.120415094979346e-05,0.99,0.7467995173236754,1
2026-01-21 05:00:00,1.17177,1.17212,1.17174,1.17201,272,8,0,0,1,0.00030716461463632216,3.412940162630012e-05,0.99,0.7465637960765799,1
2026-01-21 05:15:00,1.17201,1.17208,1.17185,1.17187,272,8,0,1,1,0.00018773413433221002,8.533369742376628e-05,0.99,0.7465637960765799,1
2026-01-21 05:30:00,1.1718600000000001,1.17192,1.17164,1.17166,273,8,0,1,1,8.534899202706816e-06,5.120939521718846e-05,0.99,0.7467995173236754,1
2026-01-21 05:45:00,1.17167,1.17178,1.17153,1.17172,227,8,0,1,1,5.97412351073759e-05,0.0,0.99,0.7467995173236754,1
2026-01-21 06:00:00,1.17172,1.172,1.17151,1.17187,315,8,0,1,1,0.00018773413433221002,8.533369742376628e-05,0.99,0.7465637960765799,1
2026-01-21 06:15:00,1.1718600000000001,1.17203,1.17183,1.17199,290,8,0,0,1,0.00029010486437598183,1.7064992022228023e-05,0.99,0.7465637960765799,1
2026-01-21 06:30:00,1.172,1.17238,1.1718899999999999,1.1722,330,8,0,0,1,0.00046920320764360046,0.00019621225046916266,0.99,0.7465637960765799,1
2026-01-21 06:45:00,1.17221,1.17246,1.17208,1.17232,309,8,0,0,0,0.0005715163095400133,0.00029855329602845,0.99,0.0,0
2026-01-21 07:00:00,1.1723,1.17232,1.17134,1.1714,640,8,0,1,0,0.00014512549086563383,0.0002731773945706829,0.99,0.7470608323596877,1
2026-01-21 07:15:00,1.1714,1.17251,1.1714,1.17232,616,8,0,0,0,0.0005715163095400133,0.00029855329602845,0.99,0.0,0
2026-01-21 07:30:00,1.17232,1.17234,1.17096,1.17133,719,8,0,0,0,0.00020489528996953717,0.000332954846200569,0.99,0.0,0
2026-01-21 07:45:00,1.17131,1.17194,1.17122,1.17165,728,8,0,1,1,0.0,5.974480433577817e-05,0.99,0.7467995173236754,1
2026-01-21 08:00:00,1.17167,1.17184,1.17095,1.17118,788,8,0,0,0,0.0003329974897111378,0.00046107344729246137,0.99,0.0,0
2026-01-21 08:15:00,1.17118,1.17141,1.17069,1.17083,700,8,0,0,0,0.0006320302691252897,0.0005551617228803835,0.99,0.0,0
2026-01-21 08:30:00,1.17083,1.17105,1.17046,1.17089,629,8,0,0,0,0.0005807548104433499,0.0006063763461981813,0.99,0.0,0
2026-01-21 08:45:00,1.17089,1.17121,1.17076,1.17097,448,8,0,0,0,0.0005123957061239262,0.0006404946326550026,0.99,0.0,0
2026-01-21 09:00:00,1.17097,1.17117,1.17078,1.17086,539,8,0,0,0,0.0006063918828894901,0.0005807696906547443,0.99,0.0,0
2026-01-21 09:15:00,1.17086,1.1712500000000001,1.17076,1.17112,464,8,0,0,0,0.00038424755789335125,0.0005123300771911982,0.99,0.0,0
2026-01-21 09:30:00,1.17112,1.17112,1.17042,1.17056,458,8,0,0,0,0.0008628348824493878,0.00032463094587210136,0.99,0.0,0
2026-01-21 09:45:00,1.17056,1.17064,1.1701,1.17033,482,8,0,0,1,0.0009228166414602649,0.00012816897798065033,0.99,0.747195688364286,1
2026-01-21 10:00:00,1.17033,1.17082,1.17022,1.17057,564,8,0,0,0,0.0008542846647358891,0.00033317101924712955,0.99,0.0,0
2026-01-21 10:15:00,1.17057,1.17076,1.17038,1.17042,537,8,0,0,0,0.0009825532714751836,0.0002050545957861434,0.99,0.0,0
2026-01-21 10:30:00,1.17042,1.17082,1.17009,1.17073,451,8,0,0,0,0.0007175010463556515,0.0004697923517805561,0.99,0.0,0
2026-01-21 10:45:00,1.17072,1.17081,1.17052,1.17066,436,8,0,0,0,0.0007773392786974582,0.00041002511403826554,0.99,0.0,0
2026-01-21 11:00:00,1.17066,1.17085,1.17043,1.17052,521,8,0,0,0,0.0008970372142295692,0.0002904691931791058,0.99,0.0,0
2026-01-21 11:15:00,1.17053,1.17159,1.17034,1.17122,533,8,0,0,0,0.00029883369477986415,0.00042690527825700294,0.99,0.0,0
2026-01-21 11:30:00,1.1712,1.17165,1.17109,1.1714,522,8,0,1,0,0.00014512549086563383,0.0002731773945706829,0.99,0.7470608323596877,1
2026-01-21 11:45:00,1.1714,1.172,1.17117,1.17138,626,8,0,1,0,0.00016220184739359768,0.00029025593744131447,0.99,0.7470608323596877,1
2026-01-21 12:00:00,1.17139,1.1721300000000001,1.17115,1.17201,590,8,0,0,1,0.00030716461463632216,3.412940162630012e-05,0.99,0.7465637960765799,1
2026-01-21 12:15:00,1.17202,1.17242,1.1718600000000001,1.17242,498,8,0,0,0,0.0004861738967263945,0.00030705719793240984,0.99,0.0,0
2026-01-21 12:30:00,1.17241,1.17313,1.17237,1.173,560,8,0,1,1,8.525149190166677e-06,0.0001875532821825311,0.99,0.7471142295148,1
2026-01-21 12:45:00,1.17301,1.17355,1.17298,1.17343,496,8,0,1,0,0.00013635240278494498,0.0005539316363140873,0.99,0.7474406991857608,1
2026-01-21 13:00:00,1.1734499999999999,1.17394,1.17318,1.17354,632,8,0,1,0,4.260613187440008e-05,0.0006476132044924706,0.99,0.7474406991857608,1
2026-01-21 13:15:00,1.17355,1.17365,1.17282,1.17306,606,8,0,1,0,3.4098852573645e-05,0.00023869196801532572,0.99,0.7465937230933395,1
2026-01-21 13:30:00,1.17306,1.1735,1.1728399999999999,1.17347,570,8,0,1,0,0.00010226081621166111,0.000587999693217619,0.99,0.7474406991857608,1
2026-01-21 13:45:00,1.17349,1.17427,1.17315,1.17392,1019,8,0,0,0,0.00024703557312244566,0.0009711053564128228,0.99,0.0,0
2026-01-21 14:00:00,1.17391,1.17403,1.1715,1.17241,3066,8,0,0,0,0.0004947074828771718,0.0003155892563181664,0.99,0.0,0
2026-01-21 14:15:00,1.1724,1.17278,1.1715200000000001,1.17236,1848,8,0,0,0,0.0005373775973249756,0.00033266232215370064,0.99,0.0,0
2026-01-21 14:30:00,1.17237,1.17282,1.17222,1.17259,1292,8,0,0,1,0.00034112520147703456,0.0001620344707015346,0.99,0.7463099569277062,1
2026-01-21 14:45:00,1.17259,1.17295,1.17203,1.17246,1139,8,0,0,0,0.00045204100779550635,0.0002729304198009961,0.99,0.0,0
2026-01-21 15:00:00,1.17243,1.17283,1.17198,1.172,1123,8,0,0,1,0.00029863481228656184,2.5597269624551617e-05,0.99,0.7465637960765799,1
2026-01-21 15:15:00,1.17202,1.17227,1.17042,1.17083,1335,8,0,0,0,0.0006320302691252897,0.0005551617228803835,0.99,0.0,0
2026-01-21 15:30:00,1.17083,1.17155,1.17066,1.17132,1099,8,0,0,0,0.00021343441587276193,0.000341495065396457,0.99,0.0,0
2026-01-21 15:45:00,1.17132,1.17144,1.17003,1.17016,1085,8,0,0,1,0.000777671429548257,1.7091679770210037e-05,0.99,0.747195688364286,1
2026-01-21 16:00:00,1.17016,1.17082,1.17012,1.17078,822,8,0,0,0,0.000674763832658628,0.0005124788602469584,0.99,0.0,0
2026-01-21 16:15:00,1.17079,1.1709,1.16943,1.17023,865,8,0,0,1,0.0008374422122148662,4.2726643480431636e-05,0.99,0.747195688364286,1
2026-01-21 16:30:00,1.17022,1.17104,1.1701,1.17019,1003,8,0,0,1,0.0008032883548826797,8.545620796678754e-06,0.99,0.747195688364286,1
2026-01-21 16:45:00,1.17018,1.17071,1.16964,1.1703000000000001,1579,8,0,0,1,0.0008972058446554024,0.00010253781081784158,0.99,0.747195688364286,1
2026-01-21 17:00:00,1.17033,1.17093,1.17008,1.1709,851,8,0,0,0,0.0005722094115637103,0.0006149116064566179,0.99,0.0,0
2026-01-21 17:15:00,1.17092,1.17111,1.17071,1.17073,613,8,0,0,0,0.0007175010463556515,0.0004697923517805561,0.99,0.0,0
2026-01-21 17:30:00,1.17073,1.17073,1.16965,1.16983,775,8,0,0,0,0.0004957985348298684,0.0002051580144123659,0.99,0.0,0
2026-01-21 17:45:00,1.16983,1.17035,1.16967,1.17026,601,8,0,0,1,0.0008630560730095683,6.836087707012118e-05,0.99,0.747195688364286,1
2026-01-21 18:00:00,1.17025,1.17032,1.16978,1.16989,564,8,0,0,1,0.000547059979998287,0.00015386061937434028,0.99,0.7481765338352446,1
2026-01-21 18:15:00,1.16989,1.1700599999999999,1.16965,1.16993,415,8,0,0,1,0.0005812313557221492,0.00011966527911928834,0.99,0.7481765338352446,1
2026-01-21 18:30:00,1.16992,1.17015,1.16932,1.16965,528,8,0,0,0,0.0003419826443809498,0.00035908177659972206,0.99,0.0,0
2026-01-21 18:45:00,1.16965,1.16996,1.16955,1.16966,374,8,0,0,0,0.00035052921361765084,0.00035052921361765084,0.99,0.0,0
2026-01-21 19:00:00,1.16967,1.16978,1.16943,1.16971,383,8,0,0,0,0.0003932598678305964,0.0003077685922150926,0.99,0.0,0
2026-01-21 19:15:00,1.1697,1.1705,1.16797,1.16856,1779,8,0,0,0,0.00032518655439177016,0.00023961114534132435,0.99,0.0,0
2026-01-21 19:30:00,1.16855,1.1687,1.16767,1.168,1966,8,0,1,1,0.00015410958904115498,0.00014554794520548245,0.99,0.7472396351771357,1
2026-01-21 19:45:00,1.16799,1.16914,1.16779,1.1691,892,8,0,1,0,0.00012830382345382983,0.0007013942348815695,0.99,0.7473251023690077,1
2026-01-21 20:00:00,1.16912,1.16917,1.16832,1.16841,694,8,0,1,1,0.00019684870892918793,0.00011126231374257622,0.99,0.746807676305854,1
2026-01-21 20:15:00,1.16841,1.16868,1.1676,1.16797,723,8,0,1,1,0.00017979913867654433,0.00011986609245102956,0.99,0.7472396351771357,1
2026-01-21 20:30:00,1.1679599999999999,1.16852,1.1679599999999999,1.16843,586,8,0,0,1,0.00021396232551379498,0.000128377395308315,0.99,0.746807676305854,1
2026-01-21 20:45:00,1.16844,1.16892,1.16837,1.16864,491,8,0,0,0,0.0003936199342825036,0.00030805038335151626,0.99,0.0,0
2026-01-21 21:00:00,1.16866,1.1687,1.1684,1.16856,226,8,0,0,0,0.00032518655439177016,0.00023961114534132435,0.99,0.0,0
2026-01-21 21:15:00,1.16856,1.16871,1.16835,1.16837,253,8,0,1,1,0.00016261971806868754,7.703039276934831e-05,0.99,0.746807676305854,1
2026-01-21 21:30:00,1.16839,1.1689,1.16839,1.1688,156,8,0,0,0,0.00038501026694031434,0.0004449007529090314,0.99,0.0,0
2026-01-21 21:45:00,1.1688,1.1689,1.16848,1.16848,206,8,0,0,1,0.00025674380391617054,0.0001711625359441137,0.99,0.746807676305854,1
2026-01-21 22:00:00,1.16842,1.16846,1.16819,1.1682,84,48,0,1,1,1.7120356103329037e-05,0.0,0.99,0.7470067754608742,1
2026-01-21 22:15:00,1.16827,1.16846,1.16822,1.16846,98,48,0,0,1,0.00023963165191795866,0.00015404891909014343,0.99,0.746807676305854,1
2026-01-21 22:30:00,1.16845,1.16849,1.16837,1.16848,122,48,0,0,1,0.00025674380391617054,0.0001711625359441137,0.99,0.746807676305854,1
2026-01-21 22:45:00,1.16849,1.16855,1.16836,1.16855,102,8,0,0,0,0.00031663172307559067,0.00023105558170381454,0.99,0.0,0
2026-01-21 23:00:00,1.16854,1.16854,1.16802,1.16804,214,8,0,1,1,0.00011985890894149944,0.00012842025958023228,0.99,0.746712739456123,1
2026-01-21 23:15:00,1.16804,1.1681300000000001,1.16764,1.16765,171,8,0,1,1,0.00011989894232006936,0.00015415578298278332,0.99,0.7472396351771357,1
2026-01-21 23:30:00,1.16765,1.16766,1.16694,1.16745,427,8,0,1,0,5.139406398556596e-05,0.00032549573857537786,0.99,0.7469059874569373,1
2026-01-21 23:45:00,1.16745,1.16751,1.16714,1.16727,191,8,0,1,0,5.1401989256940536e-05,0.00047975189973176207,0.99,0.7470809035987855,1
2026-01-22 00:00:00,1.16726,1.1679,1.16724,1.1678,346,8,0,0,1,0.00024833019352620434,2.5689330364766648e-05,0.99,0.7472396351771357,1
2026-01-22 00:15:00,1.1678,1.16794,1.16757,1.16775,254,8,0,0,1,0.00020552344251767755,6.850781417243242e-05,0.99,0.7472396351771357,1
2026-01-22 00:30:00,1.16777,1.16871,1.16777,1.16855,691,8,0,0,0,0.00031663172307559067,0.00023105558170381454,0.99,0.0,0
2026-01-22 00:45:00,1.16855,1.16894,1.16841,1.16868,445,8,0,0,0,0.0004278331108600686,0.00034226648868805485,0.99,0.0,0
2026-01-22 01:00:00,1.16868,1.16871,1.16819,1.16835,480,8,0,1,1,0.00014550434373261734,5.991355330167715e-05,0.99,0.746807676305854,1
2026-01-22 01:15:00,1.16835,1.1685,1.16808,1.1685,405,8,0,0,1,0.0002738553701327325,0.00018827556696628925,0.99,0.746807676305854,1
2026-01-22 01:30:00,1.1685,1.16864,1.16837,1.16859,365,8,0,0,0,0.0003508501698628445,0.000265276957701189,0.99,0.0,0
2026-01-22 01:45:00,1.1685699999999999,1.16898,1.16851,1.16885,385,8,0,0,0,0.0003422167087307661,0.0004876588099413607,0.99,0.0,0
2026-01-22 02:00:00,1.16885,1.16932,1.16876,1.16912,328,8,0,1,0,0.00011119474476526233,0.0007184891200218557,0.99,0.7473251023690077,1
2026-01-22 02:15:00,1.16912,1.16914,1.1684,1.16851,305,8,0,0,1,0.00028241093358203305,0.00019683186279959304,0.99,0.746807676305854,1
2026-01-22 02:30:00,1.16851,1.1687,1.1683,1.1685,308,8,0,0,1,0.0002738553701327325,0.00018827556696628925,0.99,0.746807676305854,1
2026-01-22 02:45:00,1.1685,1.1687,1.16837,1.16853,303,8,0,0,0,0.00029952162118223105,0.0002139440151301922,0.99,0.0,0
2026-01-22 03:00:00,1.16853,1.16868,1.16846,1.16865,244,8,0,0,0,0.00040217344799552514,0.000316604629273077,0.99,0.0,0
2026-01-22 03:15:00,1.16865,1.16881,1.16853,1.16876,201,8,0,0,0,0.00041924774975177063,0.0004106916732263561,0.99,0.0,0
2026-01-22 03:30:00,1.16877,1.16878,1.16854,1.16864,195,8,0,0,0,0.0003936199342825036,0.00030805038335151626,0.99,0.0,0
2026-01-22 03:45:00,1.16864,1.16899,1.16858,1.16887,237,8,0,0,0,0.0003251003105561995,0.0005047610084954618,0.99,0.0,0
2026-01-22 04:00:00,1.16886,1.16966,1.16885,1.1696,308,8,0,0,0,0.0002992476060192138,0.0004018467852256929,0.99,0.0,0
2026-01-22 04:15:00,1.16961,1.1696900000000001,1.1693500000000001,1.16941,244,8,0,1,0,0.0001368211320239779,0.0005643871695982443,0.99,0.7473251023690077,1
2026-01-22 04:30:00,1.16941,1.16942,1.16904,1.16906,214,8,0,1,0,0.00016252373701941086,0.0006672027098694703,0.99,0.7473251023690077,1
2026-01-22 04:45:00,1.16906,1.16923,1.16896,1.16912,156,8,0,1,0,0.00011119474476526233,0.0007184891200218557,0.99,0.7473251023690077,1
2026-01-22 05:00:00,1.1691,1.16916,1.16894,1.16915,218,8,0,1,0,8.553222426548262e-05,0.0007441303511097177,0.99,0.7473251023690077,1
2026-01-22 05:15:00,1.16915,1.16917,1.16873,1.1688,251,8,0,0,0,0.00038501026694031434,0.0004449007529090314,0.99,0.0,0
2026-01-22 05:30:00,1.1688,1.16892,1.16865,1.16867,175,8,0,0,0,0.000419280036280645,0.0003337126819376834,0.99,0.0,0
2026-01-22 05:45:00,1.16867,1.16887,1.1684,1.1688,316,8,0,0,0,0.00038501026694031434,0.0004449007529090314,0.99,0.0,0
2026-01-22 06:00:00,1.1688,1.16901,1.16844,1.16867,372,8,0,0,0,0.000419280036280645,0.0003337126819376834,0.99,0.0,0
2026-01-22 06:15:00,1.16867,1.1690800000000001,1.16864,1.16898,358,8,0,0,0,0.0002309705897448994,0.0005988126400793195,0.99,0.0,0
2026-01-22 06:30:00,1.16897,1.16916,1.16864,1.16864,353,8,0,0,0,0.0003936199342825036,0.00030805038335151626,0.99,0.0,0
2026-01-22 06:45:00,1.16864,1.16892,1.16838,1.1688,348,8,0,0,0,0.00038501026694031434,0.0004449007529090314,0.99,0.0,0
2026-01-22 07:00:00,1.1688,1.16888,1.16845,1.16848,530,8,0,0,1,0.00025674380391617054,0.0001711625359441137,0.99,0.746807676305854,1
2026-01-22 07:15:00,1.1685,1.16909,1.16843,1.16887,514,8,0,0,0,0.0003251003105561995,0.0005047610084954618,0.99,0.0,0
2026-01-22 07:30:00,1.16887,1.16927,1.16865,1.16896,535,8,0,0,0,0.0002480837667669565,0.0005817136600054869,0.99,0.0,0
2026-01-22 07:45:00,1.16896,1.16956,1.16893,1.16903,623,8,0,1,0,0.00018819020897657628,0.0006415575306023185,0.99,0.7473251023690077,1
2026-01-22 08:00:00,1.16902,1.16921,1.16858,1.16862,641,8,0,0,0,0.0003765124676969382,0.0002909414523112791,0.99,0.0,0
2026-01-22 08:15:00,1.16861,1.16947,1.16861,1.16897,755,8,0,0,0,0.00023952710505815883,0.0005902632231794481,0.99,0.0,0
2026-01-22 08:30:00,1.16895,1.16907,1.16837,1.16861,589,8,0,0,0,0.0003679585148166886,0.00028238676718489615,0.99,0.0,0
2026-01-22 08:45:00,1.16861,1.16898,1.16842,1.16885,501,8,0,0,0,0.0003422167087307661,0.0004876588099413607,0.99,0.0,0
2026-01-22 09:00:00,1.16887,1.16916,1.16872,1.16897,524,8,0,0,0,0.00023952710505815883,0.0005902632231794481,0.99,0.0,0
2026-01-22 09:15:00,1.16898,1.16971,1.16879,1.16925,569,8,0,1,0,0.0,0.000701304254864266,0.99,0.7473251023690077,1
2026-01-22 09:30:00,1.16926,1.16949,1.16893,1.1693,510,8,0,1,0,4.27606260156551e-05,0.0006585136406396454,0.99,0.7473251023690077,1
2026-01-22 09:45:00,1.1693,1.16953,1.169,1.16925,540,8,0,1,0,0.0,0.000701304254864266,0.99,0.7473251023690077,1
2026-01-22 10:00:00,1.16923,1.16951,1.16876,1.16879,439,8,0,0,0,0.00039356941794497293,0.0004363487025043083,0.99,0.0,0
2026-01-22 10:15:00,1.16879,1.16887,1.16863,1.16875,389,8,0,0,0,0.00042780748663096897,0.0004021390374331298,0.99,0.0,0
2026-01-22 10:30:00,1.1687400000000001,1.16938,1.16872,1.16909,364,8,0,1,0,0.00013685858231610737,0.0006928465729755429,0.99,0.7473251023690077,1
2026-01-22 10:45:00,1.16909,1.16949,1.16864,1.16948,460,8,0,1,0,0.00019666860485016802,0.0005044977254847183,0.99,0.7473251023690077,1
2026-01-22 11:00:00,1.16948,1.16982,1.16919,1.16936,524,8,0,1,0,9.406855031816934e-05,0.0006071697338715096,0.99,0.7473251023690077,1
2026-01-22 11:15:00,1.16939,1.16992,1.169,1.16973,920,8,0,0,0,0.00041035110666567156,0.00029066536722150154,0.99,0.0,0
2026-01-22 11:30:00,1.16975,1.17022,1.16962,1.17013,868,8,0,0,1,0.0007520531906711152,4.273029492458575e-05,0.99,0.747195688364286,1
2026-01-22 11:45:00,1.17013,1.17037,1.17005,1.17017,545,8,0,0,1,0.0007862105506037857,8.545766854444664e-06,0.99,0.747195688364286,1
2026-01-22 12:00:00,1.17016,1.17042,1.17008,1.17035,428,8,0,0,1,0.000939889776562653,0.00014525569274149056,0.99,0.747195688364286,1
2026-01-22 12:15:00,1.17035,1.17086,1.17031,1.17063,419,8,0,0,0,0.0008029864261123846,0.00038440839547940973,0.99,0.0,0
2026-01-22 12:30:00,1.17062,1.17072,1.17016,1.1703000000000001,592,8,0,0,1,0.0008972058446554024,0.00010253781081784158,0.99,0.747195688364286,1
2026-01-22 12:45:00,1.17029,1.17049,1.16997,1.17033,484,8,0,0,1,0.0009228166414602649,0.00012816897798065033,0.99,0.747195688364286,1
2026-01-22 13:00:00,1.17032,1.17113,1.17024,1.17087,560,8,0,0,0,0.000597846046102405,0.0005893053883010747,0.99,0.0,0
2026-01-22 13:15:00,1.17086,1.17182,1.17086,1.1713,751,8,0,0,0,0.00023051310509689444,0.00035857594126192005,0.99,0.0,0
2026-01-22 13:30:00,1.17129,1.17173,1.17066,1.17138,1224,8,0,1,0,0.00016220184739359768,0.00029025593744131447,0.99,0.7470608323596877,1
2026-01-22 13:45:00,1.17139,1.17143,1.17097,1.17135,750,8,0,1,0,0.00018781747556247835,0.00031587484526418536,0.99,0.7470608323596877,1
2026-01-22 14:00:00,1.17137,1.17187,1.17131,1.17137,686,8,0,1,0,0.00017074024432927083,0.0002987954275763187,0.99,0.7470608323596877,1
2026-01-22 14:15:00,1.17138,1.1716199999999999,1.17103,1.17138,796,8,0,1,0,0.00016220184739359768,0.00029025593744131447,0.99,0.7470608323596877,1
2026-01-22 14:30:00,1.17138,1.17252,1.17135,1.17206,1079,8,0,0,1,0.00034981144310020085,7.678787775382277e-05,0.99,0.7465637960765799,1
2026-01-22 14:45:00,1.17208,1.17238,1.17182,1.17195,971,8,0,0,1,0.0002559836170484807,1.7065574469822925e-05,0.99,0.7465637960765799,1
2026-01-22 15:00:00,1.17199,1.17264,1.1718,1.17255,894,8,0,0,1,0.0003752505223657805,0.0001961536821457102,0.99,0.7463099569277062,1
2026-01-22 15:15:00,1.17256,1.17293,1.1724700000000001,1.17278,791,8,0,1,1,0.00017906171660502694,0.0,0.99,0.7471142295148,1
2026-01-22 15:30:00,1.17278,1.17319,1.17237,1.17313,748,8,0,1,0,9.376624926483381e-05,0.00029834715675165795,0.99,0.7465937230933395,1
2026-01-22 15:45:00,1.17311,1.17336,1.1727400000000001,1.17336,801,8,0,1,0,0.0001960182723119524,0.0004943069475693947,0.99,0.7474406991857608,1
2026-01-22 16:00:00,1.17336,1.1745700000000001,1.17329,1.17448,802,8,0,1,0,0.0001958313466384719,0.0014474490838499038,0.99,0.7473043160209429,1
2026-01-22 16:15:00,1.1745,1.1750099999999999,1.17413,1.17414,806,8,0,1,0,5.9618103462972474e-05,0.001158294581566106,0.99,0.7479942141944069,1
2026-01-22 16:30:00,1.17414,1.17459,1.17392,1.17416,827,8,0,1,0,4.258363425758284e-05,0.0011753083055121608,0.99,0.7479942141944069,1
2026-01-22 16:45:00,1.17417,1.17443,1.17383,1.17383,598,8,0,0,0,0.00020445890801906407,0.0008945077225833344,0.99,0.0,0
2026-01-22 17:00:00,1.17381,1.17402,1.17263,1.17376,1253,8,0,1,0,0.00014483369683751662,0.0008349236641221212,0.99,0.7474406991857608,1
2026-01-22 17:15:00,1.17377,1.17417,1.17336,1.1741,691,8,0,1,0,9.368878289758497e-05,0.0011242653947704522,0.99,0.7479942141944069,1
2026-01-22 17:30:00,1.1741,1.17475,1.17394,1.17473,491,8,0,1,0,8.512594383256976e-06,0.0016599559047611946,0.99,0.7464277181952659,1
2026-01-22 17:45:00,1.17473,1.17475,1.17452,1.17465,436,8,0,1,0,7.66185672327276e-05,0.0015919635636147263,0.99,0.7464277181952659,1
2026-01-22 18:00:00,1.17463,1.17465,1.17427,1.1745,476,8,0,0,0,0.0002043422733076168,0.0014644529587059733,0.99,0.0,0
2026-01-22 18:15:00,1.17449,1.17483,1.17445,1.17455,332,8,0,1,0,0.00016176407986029752,0.001506960112383508,0.99,0.7464277181952659,1
2026-01-22 18:30:00,1.17453,1.17476,1.1745,1.1745700000000001,268,8,0,1,0,0.0001447338174819563,0.0015239619605474175,0.99,0.7464277181952659,1
2026-01-22 18:45:00,1.1745700000000001,1.17479,1.17452,1.1747,270,8,0,1,0,3.4051247126771056e-05,0.0016344598620925714,0.99,0.7464277181952659,1
2026-01-22 19:00:00,1.1747,1.17477,1.17429,1.17434,352,8,0,1,0,7.663879285379318e-05,0.0013284057428002163,0.99,0.7473043160209429,1
2026-01-22 19:15:00,1.17434,1.17438,1.17418,1.17427,304,8,0,1,0,1.7031858090480876e-05,0.0012688734277465927,0.99,0.7473043160209429,1
2026-01-22 19:30:00,1.17426,1.17442,1.17409,1.17427,364,8,0,1,0,1.7031858090480876e-05,0.0012688734277465927,0.99,0.7473043160209429,1
2026-01-22 19:45:00,1.17427,1.17446,1.17416,1.17436,316,8,0,1,0,9.366804046463988e-05,0.0013454136721279138,0.99,0.7473043160209429,1
2026-01-22 20:00:00,1.17436,1.17466,1.17415,1.17466,277,8,0,1,0,6.81048133075596e-05,0.0016004631127305806,0.99,0.7464277181952659,1
2026-01-22 20:15:00,1.1746699999999999,1.17481,1.17459,1.17466,290,8,0,1,0,6.81048133075596e-05,0.0016004631127305806,0.99,0.7464277181952659,1
2026-01-22 20:30:00,1.17466,1.17506,1.17454,1.17503,322,8,0,0,0,0.0002468022093053994,0.0019148447273687355,0.99,0.0,0
2026-01-22 20:45:00,1.17502,1.17524,1.17472,1.17487,361,8,0,1,0,0.0001106505400599092,0.0017789202209607421,0.99,0.7464277181952659,1
2026-01-22 21:00:00,1.17486,1.1749100000000001,1.17468,1.17485,226,8,0,1,0,9.362897391160957e-05,0.001761927054517612,0.99,0.7464277181952659,1
2026-01-22 21:15:00,1.17485,1.17546,1.1748,1.17545,252,8,0,0,0,0.00029775830532974637,0.002271470500659468,0.99,0.0,0
2026-01-22 21:30:00,1.17545,1.17545,1.17524,1.17537,157,8,0,0,0,0.0003658422454205318,0.002203561431719452,0.99,0.0,0
2026-01-22 21:45:00,1.17539,1.17555,1.1752,1.1752,292,8,0,0,0,0.00039142273655558795,0.0020592239618789044,0.99,0.0,0
2026-01-22 22:00:00,1.17521,1.17524,1.17493,1.17506,114,48,0,0,0,0.00027232651949696013,0.0019403264514152977,0.99,0.0,0
2026-01-22 22:15:00,1.17505,1.17526,1.17505,1.17525,130,48,0,0,0,0.0004339502233567415,0.0021016804935119955,0.99,0.0,0
2026-01-22 22:30:00,1.17525,1.17534,1.17512,1.17531,143,48,0,0,0,0.0004169112829805578,0.0021526235631451644,0.99,0.0,0
2026-01-22 22:45:00,1.17531,1.17548,1.17522,1.17546,88,20,0,0,0,0.0002892484644309521,0.00227995848433806,0.99,0.0,0
2026-01-22 23:00:00,1.17554,1.1759,1.17553,1.17568,245,8,0,1,0,0.0001020685900924554,0.002466657593903209,0.99,0.7473736533629121,1
2026-01-22 23:15:00,1.17567,1.17574,1.17555,1.1756199999999999,146,8,0,1,0,0.0001531106990354613,0.0024157465847807575,0.99,0.7473736533629121,1
2026-01-22 23:30:00,1.1756199999999999,1.17564,1.17531,1.17538,139,8,0,0,0,0.0003573312460649874,0.002212050570879339,0.99,0.0,0
2026-01-22 23:45:00,1.17537,1.17547,1.17529,1.17535,199,8,0,0,0,0.0003828646786064249,0.002186582720040806,0.99,0.0,0
2026-01-23 00:00:00,1.17535,1.17535,1.17486,1.17489,287,8,0,1,0,0.00012767152669619666,0.0017959128088587495,0.99,0.7464277181952659,1
2026-01-23 00:15:00,1.17487,1.17513,1.17485,1.17509,234,8,0,0,0,0.0002978495264193147,0.0019658068743670988,0.99,0.0,0
2026-01-23 00:30:00,1.17509,1.17522,1.17483,1.17488,262,8,0,1,0,0.00011916110581508665,0.0017874165872259218,0.99,0.7464277181952659,1
2026-01-23 00:45:00,1.17488,1.17496,1.17476,1.17477,302,8,0,1,0,2.5536913608788558e-05,0.001693948602705345,0.99,0.7464277181952659,1
2026-01-23 01:00:00,1.17477,1.17492,1.17466,1.17473,317,8,0,1,0,8.512594383256976e-06,0.0016599559047611946,0.99,0.7464277181952659,1
2026-01-23 01:15:00,1.17473,1.17536,1.17473,1.17511,612,8,0,0,0,0.0003148641403785207,0.0019827931002205455,0.99,0.0,0
2026-01-23 01:30:00,1.17511,1.17517,1.17485,1.17496,401,8,0,1,0,0.0001872404166951292,0.0018553823108872394,0.99,0.7464277181952659,1
2026-01-23 01:45:00,1.17495,1.1752,1.17475,1.17489,304,8,0,1,0,0.00012767152669619666,0.0017959128088587495,0.99,0.7464277181952659,1
2026-01-23 02:00:00,1.17487,1.17497,1.1745700000000001,1.17482,336,8,0,1,0,6.809553803993805e-05,0.001736436220016719,0.99,0.7464277181952659,1
2026-01-23 02:15:00,1.17482,1.17488,1.17473,1.17479,174,8,0,1,0,4.256079810017579e-05,0.0017109440836235133,0.99,0.7464277181952659,1
2026-01-23 02:30:00,1.1748,1.17496,1.17437,1.17449,248,8,0,0,0,0.00020434401314614682,0.0014559510936662725,0.99,0.0,0
2026-01-23 02:45:00,1.17449,1.17469,1.17441,1.1745,344,8,0,0,0,0.0002043422733076168,0.0014644529587059733,0.99,0.0,0
2026-01-23 03:00:00,1.17449,1.17484,1.17449,1.17464,357,8,0,1,0,8.513246611726912e-05,0.0015834638697813568,0.99,0.7464277181952659,1
2026-01-23 03:15:00,1.17464,1.17475,1.17441,1.17445,285,8,0,1,0,0.0001702924773297952,0.0014219421857039978,0.99,0.7473043160209429,1
2026-01-23 03:30:00,1.17444,1.17452,1.17435,1.17446,232,8,0,1,0,0.00017880557873409353,0.0014304446298725592,0.99,0.7473043160209429,1
2026-01-23 03:45:00,1.17446,1.17462,1.17432,1.17435,204,8,0,1,0,8.515348916420913e-05,0.0013369097798782913,0.99,0.7473043160209429,1
2026-01-23 04:00:00,1.17435,1.17447,1.17429,1.17445,188,8,0,1,0,0.0001702924773297952,0.0014219421857039978,0.99,0.7473043160209429,1
2026-01-23 04:15:00,1.17446,1.1746,1.17441,1.17446,115,8,0,1,0,0.00017880557873409353,0.0014304446298725592,0.99,0.7473043160209429,1
2026-01-23 04:30:00,1.17446,1.17481,1.17442,1.1748,158,8,0,1,0,5.107252298278092e-05,0.0017194416070821694,0.99,0.7464277181952659,1
2026-01-23 04:45:00,1.17482,1.17507,1.17469,1.17497,229,8,0,1,0,0.00019574967871534976,0.0018638773755926842,0.99,0.7464277181952659,1
2026-01-23 05:00:00,1.17497,1.17519,1.17495,1.17508,184,8,0,0,0,0.0002893420022466615,0.0019573135446097024,0.99,0.0,0
2026-01-23 05:15:00,1.17508,1.17536,1.17499,1.17503,249,8,0,0,0,0.0002468022093053994,0.0019148447273687355,0.99,0.0,0
2026-01-23 05:30:00,1.17504,1.17523,1.175,1.17519,236,8,0,0,0,0.00038291680494223186,0.002050732222023693,0.99,0.0,0
2026-01-23 05:45:00,1.17519,1.1752,1.17494,1.17505,240,8,0,0,0,0.00026381856091232925,0.00193183268797072,0.99,0.0,0
2026-01-23 06:00:00,1.17505,1.17527,1.17464,1.17474,302,8,0,1,0,0.0,0.0016684542962697804,0.99,0.7464277181952659,1
2026-01-23 06:15:00,1.17474,1.17477,1.17433,1.17435,482,8,0,1,0,8.515348916420913e-05,0.0013369097798782913,0.99,0.7473043160209429,1
2026-01-23 06:30:00,1.17435,1.17478,1.17435,1.17443,501,8,0,1,0,0.00015326583959884282,0.0014049368629889829,0.99,0.7473043160209429,1
2026-01-23 06:45:00,1.17441,1.1746,1.17411,1.17419,570,8,0,1,0,1.703301850629709e-05,0.0012008278046995234,0.99,0.7479942141944069,1
2026-01-23 07:00:00,1.17419,1.17444,1.17403,1.17419,558,8,0,1,0,1.703301850629709e-05,0.0012008278046995234,0.99,0.7479942141944069,1
2026-01-23 07:15:00,1.17419,1.17421,1.17353,1.17366,482,8,0,1,0,5.964248589882462e-05,0.0007497912512993473,0.99,0.7474406991857608,1
2026-01-23 07:30:00,1.17367,1.17463,1.17348,1.17427,1155,8,0,1,0,1.7031858090480876e-05,0.0012688734277465927,0.99,0.7473043160209429,1
2026-01-23 07:45:00,1.17425,1.17471,1.1735,1.17358,1556,8,0,1,0,8.520935939470224e-06,0.0006816748751684025,0.99,0.7474406991857608,1
2026-01-23 08:00:00,1.17357,1.17392,1.17313,1.17347,974,8,0,1,0,0.00010226081621166111,0.000587999693217619,0.99,0.7474406991857608,1
2026-01-23 08:15:00,1.17349,1.17349,1.17281,1.17309,651,8,0,1,0,5.967146595744103e-05,0.00026425934924006897,0.99,0.7465937230933395,1
2026-01-23 08:30:00,1.17312,1.17449,1.17312,1.17448,797,8,0,1,0,0.0001958313466384719,0.0014474490838499038,0.99,0.7473043160209429,1
2026-01-23 08:45:00,1.17448,1.17448,1.17391,1.174,601,8,0,1,0,0.00017887563884160434,0.0010391822827938663,0.99,0.7479942141944069,1
2026-01-23 09:00:00,1.1739600000000001,1.17431,1.1736,1.17377,744,8,0,1,0,0.00015335201956096083,0.0008434361075850008,0.99,0.7474406991857608,1
2026-01-23 09:15:00,1.17377,1.17436,1.17359,1.1741,514,8,0,1,0,9.368878289758497e-05,0.0011242653947704522,0.99,0.7479942141944069,1
2026-01-23 09:30:00,1.17412,1.17447,1.17382,1.17417,626,8,0,1,0,3.40666172701057e-05,0.0011838149501349911,0.99,0.7479942141944069,1
2026-01-23 09:45:00,1.17419,1.17428,1.17347,1.17352,637,8,0,1,0,5.964960119982148e-05,0.0006305814983979506,0.99,0.7474406991857608,1
2026-01-23 10:00:00,1.17354,1.17358,1.1730800000000001,1.1731,490,8,0,1,0,6.819537976308925e-05,0.0002727815190521677,0.99,0.7465937230933395,1
2026-01-23 10:15:00,1.17311,1.1733,1.17297,1.17317,390,8,0,1,0,0.0001278587076042641,0.00033243263977097303,0.99,0.7465937230933395,1
2026-01-23 10:30:00,1.17317,1.17346,1.17309,1.17314,304,8,0,1,0,0.00010228958180619534,0.00030686874541839673,0.99,0.7465937230933395,1
2026-01-23 10:45:00,1.17313,1.17355,1.17304,1.17343,444,8,0,1,0,0.00013635240278494498,0.0005539316363140873,0.99,0.7474406991857608,1
2026-01-23 11:00:00,1.17344,1.17354,1.17304,1.17346,521,8,0,1,0,0.00011078349496358077,0.000579482896732751,0.99,0.7474406991857608,1
2026-01-23 11:15:00,1.17346,1.17384,1.17329,1.17367,487,8,0,1,0,6.816226026061841e-05,0.0007583051453986703,0.99,0.7474406991857608,1
2026-01-23 11:30:00,1.17366,1.17384,1.17353,1.17367,370,8,0,1,0,6.816226026061841e-05,0.0007583051453986703,0.99,0.7474406991857608,1
2026-01-23 11:45:00,1.17367,1.174,1.17349,1.17371,545,8,0,1,0,0.00010223990593938878,0.0007923592710295536,0.99,0.7474406991857608,1
2026-01-23 12:00:00,1.17372,1.17395,1.17362,1.1738,421,8,0,1,0,0.00017890611688536675,0.0008689725677287621,0.99,0.7474406991857608,1
2026-01-23 12:15:00,1.1738,1.17393,1.17371,1.17386,280,8,0,0,0,0.00023001039306219862,0.0009200415722487945,0.99,0.0,0
2026-01-23 12:30:00,1.17385,1.17429,1.17374,1.17397,429,8,0,0,0,0.00020443452558414438,0.0010136545226879941,0.99,0.0,0
2026-01-23 12:45:00,1.17399,1.17442,1.17395,1.1742,437,8,0,1,0,8.516436722930942e-06,0.0012093340146482514,0.99,0.7479942141944069,1
2026-01-23 13:00:00,1.17421,1.17444,1.17404,1.17444,451,8,0,1,0,0.0001617792309525497,0.0014134395967439757,0.99,0.7473043160209429,1
2026-01-23 13:15:00,1.17444,1.1747,1.1741,1.17433,486,8,0,1,0,6.81239515298766e-05,0.0013199015608901777,0.99,0.7473043160209429,1
2026-01-23 13:30:00,1.17431,1.1743999999999999,1.1738,1.17416,507,8,0,1,0,4.258363425758284e-05,0.0011753083055121608,0.99,0.7479942141944069,1
2026-01-23 13:45:00,1.17417,1.17417,1.17324,1.17338,546,8,0,1,0,0.00017897015459597182,0.0005113432988462015,0.99,0.7474406991857608,1
2026-01-23 14:00:00,1.17339,1.17391,1.17315,1.17388,553,8,0,0,0,0.0002470439908679963,0.0009370634136369142,0.99,0.0,0
2026-01-23 14:15:00,1.17387,1.1745,1.17374,1.17439,524,8,0,1,0,0.00011921082434287501,0.0013709244799428736,0.99,0.7473043160209429,1
2026-01-23 14:30:00,1.17441,1.1745,1.17394,1.17404,650,8,0,1,0,0.00014479915505434524,0.0010732172668733934,0.99,0.7479942141944069,1
2026-01-23 14:45:00,1.17405,1.17478,1.17404,1.17464,669,8,0,1,0,8.513246611726912e-05,0.0015834638697813568,0.99,0.7464277181952659,1
2026-01-23 15:00:00,1.17466,1.17514,1.17454,1.17472,688,8,0,1,0,1.702533369646297e-05,0.001651457368564469,0.99,0.7464277181952659,1
2026-01-23 15:15:00,1.17472,1.17533,1.17468,1.17495,709,8,0,1,0,0.00017873100983024256,0.0018468871015787953,0.99,0.7464277181952659,1
2026-01-23 15:30:00,1.17495,1.1752,1.17479,1.17487,499,8,0,1,0,0.0001106505400599092,0.0017789202209607421,0.99,0.7464277181952659,1
2026-01-23 15:45:00,1.17489,1.1761,1.17484,1.17575,778,8,0,1,0,4.2526047203813286e-05,0.0025260472039125145,0.99,0.7473736533629121,1
2026-01-23 16:00:00,1.17575,1.17585,1.17468,1.17468,694,8,0,1,0,5.107774032072478e-05,0.0016174617768243377,0.99,0.7464277181952659,1
2026-01-23 16:15:00,1.17466,1.17632,1.17461,1.17631,933,8,0,1,0,5.100696245033111e-05,0.0030009096241637267,0.99,0.7466971274088896,1
2026-01-23 16:30:00,1.17632,1.1768399999999999,1.17626,1.17671,861,8,0,1,0,0.00016996541203863143,0.003339820346559466,0.99,0.7470666480314436,1
2026-01-23 16:45:00,1.17671,1.1775,1.17657,1.17703,1005,8,0,0,0,0.0004417899288888779,0.0036107830726490294,0.99,0.0,0
2026-01-23 17:00:00,1.17702,1.17839,1.17685,1.17831,1058,8,0,0,0,0.00041584981880819094,0.004693162240836482,0.99,0.0,0
2026-01-23 17:15:00,1.17829,1.17932,1.17795,1.17923,1202,8,0,0,0,0.0003052839564800047,0.005469670886934752,0.99,0.0,0
2026-01-23 17:30:00,1.17923,1.17983,1.17824,1.17854,1604,8,0,0,0,0.0002800074668659218,0.004887403058020931,0.99,0.0,0
2026-01-23 17:45:00,1.17856,1.17977,1.17847,1.17939,1242,8,0,1,0,0.00019501606762814037,0.005604592204444675,0.99,0.7467526189954782,1
2026-01-23 18:00:00,1.17939,1.17951,1.17776,1.17779,1211,8,0,1,0,2.547143378717474e-05,0.00425372944243028,0.99,0.7474700566146135,1
2026-01-23 18:15:00,1.17777,1.17927,1.17767,1.17902,1162,8,0,1,0,0.0001272243049311059,0.005292531085138525,0.99,0.7468513222244763,1
2026-01-23 18:30:00,1.17901,1.17904,1.17851,1.17884,846,8,0,1,0,2.5448746225081003e-05,0.005140646737470883,0.99,0.7468513222244763,1
2026-01-23 18:45:00,1.17884,1.17919,1.17846,1.17916,573,8,0,0,0,0.0002459377862206159,0.005410631296855433,0.99,0.0,0
2026-01-23 19:00:00,1.1791800000000001,1.18003,1.1791,1.17986,676,8,0,0,0,0.00020341396436866915,0.00600071194887527,0.99,0.0,0
2026-01-23 19:15:00,1.17985,1.18002,1.17926,1.17958,628,8,0,1,0,3.391037487903996e-05,0.005764763729463147,0.99,0.7467526189954782,1
2026-01-23 19:30:00,1.17958,1.17985,1.1795,1.17977,513,8,0,1,0,0.000127143426261131,0.005924883663765015,0.99,0.7467526189954782,1
2026-01-23 19:45:00,1.17976,1.18147,1.1796,1.18113,1023,8,0,0,0,0.0007196498268607328,0.00706950124033771,0.99,0.0,0
2026-01-23 20:00:00,1.18113,1.18159,1.18094,1.18155,708,8,0,0,0,0.0003639287376750289,0.0074224535567687915,0.99,0.0,0
2026-01-23 20:15:00,1.18158,1.18263,1.18152,1.18217,869,8,0,1,0,0.0001607213852490864,0.007943020039419043,0.99,0.7480181088432951,1
2026-01-23 20:30:00,1.18218,1.18218,1.18128,1.18177,717,8,0,1,0,0.0001776995523664025,0.007607233217969701,0.99,0.7480181088432951,1
2026-01-23 20:45:00,1.18177,1.18232,1.18144,1.18207,627,8,0,1,0,7.613762298334572e-05,0.007859094639065386,0.99,0.7480181088432951,1
2026-01-23 21:00:00,1.18208,1.1831,1.18203,1.18286,575,8,0,0,0,0.0007439595556532403,0.008521718546573635,0.99,0.0,0
2026-01-23 21:15:00,1.18285,1.18331,1.18245,1.1829,649,8,0,0,0,0.0007777495984445278,0.008555245582889618,0.99,0.0,0
2026-01-23 21:30:00,1.18289,1.18316,1.18214,1.18258,500,8,0,0,0,0.0005073652522450354,0.00828696578666985,0.99,0.0,0
2026-01-23 21:45:00,1.1825700000000001,1.18298,1.18237,1.18275,448,8,0,0,0,0.0006510251532445043,0.008429507503699037,0.99,0.0,0
2026-01-25 22:00:00,1.18601,1.1862300000000001,1.18468,1.18533,214,48,0,0,0,0.0028262171715893163,0.010587768806998946,0.99,0.0,0
2026-01-25 22:15:00,1.18533,1.18596,1.18518,1.18595,185,48,0,0,0,0.003347527298790024,0.011105021290948291,0.99,0.0,0
2026-01-25 22:30:00,1.18592,1.18691,1.18583,1.18675,271,48,0,0,0,0.004019380661470353,0.011771645249631379,0.99,0.0,0
2026-01-25 22:45:00,1.18675,1.18851,1.18674,1.18851,401,48,0,0,0,0.005494274343505671,0.013235059023483204,0.99,0.0,0
2026-01-25 23:00:00,1.18894,1.18945,1.1869399999999999,1.18941,1656,8,0,0,0,0.006246794629270014,0.013981722030250414,0.99,0.0,0
2026-01-25 23:15:00,1.18939,1.18973,1.18617,1.18643,1142,8,0,0,0,0.0037507480424467223,0.011505103545932049,0.99,0.0,0
2026-01-25 23:30:00,1.18644,1.18682,1.18587,1.18656,1014,8,0,0,0,0.003859897518878125,0.01161340345199579,0.99,0.0,0
2026-01-25 23:45:00,1.18658,1.18664,1.18541,1.18597,995,8,0,0,0,0.003364334679629281,0.011121697850704517,0.99,0.0,0
2026-01-26 00:00:00,1.186,1.186,1.18442,1.1849,1827,8,0,0,0,0.0024643429825301996,0.010228711283652738,0.99,0.0,0
2026-01-26 00:15:00,1.18488,1.18552,1.18443,1.18534,1140,8,0,0,0,0.002834629726492002,0.010596115882362972,0.99,0.0,0
2026-01-26 00:30:00,1.18536,1.18566,1.18468,1.18551,1037,8,0,0,0,0.0029776214456225867,0.010737994618350018,0.99,0.0,0
2026-01-26 00:45:00,1.18549,1.18628,1.18545,1.18607,966,8,0,0,0,0.0034483630814369534,0.011205072213275796,0.99,0.0,0
2026-01-26 01:00:00,1.1861,1.18654,1.18543,1.18584,1187,8,0,0,0,0.003255076570194946,0.011013290157188214,0.99,0.0,0
2026-01-26 01:15:00,1.18586,1.18609,1.18557,1.18587,1143,8,0,0,0,0.0032802921062173333,0.011038309426834347,0.99,0.0,0
2026-01-26 01:30:00,1.18587,1.1867,1.18552,1.1864,1081,8,0,0,0,0.0037255563047874822,0.011480107889413324,0.99,0.0,0
2026-01-26 01:45:00,1.1864,1.18688,1.18569,1.18574,842,8,0,0,0,0.00317101556833706,0.010929883448310829,0.99,0.0,0
2026-01-26 02:00:00,1.18574,1.18759,1.18556,1.18744,903,8,0,0,0,0.004598127063262161,0.012345886950077576,0.99,0.0,0
2026-01-26 02:15:00,1.18743,1.18743,1.18647,1.18719,1145,8,0,0,0,0.004388514054195147,0.012137905474271207,0.99,0.0,0
2026-01-26 02:30:00,1.1872,1.18761,1.1871,1.18724,811,8,0,0,0,0.0044304437182036,0.012179508776658585,0.99,0.0,0
2026-01-26 02:45:00,1.18724,1.18724,1.18642,1.18673,654,8,0,0,0,0.00400259536710122,0.011754990604434142,0.99,0.0,0
2026-01-26 03:00:00,1.18674,1.18674,1.18613,1.18622,642,8,0,0,0,0.0035743791202306665,0.011330107399976495,0.99,0.0,0
2026-01-26 03:15:00,1.18621,1.18634,1.1858,1.18617,606,8,0,0,0,0.0035323773152245597,0.0112884325181045,0.99,0.0,0
2026-01-26 03:30:00,1.18619,1.18643,1.186,1.1862,543,8,0,0,0,0.0035575788231326008,0.01131343786882481,0.99,0.0,0
2026-01-26 03:45:00,1.18619,1.18659,1.18587,1.18621,486,8,0,0,0,0.003565979042496654,0.01132177270466448,0.99,0.0,0
2026-01-26 04:00:00,1.18622,1.1867,1.18552,1.1867,645,8,0,0,0,0.003977416364708905,0.011730007584056757,0.99,0.0,0
2026-01-26 04:15:00,1.18669,1.1869,1.18604,1.18611,656,8,0,0,0,0.003481970474913766,0.011238418021937311,0.99,0.0,0
2026-01-26 04:30:00,1.18609,1.1863,1.18571,1.18619,420,8,0,0,0,0.0035491784621351106,0.011305102892454112,0.99,0.0,0
2026-01-26 04:45:00,1.18617,1.18642,1.18583,1.18589,565,8,0,0,0,0.0032971017548002594,0.011054988236683145,0.99,0.0,0
2026-01-26 05:00:00,1.18589,1.18621,1.18578,1.18587,484,8,0,0,0,0.0032802921062173333,0.011038309426834347,0.99,0.0,0
2026-01-26 05:15:00,1.18587,1.18696,1.18575,1.18673,491,8,0,0,0,0.00400259536710122,0.011754990604434142,0.99,0.0,0
2026-01-26 05:30:00,1.18673,1.18676,1.18634,1.18652,509,8,0,0,0,0.003826315612041928,0.01158008293159836,0.99,0.0,0
2026-01-26 05:45:00,1.18651,1.1867,1.18624,1.18648,506,8,0,0,0,0.0037927314409007726,0.0115467601645203,0.99,0.0,0
2026-01-26 06:00:00,1.18648,1.18655,1.18502,1.18522,823,8,0,0,0,0.0027336696984525317,0.010495941681713106,0.99,0.0,0
2026-01-26 06:15:00,1.18522,1.1858,1.18504,1.18571,614,8,0,0,0,0.0031457945028717064,0.010904858692260424,0.99,0.0,0
2026-01-26 06:30:00,1.18571,1.1862300000000001,1.18568,1.18602,640,8,0,0,0,0.0034063506517597033,0.011163386789430314,0.99,0.0,0
2026-01-26 06:45:00,1.18602,1.18622,1.18512,1.18513,704,8,0,0,0,0.0026579362601571017,0.010420797718393833,0.99,0.0,0
2026-01-26 07:00:00,1.18515,1.18621,1.185,1.18543,966,8,0,0,0,0.0029103363336510407,0.010671233223387337,0.99,0.0,0
2026-01-26 07:15:00,1.18543,1.18624,1.18532,1.18601,889,8,0,0,0,0.003397947740744157,0.011155049282889752,0.99,0.0,0
2026-01-26 07:30:00,1.18601,1.18608,1.1846,1.18483,906,8,0,0,0,0.0024054083708211467,0.010170235392419263,0.99,0.0,0
2026-01-26 07:45:00,1.18482,1.18488,1.18364,1.18385,1038,8,0,0,0,0.0015795920091228096,0.009350846813363293,0.99,0.0,0
2026-01-26 08:00:00,1.18387,1.18482,1.18381,1.18426,1207,8,0,0,0,0.0019252529005455387,0.009693817236080047,0.99,0.0,0
2026-01-26 08:15:00,1.18425,1.18476,1.1837900000000001,1.1846700000000001,933,8,0,0,0,0.0022706745338364953,0.010036550262942572,0.99,0.0,0
2026-01-26 08:30:00,1.1846700000000001,1.18592,1.18466,1.18482,1275,8,0,0,0,0.0023969885721037403,0.010161881129623108,0.99,0.0,0
2026-01-26 08:45:00,1.18482,1.18568,1.18476,1.18531,995,8,0,0,0,0.002809391635943386,0.010571074233744886,0.99,0.0,0
2026-01-26 09:00:00,1.18533,1.18556,1.18454,1.18455,1100,8,0,0,0,0.002169600270144748,0.009936262715799298,0.99,0.0,0
2026-01-26 09:15:00,1.18455,1.18591,1.18415,1.18591,835,8,0,0,0,0.0033139108364041024,0.011071666483965972,0.99,0.0,0
2026-01-26 09:30:00,1.18594,1.1867,1.18576,1.18663,896,8,0,0,0,0.003918660408046352,0.011671708957299359,0.99,0.0,0
2026-01-26 09:45:00,1.18664,1.18664,1.18594,1.1863299999999999,916,8,0,0,0,0.0036667706287456733,0.011421779774598934,0.99,0.0,0
2026-01-26 10:00:00,1.18635,1.18651,1.1856200000000001,1.18585,682,8,0,0,0,0.00326348189062701,0.01102163005439148,0.99,0.0,0
2026-01-26 10:15:00,1.18586,1.18644,1.1857199999999999,1.18622,621,8,0,0,0,0.0035743791202306665,0.011330107399976495,0.99,0.0,0
2026-01-26 10:30:00,1.18622,1.18632,1.18531,1.18592,798,8,0,0,0,0.003322315164597995,0.011080005396654201,0.99,0.0,0
2026-01-26 10:45:00,1.18592,1.18612,1.18544,1.18602,668,8,0,0,0,0.0034063506517597033,0.011163386789430314,0.99,0.0,0
2026-01-26 11:00:00,1.18602,1.18604,1.1852800000000001,1.1854,716,8,0,0,0,0.0028851020752488432,0.010646195377087966,0.99,0.0,0
2026-01-26 11:15:00,1.18539,1.18561,1.18488,1.18516,542,8,0,0,0,0.0026831820176178413,0.010445846974248251,0.99,0.0,0
2026-01-26 11:30:00,1.18518,1.1856200000000001,1.18483,1.18553,567,8,0,0,0,0.0029944413047328553,0.010754683559252014,0.99,0.0,0
2026-01-26 11:45:00,1.18554,1.18579,1.18537,1.18556,572,8,0,0,0,0.003019670029353147,0.010779715914841944,0.99,0.0,0
2026-01-26 12:00:00,1.18554,1.18569,1.18532,1.1854,532,8,0,0,0,0.0028851020752488432,0.010646195377087966,0.99,0.0,0
2026-01-26 12:15:00,1.18539,1.18553,1.18474,1.18482,601,8,0,0,0,0.0023969885721037403,0.010161881129623108,0.99,0.0,0
2026-01-26 12:30:00,1.18484,1.18509,1.18445,1.18446,566,8,0,0,0,0.0020937811323303765,0.009861033720007543,0.99,0.0,0
2026-01-26 12:45:00,1.18445,1.1846,1.18399,1.18419,565,8,0,0,0,0.001866254570634818,0.009635278122598689,0.99,0.0,0
2026-01-26 13:00:00,1.18419,1.1843,1.18346,1.18391,798,8,0,0,0,0.0016301914841499669,0.009401052444864968,0.99,0.0,0
2026-01-26 13:15:00,1.18393,1.18473,1.18368,1.18461,586,8,0,0,0,0.002220139961675075,0.009986409029131957,0.99,0.0,0
2026-01-26 13:30:00,1.1846,1.18495,1.18438,1.18465,765,8,0,0,0,0.0022538302452200652,0.010019837082682689,0.99,0.0,0
2026-01-26 13:45:00,1.18464,1.18565,1.18452,1.18554,848,8,0,0,0,0.003002851021475452,0.01076302781854691,0.99,0.0,0
2026-01-26 14:00:00,1.18553,1.18582,1.1852,1.18568,857,8,0,0,0,0.003120572161122762,0.010879832669860446,0.99,0.0,0
2026-01-26 14:15:00,1.18568,1.18673,1.18541,1.18667,813,8,0,0,0,0.0039522360892243515,0.011705023300496312,0.99,0.0,0
2026-01-26 14:30:00,1.18669,1.18725,1.18649,1.18691,1015,8,0,0,0,0.004153642651928014,0.011904862205221944,0.99,0.0,0
2026-01-26 14:45:00,1.18691,1.18792,1.18689,1.18787,1114,8,0,0,0,0.00495845504979497,0.012703410305841588,0.99,0.0,0
2026-01-26 15:00:00,1.18787,1.18795,1.187,1.18733,1136,8,0,0,0,0.0045059082142285345,0.012254385891032874,0.99,0.0,0
2026-01-26 15:15:00,1.18732,1.18796,1.18706,1.18796,896,8,0,0,0,0.005033839523216165,0.012778208020472047,0.99,0.0,0
2026-01-26 15:30:00,1.18796,1.18878,1.18774,1.18839,1021,8,0,0,0,0.00539385218657177,0.013135418507392457,0.99,0.0,0
2026-01-26 15:45:00,1.18839,1.18967,1.18838,1.18948,1061,8,0,0,0,0.006305276255170378,0.014039748461512727,0.99,0.0,0
2026-01-26 16:00:00,1.18949,1.19066,1.18893,1.1890100000000001,1304,8,0,0,0,0.0059124818126004754,0.013650011353983723,0.99,0.0,0
2026-01-26 16:15:00,1.189,1.189,1.18798,1.18828,1092,8,0,0,0,0.0053017807250816075,0.013044063688692958,0.99,0.0,0
2026-01-26 16:30:00,1.18829,1.1887699999999999,1.18805,1.18851,1063,8,0,0,0,0.005494274343505671,0.013235059023483204,0.99,0.0,0
2026-01-26 16:45:00,1.18849,1.18899,1.18826,1.18853,810,8,0,0,0,0.005511009398164166,0.013251663820013086,0.99,0.0,0
2026-01-26 17:00:00,1.18854,1.18891,1.18828,1.18883,809,8,0,0,0,0.00576196764886487,0.013500668724712632,0.99,0.0,0
2026-01-26 17:15:00,1.18886,1.1891,1.18769,1.18776,802,8,0,0,0,0.004866302956826208,0.012611975483262608,0.99,0.0,0
2026-01-26 17:30:00,1.18774,1.18809,1.1875,1.18781,673,8,0,0,0,0.00490819238767143,0.012653538865643578,0.99,0.0,0
2026-01-26 17:45:00,1.1878199999999999,1.18791,1.18744,1.18785,651,8,0,0,0,0.004941701393273597,0.012686787052237351,0.99,0.0,0
2026-01-26 18:00:00,1.18787,1.18885,1.18778,1.18845,633,8,0,0,0,0.005444065799991565,0.013185241280659744,0.99,0.0,0
2026-01-26 18:15:00,1.18845,1.189,1.18828,1.18854,666,8,0,0,0,0.0055193767142880336,0.013259966008716574,0.99,0.0,0
2026-01-26 18:30:00,1.18854,1.18863,1.18791,1.18796,603,8,0,0,0,0.005033839523216165,0.012778208020472047,0.99,0.0,0
2026-01-26 18:45:00,1.18794,1.18829,1.18788,1.18797,609,8,0,0,0,0.005042214870745844,0.012786518178068501,0.99,0.0,0
