time,open,high,low,close,tick_volume,spread,real_volume,is_near_supply,is_near_demand,distance_to_nearest_supply,distance_to_nearest_demand
2025-12-09 16:00:00,1.16286,1.16374,1.16284,1.16353,627,8,0,1,1,0.0004469158509020618,0.0002578360678280465
2025-12-09 16:15:00,1.16355,1.16399,1.16343,1.16382,621,8,0,1,1,0.00019762506229481573,0.000506951246756449
2025-12-09 16:30:00,1.16382,1.16409,1.16354,1.1636199999999999,520,8,0,1,1,0.0003695364466064115,0.0003351609632009509
2025-12-09 16:45:00,1.16363,1.16388,1.16361,1.16378,467,8,0,1,1,0.00023200261217755285,0.0004725979136950716
2025-12-09 17:00:00,1.16381,1.16392,1.16332,1.1633499999999999,496,8,0,1,1,0.0005587312502684639,0.00010315038466488844
2025-12-09 17:15:00,1.16338,1.16345,1.16267,1.16279,526,8,0,1,1,7.740004643996205e-05,6.020003612003414e-05
2025-12-09 17:30:00,1.16278,1.16294,1.16246,1.1625,377,8,0,1,1,0.00017204301075266921,0.00018924731182785973
2025-12-09 17:45:00,1.16249,1.16261,1.16217,1.16237,441,8,0,1,1,6.882490084900503e-05,0.00020647470254739713
2025-12-09 18:00:00,1.16237,1.16246,1.16192,1.16199,444,8,0,1,1,0.00025817778122011974,8.605926040727985e-06
2025-12-09 18:15:00,1.162,1.16222,1.16166,1.16219,389,8,0,1,1,8.604445056315145e-05,5.162667033804372e-05
2025-12-09 18:30:00,1.16217,1.1623999999999999,1.16192,1.16217,406,8,0,1,1,0.00010325511758186842,3.4418372527289474e-05
2025-12-09 18:45:00,1.16219,1.16245,1.16216,1.16238,278,8,0,1,1,7.742734733901432e-05,0.00021507596483085007
2025-12-09 19:00:00,1.1623999999999999,1.16248,1.16218,1.16241,276,8,0,1,1,0.00010323379874562157,0.00024087886374003838
2025-12-09 19:15:00,1.16241,1.1628,1.16231,1.16279,319,8,0,1,1,7.740004643996205e-05,6.020003612003414e-05
2025-12-09 19:30:00,1.16279,1.16294,1.16261,1.16261,267,8,0,1,1,7.741202982956067e-05,9.461470312491249e-05
2025-12-09 19:45:00,1.16261,1.16297,1.16253,1.16281,298,8,0,1,1,9.459842966592346e-05,7.739871518126219e-05
2025-12-09 20:00:00,1.16282,1.16316,1.16276,1.16305,283,8,0,1,1,0.0003009328919649632,0.00012037315678587074
2025-12-09 20:15:00,1.16305,1.16318,1.16289,1.16297,225,8,0,1,1,0.00023216420028031028,5.159204450669319e-05
2025-12-09 20:30:00,1.16297,1.16297,1.16277,1.16278,237,8,0,1,1,6.880063296570114e-05,5.160047472432359e-05
2025-12-09 20:45:00,1.16278,1.16283,1.16262,1.1626400000000001,280,8,0,1,1,5.160668822675031e-05,6.880891763560342e-05
2025-12-09 21:00:00,1.1626400000000001,1.16286,1.16256,1.1626,201,8,0,1,1,8.601410631342592e-05,0.00010321692757603471
2025-12-09 21:15:00,1.16261,1.16262,1.16246,1.16256,150,8,0,1,1,0.00012042389210021761,0.0001376273052573097
2025-12-09 21:30:00,1.16254,1.16284,1.16254,1.16279,100,8,0,1,1,7.740004643996205e-05,6.020003612003414e-05
2025-12-09 21:45:00,1.16279,1.16289,1.16234,1.16254,252,8,0,1,1,0.0001376296729576273,0.0001548333820772352
2025-12-09 22:00:00,1.16251,1.16256,1.16233,1.16235,87,20,0,1,1,5.1619563814641874e-05,0.00018927173398727493
2025-12-09 22:15:00,1.16236,1.16253,1.16235,1.16247,131,48,0,1,1,0.00015484270561807786,0.00021505931335869614
2025-12-09 22:30:00,1.16248,1.16268,1.16244,1.16267,128,20,0,1,1,2.5802678317987467e-05,4.300446386324879e-05
2025-12-09 22:45:00,1.16268,1.16271,1.1623999999999999,1.16263,100,20,0,1,1,6.0208320789945636e-05,7.741069815841967e-05
2025-12-09 23:00:00,1.16268,1.16281,1.16246,1.1626400000000001,156,8,0,1,1,5.160668822675031e-05,6.880891763560342e-05
2025-12-09 23:15:00,1.1626400000000001,1.16267,1.16256,1.1626,96,8,0,1,1,8.601410631342592e-05,0.00010321692757603471
2025-12-09 23:30:00,1.1626,1.16278,1.16256,1.16271,145,8,0,1,1,8.600596881288944e-06,8.600596881479916e-06
2025-12-09 23:45:00,1.16271,1.16284,1.16269,1.16278,109,8,0,1,1,6.880063296570114e-05,5.160047472432359e-05
2025-12-10 00:00:00,1.16278,1.16286,1.16263,1.16281,176,8,0,1,1,9.459842966592346e-05,7.739871518126219e-05
2025-12-10 00:15:00,1.16281,1.16287,1.1625,1.16252,196,8,0,1,1,0.0001548360458315289,0.00017204005092383612
2025-12-10 00:30:00,1.16252,1.16268,1.1623999999999999,1.16265,205,8,0,1,1,4.300520362972994e-05,6.020728508150733e-05
2025-12-10 00:45:00,1.16265,1.16273,1.16247,1.16259,337,8,0,1,1,9.461633077873928e-05,0.00011181930001115052
2025-12-10 01:00:00,1.1626,1.1628,1.16245,1.16271,304,8,0,1,1,8.600596881288944e-06,8.600596881479916e-06
2025-12-10 01:15:00,1.16271,1.16283,1.1623999999999999,1.16241,228,8,0,1,1,0.00010323379874562157,0.00024087886374003838
2025-12-10 01:30:00,1.16242,1.16257,1.16222,1.16233,315,8,0,1,1,3.4413634682095444e-05,0.00017206817341047724
2025-12-10 01:45:00,1.16234,1.16254,1.1623,1.16236,233,8,0,1,1,6.022230634228164e-05,0.000197873292267606
2025-12-10 02:00:00,1.16234,1.16277,1.1623,1.16276,314,8,0,1,1,5.160136227592021e-05,3.440090818401046e-05
2025-12-10 02:15:00,1.16277,1.1628,1.16257,1.16265,229,8,0,1,1,4.300520362972994e-05,6.020728508150733e-05
2025-12-10 02:30:00,1.16265,1.16277,1.1623999999999999,1.16243,200,8,0,1,1,0.00012043735966899424,0.00024947738788563736
2025-12-10 02:45:00,1.16243,1.16251,1.1623,1.16236,184,8,0,1,1,6.022230634228164e-05,0.000197873292267606
2025-12-10 03:00:00,1.16235,1.16251,1.1621299999999999,1.16249,211,8,0,1,1,0.00017204449070527743,0.00019785116431104996
2025-12-10 03:15:00,1.16249,1.16257,1.16227,1.16235,276,8,0,1,1,5.1619563814641874e-05,0.00018927173398727493
2025-12-10 03:30:00,1.16234,1.16268,1.16232,1.1626,205,8,0,1,1,8.601410631342592e-05,0.00010321692757603471
2025-12-10 03:45:00,1.1626,1.16265,1.16236,1.1626,193,8,0,1,1,8.601410631342592e-05,0.00010321692757603471
2025-12-10 04:00:00,1.16262,1.16269,1.16247,1.16263,197,8,0,1,1,6.0208320789945636e-05,7.741069815841967e-05
2025-12-10 04:15:00,1.16263,1.16271,1.16252,1.16262,123,8,0,1,1,6.881010132294301e-05,8.601262665358327e-05
2025-12-10 04:30:00,1.16262,1.16282,1.16254,1.16278,143,8,0,1,1,6.880063296570114e-05,5.160047472432359e-05
2025-12-10 04:45:00,1.16278,1.16288,1.1627,1.1627,182,8,0,1,1,0.0,1.7201341704574677e-05
2025-12-10 05:00:00,1.16268,1.16281,1.16263,1.1627,177,8,0,1,1,0.0,1.7201341704574677e-05
2025-12-10 05:15:00,1.1627,1.16282,1.16261,1.16267,157,8,0,1,1,2.5802678317987467e-05,4.300446386324879e-05
2025-12-10 05:30:00,1.16267,1.16292,1.1626400000000001,1.1629,200,8,0,1,1,0.0001719838335196302,8.599191676038792e-06
2025-12-10 05:45:00,1.1629,1.16306,1.16285,1.16292,246,8,0,1,1,0.0001891789632991839,8.599043786196357e-06
2025-12-10 06:00:00,1.16292,1.16318,1.16283,1.16313,202,8,0,1,1,0.0003696921238382042,8.597491252051704e-05
2025-12-10 06:15:00,1.16313,1.16331,1.16309,1.16314,204,8,0,1,1,0.0003782863627766184,7.737675602242504e-05
2025-12-10 06:30:00,1.16314,1.16327,1.16293,1.16311,231,8,0,1,1,0.00035250320262057884,0.00010317166905958849
2025-12-10 06:45:00,1.16312,1.16351,1.16312,1.16347,255,8,0,1,1,0.0004985087711759005,0.00020627949152106885
2025-12-10 07:00:00,1.16347,1.16382,1.16339,1.16368,341,8,0,1,1,0.0003179568266189858,0.00038670424859073066
2025-12-10 07:15:00,1.16369,1.16394,1.16364,1.16378,300,8,0,1,1,0.00023200261217755285,0.0004725979136950716
2025-12-10 07:30:00,1.16378,1.16398,1.16357,1.16382,346,8,0,1,1,0.00019762506229481573,0.000506951246756449
2025-12-10 07:45:00,1.16382,1.16491,1.16361,1.16476,826,8,0,1,1,0.0005408839589270823,0.00010302551598622893
2025-12-10 08:00:00,1.16477,1.16488,1.16432,1.16449,705,8,0,1,1,0.0003091482108046578,0.0001288117545018613
2025-12-10 08:15:00,1.16449,1.165,1.16437,1.165,466,8,0,1,1,0.0007467811158797652,0.00022317596566517336
2025-12-10 08:30:00,1.16496,1.16572,1.16472,1.16553,635,8,0,1,1,0.0004289893868027138,0.00023165426887338162
2025-12-10 08:45:00,1.16554,1.16573,1.16515,1.16521,551,8,0,1,1,0.0007037358072794113,4.291071995595941e-05
2025-12-10 09:00:00,1.16523,1.16528,1.16428,1.16431,619,8,0,1,1,0.00015459800225012837,0.0002834296707920927
2025-12-10 09:15:00,1.16431,1.16437,1.16365,1.16408,568,8,0,1,1,2.5771424644332428e-05,0.00048106659336118987
2025-12-10 09:30:00,1.1641,1.1643,1.16387,1.16395,477,8,0,1,1,8.591434339962111e-05,0.0005928089694573283
2025-12-10 09:45:00,1.16395,1.16421,1.16353,1.1636,510,8,0,1,1,0.00038673083533865714,0.00031797868683394764
2025-12-10 10:00:00,1.1635900000000001,1.16372,1.16324,1.16372,449,8,0,1,1,0.0002835733681641129,0.00042106348606202646
2025-12-10 10:15:00,1.16373,1.16393,1.16353,1.1636199999999999,451,8,0,1,1,0.0003695364466064115,0.0003351609632009509
2025-12-10 10:30:00,1.16363,1.16365,1.16297,1.16306,539,8,0,1,1,0.00030952831324258074,0.0001289701305176624
2025-12-10 10:45:00,1.16306,1.16354,1.16273,1.16341,656,8,0,1,1,0.0005501070130048512,0.00015471759740768
2025-12-10 11:00:00,1.1634,1.1635900000000001,1.16307,1.16321,583,8,0,1,1,0.00043844189785164365,1.719379991567213e-05
2025-12-10 11:15:00,1.16321,1.1638,1.16318,1.16351,446,8,0,1,1,0.00046411289976019536,0.00024065113320904675
2025-12-10 11:30:00,1.16351,1.16351,1.16313,1.16348,339,8,0,1,1,0.0004899095815999926,0.00021487262350885575
2025-12-10 11:45:00,1.16345,1.16355,1.16297,1.16346,427,8,0,1,1,0.0005071081085727833,0.00019768621181643758
2025-12-10 12:00:00,1.16348,1.16367,1.16332,1.1636,354,8,0,1,1,0.00038673083533865714,0.00031797868683394764
2025-12-10 12:15:00,1.16361,1.16381,1.16326,1.16376,369,8,0,1,1,0.0002491922733210658,0.00045542036158651225
2025-12-10 12:30:00,1.16377,1.16403,1.16372,1.164,355,8,0,1,1,4.295532646057175e-05,0.0005498281786941357
2025-12-10 12:45:00,1.164,1.16418,1.16376,1.16391,458,8,0,1,1,0.00012028421441522883,0.0005842376128738596
2025-12-10 13:00:00,1.16391,1.16416,1.16311,1.16329,700,8,0,1,1,0.0005071822159563552,5.157785247010546e-05
2025-12-10 13:15:00,1.1633,1.16351,1.16272,1.16341,582,8,0,1,1,0.0005501070130048512,0.00015471759740768
2025-12-10 13:30:00,1.16344,1.16368,1.16321,1.16349,691,8,0,1,1,0.0004813105398414391,0.00022346560778341626
2025-12-10 13:45:00,1.16349,1.16417,1.16346,1.16397,707,8,0,1,1,6.873029373616159e-05,0.0005756162100397334
2025-12-10 14:00:00,1.16395,1.16441,1.16364,1.1639,896,8,0,1,1,0.0001288770512931476,0.0005756508291089857
2025-12-10 14:15:00,1.16392,1.16432,1.1633499999999999,1.16352,703,8,0,1,1,0.00045551430143007373,0.00024924367436754283
2025-12-10 14:30:00,1.16352,1.16398,1.16337,1.16371,659,8,0,1,1,0.00029216901117976724,0.00041247389813616446
2025-12-10 14:45:00,1.16373,1.16446,1.1635900000000001,1.16429,891,8,0,1,1,0.00013742280703255886,0.0003006123903837106
2025-12-10 15:00:00,1.16428,1.16509,1.16428,1.1645699999999999,770,8,0,1,1,0.00037782185699423304,6.0108022703671314e-05
2025-12-10 15:15:00,1.16458,1.1646,1.16393,1.16398,582,8,0,1,1,6.013849035208036e-05,0.0005670200518908254
2025-12-10 15:30:00,1.16395,1.16425,1.16364,1.16387,677,8,0,1,1,0.00015465644788513236,0.0005498895924802374
2025-12-10 15:45:00,1.16385,1.16419,1.16343,1.16415,781,8,0,1,1,1.7179916677325927e-05,0.0004209079585962972
2025-12-10 16:00:00,1.16412,1.16454,1.16369,1.16444,598,8,0,1,1,0.0002662223901616317,0.00017175638074952594
2025-12-10 16:15:00,1.16442,1.16493,1.16431,1.16465,487,8,0,1,1,0.0004464860687759017,8.586270553441388e-06
2025-12-10 16:30:00,1.16466,1.1648,1.16451,1.16453,454,8,0,1,1,0.00034348621332207495,9.445870866343713e-05
2025-12-10 16:45:00,1.16453,1.16495,1.16435,1.16495,458,8,0,1,1,0.0007038928709385132,0.00026610584145245073
2025-12-10 17:00:00,1.16494,1.16509,1.16453,1.16507,448,8,0,1,1,0.0008068184744263786,0.00016308032993718184
2025-12-10 17:15:00,1.1650800000000001,1.16545,1.16507,1.16537,468,8,0,1,1,0.000566343736324176,9.439062272072775e-05
2025-12-10 17:30:00,1.16537,1.16555,1.16528,1.16552,393,8,0,1,1,0.00043757292882166975,0.00022307639508539276
2025-12-10 17:45:00,1.16552,1.16599,1.16535,1.16583,471,8,0,1,1,0.00017155159843218996,3.4310319686437995e-05
2025-12-10 18:00:00,1.16581,1.16596,1.16561,1.16568,330,8,0,1,1,0.0003002539290371907,0.00016299499004865183
2025-12-10 18:15:00,1.16568,1.16596,1.16545,1.16595,324,8,0,1,1,6.861357691159998e-05,6.861357691159998e-05
2025-12-10 18:30:00,1.16593,1.16606,1.16536,1.16564,429,8,0,1,1,0.00033458014481324637,0.0001973164956589963
2025-12-10 18:45:00,1.16563,1.16595,1.16535,1.16554,458,8,0,1,1,0.0004204059920724312,0.00024023199546996068
2025-12-10 19:00:00,1.16552,1.16758,1.16472,1.16689,2691,8,0,1,1,0.00038564046311139995,4.2848940345795676e-05
2025-12-10 19:15:00,1.1669,1.16747,1.16616,1.16641,1420,8,0,1,1,0.0002486261263191343,0.0004543856791352453
2025-12-10 19:30:00,1.16643,1.16809,1.16464,1.16515,7470,8,0,1,1,0.0007552675621166493,9.4408445264605e-05
2025-12-10 19:45:00,1.16512,1.16805,1.1649,1.16778,3775,8,0,1,1,2.5689770333431376e-05,0.0003510935278905457
2025-12-10 20:00:00,1.16776,1.16992,1.16733,1.16985,2355,8,0,1,1,2.5644313373487618e-05,0.00020515450698809076
2025-12-10 20:15:00,1.16983,1.16993,1.16876,1.16938,1727,8,0,1,1,5.1309240794223414e-05,0.0005815047290017051
2025-12-10 20:30:00,1.16937,1.16967,1.16881,1.16922,1033,8,0,1,1,0.00013684336566252542,0.0004447409384032551
2025-12-10 20:45:00,1.1692,1.16964,1.16912,1.16936,721,8,0,1,1,6.841349114052132e-05,0.0005644113019086362
2025-12-10 21:00:00,1.1693500000000001,1.16944,1.16893,1.16915,428,8,0,1,1,7.697900183887737e-05,0.0003848950091945768
2025-12-10 21:15:00,1.16916,1.16944,1.16895,1.16928,339,8,0,1,1,0.0001368363437328424,0.0004960317460317674
2025-12-10 21:30:00,1.16928,1.16931,1.16896,1.16905,273,8,0,1,1,8.553954065322709e-06,0.0002993883922842055
2025-12-10 21:45:00,1.16905,1.1695,1.16892,1.16948,366,8,0,1,1,3.420323562612443e-05,0.0005215993432978755
2025-12-10 22:00:00,1.16948,1.16948,1.16875,1.16894,176,20,0,1,1,0.00010265710814917614,0.00020531421629854223
2025-12-10 22:15:00,1.16891,1.16907,1.1688,1.16901,212,58,0,1,1,4.27712337789099e-05,0.0002651816494298872
2025-12-10 22:30:00,1.169,1.16904,1.16892,1.16897,240,63,0,1,1,7.699085519724499e-05,0.0002309725655919249
2025-12-10 22:45:00,1.16896,1.1693500000000001,1.16893,1.16923,220,8,0,1,1,0.0001453948324966033,0.0004532897719010968
2025-12-10 23:00:00,1.16944,1.16983,1.16942,1.16974,201,8,0,1,1,6.839126643534462e-05,0.0002992117906543954
2025-12-10 23:15:00,1.16973,1.16998,1.1697,1.16984,139,8,0,1,1,1.709635505702402e-05,0.0002137044382138442
2025-12-10 23:30:00,1.16984,1.1702,1.16982,1.17012,187,8,0,1,1,5.127679212384113e-05,2.5638396061920566e-05
2025-12-10 23:45:00,1.17011,1.17023,1.16995,1.17011,207,8,0,1,1,5.982343540352146e-05,1.7092410115210518e-05
2025-12-11 00:00:00,1.17011,1.17044,1.16988,1.1703000000000001,357,8,0,1,1,0.00010253781081784158,0.00010253781081784158
2025-12-11 00:15:00,1.17028,1.17034,1.1698,1.16983,281,8,0,1,1,8.548250600380798e-06,0.0002222545156135071
2025-12-11 00:30:00,1.16983,1.16995,1.16968,1.16981,343,8,0,1,1,8.54839674824588e-06,0.00023935510894936612
2025-12-11 00:45:00,1.16983,1.17017,1.16976,1.17016,519,8,0,1,1,1.7091679770210037e-05,1.7091679770210037e-05
2025-12-11 01:00:00,1.17016,1.17071,1.1700599999999999,1.17047,497,8,0,1,1,0.00024776371884789995,0.0002221329893121131
2025-12-11 01:15:00,1.17049,1.17058,1.17023,1.17036,423,8,0,1,1,0.00015379883112894236,0.00015379883112894236
2025-12-11 01:30:00,1.17036,1.17044,1.17008,1.17036,417,8,0,1,1,0.00015379883112894236,0.00015379883112894236
2025-12-11 01:45:00,1.17036,1.17042,1.17,1.17014,336,8,0,1,1,3.418394380163058e-05,3.418394380163058e-05
2025-12-11 02:00:00,1.17015,1.17057,1.16999,1.17002,374,8,0,1,1,6.837489957443463e-05,5.982803712758285e-05
2025-12-11 02:15:00,1.17002,1.17025,1.16988,1.17019,307,8,0,1,1,8.545620796678754e-06,8.545620796678754e-06
2025-12-11 02:30:00,1.17018,1.1702,1.16981,1.16993,424,8,0,1,1,8.547519937146251e-06,0.00013676031899358083
2025-12-11 02:45:00,1.16992,1.16999,1.16929,1.16936,372,8,0,1,1,6.841349114052132e-05,0.0005644113019086362
2025-12-11 03:00:00,1.16936,1.16973,1.16928,1.1693500000000001,450,8,0,1,1,7.696583572063409e-05,0.0005558643690939748
2025-12-11 03:15:00,1.16934,1.16949,1.16904,1.16914,403,8,0,1,1,6.842636467837898e-05,0.0003763450057307046
2025-12-11 03:30:00,1.16913,1.16938,1.16899,1.16932,306,8,0,1,1,0.0001026237471351897,0.0005302226935311489
2025-12-11 03:45:00,1.16932,1.16942,1.16902,1.16904,216,8,0,1,1,1.710805447196758e-05,0.0002908369260247784
2025-12-11 04:00:00,1.16905,1.16914,1.1689,1.16893,238,8,0,1,1,0.00011121281856053269,0.00019676114053018782
2025-12-11 04:15:00,1.16892,1.169,1.16852,1.16862,244,8,0,1,1,0.0003765124676969382,8.557101538622916e-06
2025-12-11 04:30:00,1.16862,1.16886,1.16859,1.16862,210,8,0,1,1,0.0003765124676969382,8.557101538622916e-06
2025-12-11 04:45:00,1.16861,1.16904,1.1686,1.16898,283,8,0,1,1,6.843573029485536e-05,0.00023952505603161385
2025-12-11 05:00:00,1.16898,1.16917,1.1688,1.1688399999999999,266,8,0,1,1,0.00018822080010960355,0.00011977687279679594
2025-12-11 05:15:00,1.1688399999999999,1.16899,1.16867,1.16886,260,8,0,1,1,0.00017110689047446055,0.00013688551237953046
2025-12-11 05:30:00,1.16886,1.16896,1.16872,1.1688,210,8,0,1,1,0.00022245037645442074,8.555783709786873e-05
2025-12-11 05:45:00,1.1688,1.16887,1.16845,1.16853,330,8,0,1,1,0.000453561312075787,8.557760605203887e-05
2025-12-11 06:00:00,1.16855,1.16861,1.16833,1.1684,332,8,0,1,1,0.0005563163300239981,2.5676138308966564e-05
2025-12-11 06:15:00,1.16841,1.16853,1.16819,1.16835,330,8,0,1,1,0.0005135447425856412,1.7118158086112022e-05
2025-12-11 06:30:00,1.16836,1.16871,1.16831,1.16867,333,8,0,1,1,0.0003337126819374934,2.567020630286949e-05
2025-12-11 06:45:00,1.16867,1.16894,1.16856,1.16885,278,8,0,1,1,0.00017966377208370919,0.0001283312657739423
2025-12-11 07:00:00,1.16888,1.1693500000000001,1.16871,1.16915,503,8,0,1,1,7.697900183887737e-05,0.0003848950091945768
2025-12-11 07:15:00,1.16914,1.16952,1.169,1.1695,452,8,0,1,1,5.1303976058100886e-05,0.000504489097905165
2025-12-11 07:30:00,1.16952,1.17001,1.16923,1.17,496,8,0,1,1,5.128205128200768e-05,7.69230769232013e-05
2025-12-11 07:45:00,1.16998,1.1700599999999999,1.16927,1.16933,592,8,0,1,1,9.407096371431034e-05,0.0005387700649088867
2025-12-11 08:00:00,1.16933,1.17024,1.16933,1.16998,700,8,0,1,1,3.41886186088993e-05,9.401870117442563e-05
2025-12-11 08:15:00,1.16998,1.17017,1.16962,1.17016,573,8,0,1,1,1.7091679770210037e-05,1.7091679770210037e-05
2025-12-11 08:30:00,1.17016,1.17054,1.17011,1.17025,565,8,0,1,1,5.9816278572966884e-05,5.9816278572966884e-05
2025-12-11 08:45:00,1.17026,1.17063,1.16967,1.1696900000000001,566,8,0,1,1,0.00011114055860951488,0.0003419709495677965
2025-12-11 09:00:00,1.16971,1.1697899999999999,1.16886,1.16899,736,8,0,1,1,5.9880751760078785e-05,0.00024807740014876214
2025-12-11 09:15:00,1.16899,1.16939,1.1687,1.16924,583,8,0,1,1,0.00015394615305674538,0.0004618384591700463
2025-12-11 09:30:00,1.16924,1.16985,1.16923,1.16966,587,8,0,1,1,0.00013679188824116412,0.00036762819964789126
2025-12-11 09:45:00,1.16966,1.17031,1.16966,1.17017,460,8,0,1,1,8.545766854444664e-06,8.545766854444664e-06
2025-12-11 10:00:00,1.17018,1.17038,1.16984,1.17037,584,8,0,1,1,0.00016234182352581873,0.00016234182352581873
2025-12-11 10:15:00,1.17037,1.17062,1.17023,1.17026,508,8,0,1,1,6.836087707012118e-05,6.836087707012118e-05
2025-12-11 10:30:00,1.17026,1.17049,1.17005,1.17009,427,8,0,1,1,7.691716021837933e-05,0.0
2025-12-11 10:45:00,1.17008,1.17074,1.17003,1.1706699999999999,454,8,0,1,1,0.00041856372846308477,5.125270144461807e-05
2025-12-11 11:00:00,1.17066,1.17147,1.17056,1.17131,528,8,0,1,1,0.00035003543041553595,4.2687247611738574e-05
2025-12-11 11:15:00,1.17131,1.1717,1.17107,1.1716199999999999,437,8,0,1,1,8.535190590823905e-05,4.267595295393001e-05
2025-12-11 11:30:00,1.17161,1.17174,1.17109,1.17141,470,8,0,1,1,0.00026463834182739813,7.683048633691319e-05
2025-12-11 11:45:00,1.17142,1.17155,1.17124,1.1712500000000001,396,8,0,1,1,0.0004012806830309246,8.537886872865285e-06
2025-12-11 12:00:00,1.17124,1.17161,1.17095,1.17156,501,8,0,1,1,0.00013657004336112535,8.535627709928189e-06
2025-12-11 12:15:00,1.17155,1.1719,1.17147,1.17168,452,8,0,1,1,3.413901406530793e-05,1.7069507032559214e-05
2025-12-11 12:30:00,1.17168,1.17171,1.17133,1.17159,431,8,0,1,1,0.00011096031888304402,1.7070818289597026e-05
2025-12-11 12:45:00,1.1716,1.17178,1.171,1.17164,604,8,0,1,1,6.828035915475744e-05,5.121026936597332e-05
2025-12-11 13:00:00,1.17166,1.17188,1.1713,1.17148,748,8,0,1,1,0.0002048690545293287,1.7072421210698416e-05
2025-12-11 13:15:00,1.1715,1.17215,1.17136,1.17199,608,8,0,1,1,0.00023037739229856265,8.532496010924552e-06
2025-12-11 13:30:00,1.17201,1.17294,1.17153,1.1728,1216,8,0,1,1,0.0003410641200545327,2.5579809004071016e-05
2025-12-11 13:45:00,1.1728,1.1736,1.1728,1.17307,931,8,0,1,1,0.0005711509117102546,6.819712378618323e-05
2025-12-11 14:00:00,1.17305,1.17404,1.17298,1.17391,901,8,0,1,1,0.00014481519026160735,0.0006474090858754879
2025-12-11 14:15:00,1.17393,1.17469,1.17393,1.17449,712,8,0,1,1,5.960033716763403e-05,0.0003661163568867597
2025-12-11 14:30:00,1.17452,1.1748,1.1741,1.17434,885,8,0,1,1,7.663879285379318e-05,0.0004938944428359972
2025-12-11 14:45:00,1.17432,1.17438,1.1734499999999999,1.17371,922,8,0,1,1,2.55599764847999e-05,0.0004771195610501026
2025-12-11 15:00:00,1.17372,1.17473,1.17316,1.17461,1031,8,0,1,1,4.256732021682386e-05,0.0002639173853449507
2025-12-11 15:15:00,1.17461,1.17487,1.17423,1.17484,895,8,0,1,1,7.660617616009284e-05,6.809437880890841e-05
2025-12-11 15:30:00,1.17483,1.17513,1.17456,1.17506,750,8,0,1,1,0.00011063264854557511,6.808162987428728e-05
2025-12-11 15:45:00,1.17505,1.17568,1.17497,1.17557,768,8,0,1,1,0.00031474093418510296,4.2532558673565565e-05
2025-12-11 16:00:00,1.17557,1.17592,1.17516,1.17581,765,8,0,1,1,0.00037421011898180486,0.00011906685603969093
2025-12-11 16:15:00,1.17581,1.17593,1.1746699999999999,1.17468,714,8,0,1,1,0.00010215548064144956,0.00020431096128308815
2025-12-11 16:30:00,1.1746699999999999,1.1751800000000001,1.17459,1.17488,632,8,0,1,1,4.255753779118337e-05,3.40460302329089e-05
2025-12-11 16:45:00,1.17488,1.17568,1.17488,1.1755,624,8,0,1,1,0.0002552105487026516,1.701403658029011e-05
2025-12-11 17:00:00,1.17549,1.17624,1.17548,1.1758899999999999,679,8,0,1,1,0.0003061510855608416,0.0001870923300647909
2025-12-11 17:15:00,1.1758899999999999,1.1762,1.17563,1.17569,595,8,0,1,1,0.00041677653122836755,1.701128698883973e-05
2025-12-11 17:30:00,1.1757,1.1757,1.17494,1.17561,632,8,0,1,1,0.0003487551143661771,5.1037333809638384e-05
2025-12-11 17:45:00,1.17561,1.17571,1.17536,1.17547,446,8,0,1,1,0.0002296953559001867,4.253617701864405e-05
2025-12-11 18:00:00,1.17546,1.1758,1.17529,1.1755,386,8,0,1,1,0.0002552105487026516,1.701403658029011e-05
2025-12-11 18:15:00,1.1755,1.17591,1.1751800000000001,1.17538,456,8,0,1,1,0.00015314196259938828,3.4031547244329496e-05
2025-12-11 18:30:00,1.17538,1.17547,1.17507,1.17545,415,8,0,1,1,0.00021268450380712364,5.955166106598706e-05
2025-12-11 18:45:00,1.17545,1.17551,1.17522,1.17531,345,8,0,1,1,9.359232883243952e-05,2.5525180590630974e-05
2025-12-11 19:00:00,1.17531,1.17531,1.1746699999999999,1.17492,428,8,0,1,1,8.511217785096442e-06,0.0
2025-12-11 19:15:00,1.17492,1.17533,1.17475,1.17526,324,8,0,1,1,5.1052533056471744e-05,6.807004407542162e-05
2025-12-11 19:30:00,1.17526,1.17529,1.17465,1.17468,355,8,0,1,1,0.00010215548064144956,0.00020431096128308815
2025-12-11 19:45:00,1.1746699999999999,1.17478,1.17401,1.17408,485,8,0,1,1,0.00011924230035434467,0.0007154538021258789
2025-12-11 20:00:00,1.17408,1.17408,1.17363,1.1738,518,8,0,1,1,5.1116033395765025e-05,0.0005537570284546256
2025-12-11 20:15:00,1.17381,1.17433,1.17376,1.17433,322,8,0,1,1,6.81239515298766e-05,0.0005024141425322255
2025-12-11 20:30:00,1.17433,1.17454,1.17413,1.1743000000000001,347,8,0,1,1,4.257855743856383e-05,0.0005279741122369435
2025-12-11 20:45:00,1.1743000000000001,1.17445,1.17404,1.17408,245,8,0,1,1,0.00011924230035434467,0.0007154538021258789
2025-12-11 21:00:00,1.17407,1.1743000000000001,1.17394,1.1743000000000001,262,8,0,1,1,4.257855743856383e-05,0.0005279741122369435
2025-12-11 21:15:00,1.17429,1.1743000000000001,1.1739600000000001,1.17415,211,8,0,1,1,5.9617595707545455e-05,0.0006557935527828108
2025-12-11 21:30:00,1.17416,1.17416,1.17393,1.17404,194,8,0,1,1,0.00015331675241053882,0.0007495485673401179
2025-12-11 21:45:00,1.17404,1.17404,1.17356,1.17356,295,8,0,1,1,0.00015337946078604334,0.00034936432734587194
2025-12-11 22:00:00,1.17357,1.1738,1.17354,1.17368,96,20,0,1,1,5.112125962779376e-05,0.0004515711267126827
2025-12-11 22:15:00,1.17367,1.17375,1.1736,1.17373,79,48,0,1,1,8.519846983603991e-06,0.0004941511250458155
2025-12-11 22:30:00,1.17374,1.17393,1.17367,1.17367,119,20,0,1,1,5.964197772799381e-05,0.0004430546916936413
2025-12-11 22:45:00,1.17367,1.17394,1.17363,1.17394,107,8,0,1,1,0.00017036645825168064,0.000672947510094271
2025-12-11 23:00:00,1.17394,1.17417,1.17385,1.17397,205,8,0,1,1,0.00019591642035141654,0.0006984846290791442
2025-12-11 23:15:00,1.17397,1.174,1.17392,1.17395,118,8,0,1,1,0.0001788832573789714,0.0006814600281103402
2025-12-11 23:30:00,1.1739600000000001,1.1739600000000001,1.1736900000000001,1.17382,164,8,0,1,1,6.815354994810108e-05,0.0005707859808149209
2025-12-11 23:45:00,1.17382,1.1740599999999999,1.17381,1.17404,134,8,0,1,1,0.00015331675241053882,0.0007495485673401179
2025-12-12 00:00:00,1.1740599999999999,1.17439,1.1740599999999999,1.17435,338,8,0,1,1,8.515348916420913e-05,0.0004853748882360109
2025-12-12 00:15:00,1.17434,1.17442,1.17422,1.1743000000000001,280,8,0,1,1,4.257855743856383e-05,0.0005279741122369435
2025-12-12 00:30:00,1.17429,1.17439,1.17411,1.17428,296,8,0,1,1,2.5547569574526084e-05,0.0005450148175903311
2025-12-12 00:45:00,1.17429,1.17441,1.17386,1.17402,427,8,0,1,1,0.0001703548491507623,0.000741043593806024
2025-12-12 01:00:00,1.17402,1.17414,1.17376,1.1740599999999999,397,8,0,1,1,0.00013627923615501766,0.000732500894332558
2025-12-12 01:15:00,1.1740599999999999,1.17459,1.1740599999999999,1.17453,326,8,0,1,1,2.5542131746293827e-05,0.0003320477127020088
2025-12-12 01:30:00,1.17453,1.17454,1.17363,1.17366,348,8,0,1,1,6.816284102728219e-05,0.00043453811154849824
2025-12-12 01:45:00,1.17364,1.17377,1.17322,1.17346,359,8,0,1,1,0.00023861060453705962,0.0002641760264517176
2025-12-12 02:00:00,1.17346,1.17364,1.1731,1.17361,425,8,0,1,1,0.00011076933563957658,0.000391953033801797
2025-12-12 02:15:00,1.17361,1.17362,1.17328,1.1733,297,8,0,1,1,0.0003750106537117497,0.0001278445410381782
2025-12-12 02:30:00,1.1733,1.17374,1.17325,1.17363,260,8,0,1,1,9.372630215660345e-05,0.00040898750031955215
2025-12-12 02:45:00,1.17363,1.17363,1.1734499999999999,1.17357,235,8,0,1,1,0.00014485714529171968,0.00035788235895608015
2025-12-12 03:00:00,1.17357,1.17358,1.17329,1.17343,210,8,0,1,1,0.000264182780395961,0.00023861670487379562
2025-12-12 03:15:00,1.17343,1.17372,1.1734,1.17358,186,8,0,1,1,0.00013633497503360483,0.00036640024540308497
2025-12-12 03:30:00,1.17359,1.17367,1.1734499999999999,1.1735,159,8,0,1,1,0.00020451640391991305,0.00029825308904991263
2025-12-12 03:45:00,1.1735,1.17367,1.17338,1.17339,169,8,0,1,1,0.00029828104892667615,0.0002045355764068366
2025-12-12 04:00:00,1.17339,1.17343,1.17315,1.17316,172,8,0,1,1,0.0004943912168843337,8.52398649806123e-06
2025-12-12 04:15:00,1.17316,1.17348,1.1731,1.17342,202,8,0,1,1,0.0002727071295871027,0.000230096640589041
2025-12-12 04:30:00,1.17342,1.17352,1.17331,1.17341,226,8,0,1,1,0.00028123162406996823,0.00022157643108559582
2025-12-12 04:45:00,1.17341,1.17353,1.17313,1.17316,213,8,0,1,1,0.0004943912168843337,8.52398649806123e-06
2025-12-12 05:00:00,1.17316,1.1734,1.17314,1.17339,225,8,0,1,1,0.00029828104892667615,0.0002045355764068366
2025-12-12 05:15:00,1.17339,1.17355,1.17333,1.17338,156,8,0,1,1,0.0003068059793075695,0.00019601493122447502
2025-12-12 05:30:00,1.17337,1.17371,1.17337,1.17363,208,8,0,1,1,9.372630215660345e-05,0.00040898750031955215
2025-12-12 05:45:00,1.17361,1.1739,1.17356,1.17384,244,8,0,1,1,8.519048592652234e-05,0.0005878143528931366
2025-12-12 06:00:00,1.17384,1.17414,1.1736900000000001,1.17404,319,8,0,1,1,0.00015331675241053882,0.0007495485673401179
2025-12-12 06:15:00,1.17405,1.17405,1.17368,1.17381,284,8,0,1,1,5.963486424550352e-05,0.0005622715771718634
2025-12-12 06:30:00,1.1738,1.17386,1.1733500000000001,1.17358,300,8,0,1,1,0.00013633497503360483,0.00036640024540308497
2025-12-12 06:45:00,1.17358,1.1739,1.17347,1.17385,332,8,0,1,1,9.3708736209954e-05,0.0005963283213358989
2025-12-12 07:00:00,1.17382,1.17402,1.17353,1.17386,551,8,0,1,1,0.0001022268413608931,0.000604842144719122
2025-12-12 07:15:00,1.17386,1.17395,1.17355,1.17388,420,8,0,1,1,0.00011926261628107557,0.0006218693563227242
2025-12-12 07:30:00,1.1739,1.1743000000000001,1.1738,1.17395,458,8,0,1,1,0.0001788832573789714,0.0006814600281103402
2025-12-12 07:45:00,1.17393,1.17412,1.17362,1.17376,473,8,0,1,1,1.703925845139465e-05,0.0005196973827699014
2025-12-12 08:00:00,1.17377,1.1742,1.17349,1.17365,764,8,0,1,1,7.668384952918116e-05,0.00042602138627373317
2025-12-12 08:15:00,1.17362,1.17418,1.17354,1.17388,618,8,0,1,1,0.00011926261628107557,0.0006218693563227242
2025-12-12 08:30:00,1.17388,1.17399,1.17353,1.17368,617,8,0,1,1,5.112125962779376e-05,0.0004515711267126827
2025-12-12 08:45:00,1.17367,1.17371,1.17278,1.17278,606,8,0,1,1,0.00032401643957078477,4.2633742048897084e-05
2025-12-12 09:00:00,1.17276,1.1732,1.17266,1.17318,579,8,0,1,1,0.00047733510629239845,2.557152355135145e-05
2025-12-12 09:15:00,1.1732,1.1732,1.17287,1.17297,391,8,0,1,1,0.0004859459321209915,0.00011935514122273287
2025-12-12 09:30:00,1.17296,1.17321,1.17278,1.17304,458,8,0,1,1,0.0005455909431903208,9.377344336069737e-05
2025-12-12 09:45:00,1.17304,1.1734499999999999,1.17295,1.17325,477,8,0,1,1,0.00041764329852981164,8.523332623054677e-05
2025-12-12 10:00:00,1.17325,1.17325,1.17296,1.17305,430,8,0,1,1,0.0005541110779590106,8.524785814755466e-05
2025-12-12 10:15:00,1.17306,1.1733,1.17253,1.17256,456,8,0,1,1,0.0001364535716721856,2.5585044688522966e-05
2025-12-12 10:30:00,1.17254,1.17277,1.17248,1.17251,356,8,0,1,1,9.381583099490193e-05,6.822969526919175e-05
2025-12-12 10:45:00,1.17249,1.17273,1.17241,1.17272,396,8,0,1,1,0.0002728699092706494,9.379903131186856e-05
2025-12-12 11:00:00,1.17272,1.17286,1.17258,1.17259,371,8,0,1,1,0.0001620344707015346,0.0
2025-12-12 11:15:00,1.17258,1.17289,1.1722299999999999,1.17231,364,8,0,1,1,7.677150241842646e-05,0.00023884467419032338
2025-12-12 11:30:00,1.17231,1.17243,1.17221,1.17241,276,8,0,1,1,8.529439359817356e-06,0.00015352990847917452
2025-12-12 11:45:00,1.17241,1.17286,1.17241,1.17265,364,8,0,1,1,0.0002131923421309525,5.116616211141345e-05
2025-12-12 12:00:00,1.17265,1.17278,1.17216,1.17228,510,8,0,1,1,0.0001023646227864674,0.00023885078650156787
2025-12-12 12:15:00,1.17228,1.17257,1.17219,1.17229,341,8,0,1,1,9.383343711884815e-05,0.0002473790614951279
2025-12-12 12:30:00,1.17232,1.1724,1.17198,1.17202,348,8,0,1,1,0.00025596832818549763,1.7064555212480183e-05
2025-12-12 12:45:00,1.17202,1.17251,1.17192,1.17248,451,8,0,1,1,6.82314410479138e-05,9.381823144109452e-05
2025-12-12 13:00:00,1.1724700000000001,1.17325,1.17234,1.17294,646,8,0,1,1,0.0004603816051971839,9.378143809577173e-05
2025-12-12 13:15:00,1.17295,1.17323,1.17262,1.17311,530,8,0,1,1,0.0005370340377286941,3.409739922071925e-05
2025-12-12 13:30:00,1.1730800000000001,1.17348,1.17302,1.17326,537,8,0,1,1,0.0004091164788708692,9.375585974128028e-05
2025-12-12 13:45:00,1.17325,1.17331,1.17258,1.17272,594,8,0,1,1,0.0002728699092706494,9.379903131186856e-05
2025-12-12 14:00:00,1.17271,1.17292,1.17228,1.17257,757,8,0,1,1,0.00014498068345581198,1.705655099493508e-05
2025-12-12 14:15:00,1.17259,1.1732,1.17259,1.1732,740,8,0,1,1,0.0004602795772246718,4.261847937274592e-05
2025-12-12 14:30:00,1.17319,1.17388,1.17311,1.17372,757,8,0,1,1,1.7039839143840932e-05,0.0004856354156018313
2025-12-12 14:45:00,1.17374,1.17431,1.17362,1.17416,706,8,0,1,1,5.110036110917505e-05,0.0006472712407166586
2025-12-12 15:00:00,1.17415,1.17446,1.17368,1.17376,744,8,0,1,1,1.703925845139465e-05,0.0005196973827699014
2025-12-12 15:15:00,1.17375,1.17377,1.17291,1.17355,845,8,0,1,1,0.00016190192152009924,0.0003408461505689387
2025-12-12 15:30:00,1.17356,1.17398,1.17336,1.17354,869,8,0,1,1,0.00017042452749797875,0.00033232782862119097
2025-12-12 15:45:00,1.17356,1.1739,1.17327,1.17378,828,8,0,1,1,3.407793624021537e-05,0.0005367274957829665
2025-12-12 16:00:00,1.17377,1.17429,1.17366,1.17375,806,8,0,1,1,8.51970181049245e-06,0.0005111821086263309
2025-12-12 16:15:00,1.17377,1.1741,1.17352,1.17361,625,8,0,1,1,0.00011076933563957658,0.000391953033801797
2025-12-12 16:30:00,1.17361,1.17363,1.17259,1.1728,727,8,0,1,1,0.0003410641200545327,2.5579809004071016e-05
2025-12-12 16:45:00,1.17279,1.17328,1.17272,1.17307,540,8,0,1,1,0.0005711509117102546,6.819712378618323e-05
2025-12-12 17:00:00,1.17307,1.17332,1.17295,1.17325,489,8,0,1,1,0.00041764329852981164,8.523332623054677e-05
2025-12-12 17:15:00,1.17324,1.17425,1.17315,1.17425,516,8,0,1,1,0.0,0.0005705769640195431
2025-12-12 17:30:00,1.17425,1.17478,1.1740599999999999,1.17476,438,8,0,1,1,0.00014471040893459386,0.0001361980319383857
2025-12-12 17:45:00,1.17475,1.17477,1.17442,1.17471,383,8,0,1,1,0.00012769108971565107,0.00017876752560210053
2025-12-12 18:00:00,1.17472,1.17483,1.17441,1.17459,457,8,0,1,1,2.554082701195693e-05,0.0002809490971317153
2025-12-12 18:15:00,1.1746,1.17488,1.17454,1.17475,391,8,0,1,1,0.00015322409023202298,0.00014471164077463586
2025-12-12 18:30:00,1.17477,1.17494,1.1746,1.17461,318,8,0,1,1,4.256732021682386e-05,0.0002639173853449507
2025-12-12 18:45:00,1.17461,1.17466,1.17403,1.17411,336,8,0,1,1,9.368798494183211e-05,0.0006898842527531299
2025-12-12 19:00:00,1.17413,1.17413,1.17371,1.17391,375,8,0,1,1,0.00014481519026160735,0.0006474090858754879
2025-12-12 19:15:00,1.17388,1.17408,1.17372,1.17379,272,8,0,1,1,4.2597057395175864e-05,0.0005452423346594996
2025-12-12 19:30:00,1.17379,1.17407,1.17375,1.17378,315,8,0,1,1,3.407793624021537e-05,0.0005367274957829665
2025-12-12 19:45:00,1.17377,1.17408,1.1735,1.174,387,8,0,1,1,0.0001873935264055443,0.0007240204429301682
2025-12-12 20:00:00,1.17399,1.17463,1.17397,1.17446,413,8,0,1,1,8.514551368287466e-05,0.00039166936294118566
2025-12-12 20:15:00,1.17447,1.17449,1.1741,1.1742,276,8,0,1,1,1.7032873445861884e-05,0.0006131834440470567
2025-12-12 20:30:00,1.1742,1.1743999999999999,1.1741,1.17423,248,8,0,1,1,8.516219139406685e-06,0.0005876191206150901
2025-12-12 20:45:00,1.17423,1.17431,1.17366,1.17391,839,8,0,1,1,0.00014481519026160735,0.0006474090858754879
2025-12-12 21:00:00,1.17389,1.17446,1.1738,1.17429,234,8,0,1,1,3.4063136022651986e-05,0.0005364943923561543
2025-12-12 21:15:00,1.17427,1.17433,1.17394,1.17397,158,8,0,1,1,0.00019591642035141654,0.0006984846290791442
2025-12-12 21:30:00,1.17395,1.17429,1.17389,1.17414,189,8,0,1,1,6.813497538630828e-05,0.0006643160100158439
2025-12-12 21:45:00,1.17414,1.17421,1.17381,1.1739600000000001,267,8,0,1,1,0.0001873999114110438,0.0006899724011041257
2025-12-14 22:00:00,1.17378,1.17378,1.17322,1.17354,105,48,0,1,1,0.00017042452749797875,0.00033232782862119097
2025-12-14 22:15:00,1.17355,1.1736,1.1735,1.17359,113,48,0,1,1,0.00012781295000817536,0.00037491798669040804
2025-12-14 22:30:00,1.17356,1.17362,1.17343,1.17348,164,48,0,1,1,0.00022156321368913567,0.0002812148481441213
2025-12-14 22:45:00,1.17347,1.17359,1.17347,1.17351,104,48,0,1,1,0.00019599321693036486,0.0003067719917172738
2025-12-14 23:00:00,1.17364,1.17395,1.17352,1.17389,264,8,0,1,1,0.00012778028605754755,0.0006303827445503283
2025-12-14 23:15:00,1.1739,1.17402,1.17379,1.17387,195,8,0,1,1,0.00011074480138342702,0.0006133558230468911
2025-12-14 23:30:00,1.17386,1.174,1.17373,1.17393,147,8,0,1,1,0.0001618495140254636,0.0006644348470522118
2025-12-14 23:45:00,1.17393,1.17399,1.17362,1.17366,172,8,0,1,1,6.816284102728219e-05,0.00043453811154849824
2025-12-15 00:00:00,1.17368,1.17368,1.17317,1.17318,289,8,0,1,1,0.00047733510629239845,2.557152355135145e-05
2025-12-15 00:15:00,1.17318,1.17321,1.17285,1.17285,225,8,0,1,1,0.0003836807775929057,1.7052479004057622e-05
2025-12-15 00:30:00,1.17285,1.17314,1.17282,1.17302,243,8,0,1,1,0.0005285502378474731,0.00011082504987124132
2025-12-15 00:45:00,1.17302,1.17339,1.17296,1.17328,392,8,0,1,1,0.00039206327560335546,0.00011080049093156409
2025-12-15 01:00:00,1.17327,1.17337,1.17293,1.17309,363,8,0,1,1,0.0005540921838904428,5.114697082060966e-05
2025-12-15 01:15:00,1.1730800000000001,1.1733,1.1729,1.17329,355,8,0,1,1,0.0003835368919875406,0.00011932258861835437
2025-12-15 01:30:00,1.1733,1.17394,1.17319,1.17387,344,8,0,1,1,0.00011074480138342702,0.0006133558230468911
2025-12-15 01:45:00,1.17387,1.17421,1.17372,1.17409,382,8,0,1,1,0.00011072405011537742,0.0007069304738136653
2025-12-15 02:00:00,1.17408,1.17426,1.17368,1.17391,411,8,0,1,1,0.00014481519026160735,0.0006474090858754879
2025-12-15 02:15:00,1.1739,1.17409,1.17373,1.17405,367,8,0,1,1,0.00014479792172395,0.0007410246582342544
2025-12-15 02:30:00,1.17407,1.17423,1.17384,1.17416,415,8,0,1,1,5.110036110917505e-05,0.0006472712407166586
2025-12-15 02:45:00,1.17416,1.17445,1.17397,1.17409,365,8,0,1,1,0.00011072405011537742,0.0007069304738136653
2025-12-15 03:00:00,1.1741,1.17445,1.17388,1.17393,310,8,0,1,1,0.0001618495140254636,0.0006644348470522118
2025-12-15 03:15:00,1.17394,1.17409,1.17376,1.17376,348,8,0,1,1,1.703925845139465e-05,0.0005196973827699014
2025-12-15 03:30:00,1.17376,1.17389,1.17355,1.17364,310,8,0,1,1,8.520500323778074e-05,0.00041750451586525803
2025-12-15 03:45:00,1.17365,1.17366,1.17317,1.1734,250,8,0,1,1,0.0002897562638486509,0.00021305607635936893
2025-12-15 04:00:00,1.1734,1.17348,1.17326,1.17331,217,8,0,1,1,0.00036648456077245607,0.00013636634819456068
2025-12-15 04:15:00,1.17331,1.17349,1.17317,1.17349,243,8,0,1,1,0.0002130397361716619,0.00028973404119336934
2025-12-15 04:30:00,1.17351,1.17355,1.17334,1.17348,254,8,0,1,1,0.00022156321368913567,0.0002812148481441213
2025-12-15 04:45:00,1.17347,1.17351,1.1732,1.17321,203,8,0,1,1,0.0004517520307531639,5.1141739330700404e-05
2025-12-15 05:00:00,1.17322,1.1734,1.17318,1.17339,198,8,0,1,1,0.00029828104892667615,0.0002045355764068366
2025-12-15 05:15:00,1.1734,1.17343,1.17322,1.17328,201,8,0,1,1,0.00039206327560335546,0.00011080049093156409
2025-12-15 05:30:00,1.17328,1.1735,1.17324,1.17334,302,8,0,1,1,0.0003409071539365878,0.00016193089812001167
2025-12-15 05:45:00,1.17334,1.17356,1.17328,1.17341,271,8,0,1,1,0.00028123162406996823,0.00022157643108559582
2025-12-15 06:00:00,1.1734,1.17344,1.17298,1.17328,312,8,0,1,1,0.00039206327560335546,0.00011080049093156409
2025-12-15 06:15:00,1.17329,1.17353,1.17285,1.17348,461,8,0,1,1,0.00022156321368913567,0.0002812148481441213
2025-12-15 06:30:00,1.17349,1.17353,1.17304,1.17329,334,8,0,1,1,0.0003835368919875406,0.00011932258861835437
2025-12-15 06:45:00,1.17329,1.17361,1.17317,1.1735,361,8,0,1,1,0.00020451640391991305,0.00029825308904991263
2025-12-15 07:00:00,1.17351,1.17379,1.17307,1.1732,497,8,0,1,1,0.0004602795772246718,4.261847937274592e-05
2025-12-15 07:15:00,1.1732,1.17366,1.17309,1.1734,416,8,0,1,1,0.0002897562638486509,0.00021305607635936893
2025-12-15 07:30:00,1.1734,1.17358,1.17312,1.1732,404,8,0,1,1,0.0004602795772246718,4.261847937274592e-05
2025-12-15 07:45:00,1.1732,1.17336,1.17275,1.17281,493,8,0,1,1,0.00034958774225987113,1.7053060598162553e-05
2025-12-15 08:00:00,1.1728,1.17311,1.17259,1.17299,603,8,0,1,1,0.000502988090264937,0.00013640354990233333
2025-12-15 08:15:00,1.17299,1.17341,1.17289,1.17326,591,8,0,1,1,0.0004091164788708692,9.375585974128028e-05
2025-12-15 08:30:00,1.17324,1.17384,1.17321,1.17354,560,8,0,1,1,0.00017042452749797875,0.00033232782862119097
2025-12-15 08:45:00,1.17354,1.17363,1.17311,1.17311,558,8,0,1,1,0.0005370340377286941,3.409739922071925e-05
2025-12-15 09:00:00,1.1731,1.17425,1.17301,1.17415,599,8,0,1,1,5.9617595707545455e-05,0.0006557935527828108
2025-12-15 09:15:00,1.17415,1.17424,1.17383,1.17419,495,8,0,1,1,2.5549527759540184e-05,0.0006217051754825858
2025-12-15 09:30:00,1.17418,1.17428,1.17388,1.17414,453,8,0,1,1,6.813497538630828e-05,0.0006643160100158439
2025-12-15 09:45:00,1.17413,1.17432,1.1739600000000001,1.17429,392,8,0,1,1,3.4063136022651986e-05,0.0005364943923561543
2025-12-15 10:00:00,1.17428,1.17438,1.17412,1.17412,382,8,0,1,1,8.517016999964994e-05,0.0006813613599971995
2025-12-15 10:15:00,1.17413,1.17465,1.17407,1.17428,452,8,0,1,1,2.5547569574526084e-05,0.0005450148175903311
2025-12-15 10:30:00,1.17427,1.1743000000000001,1.17388,1.17419,468,8,0,1,1,2.5549527759540184e-05,0.0006217051754825858
2025-12-15 10:45:00,1.17418,1.17431,1.17402,1.17425,309,8,0,1,1,0.0,0.0005705769640195431
2025-12-15 11:00:00,1.17425,1.17456,1.17409,1.17451,275,8,0,1,1,4.257094447906405e-05,0.0003490817447276068
2025-12-15 11:15:00,1.17451,1.17484,1.17449,1.1746699999999999,289,8,0,1,1,9.364332110280543e-05,0.0002128257297794985
2025-12-15 11:30:00,1.17468,1.17486,1.17459,1.17481,316,8,0,1,1,0.00010214417650523917,9.363216179642198e-05
2025-12-15 11:45:00,1.17481,1.17496,1.17448,1.17484,354,8,0,1,1,7.660617616009284e-05,6.809437880890841e-05
2025-12-15 12:00:00,1.17484,1.17523,1.17478,1.17503,381,8,0,1,1,8.510421010526453e-05,9.361463111584768e-05
2025-12-15 12:15:00,1.17503,1.17545,1.17503,1.17542,331,8,0,1,1,0.00018716714025615266,6.806077827487874e-05
2025-12-15 12:30:00,1.17542,1.17549,1.17521,1.17536,332,8,0,1,1,0.00013612850530895894,1.7016063163549025e-05
2025-12-15 12:45:00,1.17536,1.1758899999999999,1.17519,1.17525,544,8,0,1,1,4.254413954467856e-05,7.65794511807237e-05
2025-12-15 13:00:00,1.17523,1.17563,1.17514,1.17554,542,8,0,1,1,0.00028922877996495817,1.7013457644919764e-05
2025-12-15 13:15:00,1.17554,1.17559,1.1752,1.17545,421,8,0,1,1,0.00021268450380712364,5.955166106598706e-05
2025-12-15 13:30:00,1.17543,1.17595,1.17543,1.17559,536,8,0,1,1,0.000331748313612646,5.954456910980227e-05
2025-12-15 13:45:00,1.1756,1.1757900000000001,1.17469,1.17472,680,8,0,1,1,0.00013620266957227082,0.00017025333696538578
2025-12-15 14:00:00,1.1747,1.17478,1.17437,1.17463,657,8,0,1,1,5.9593233614001425e-05,0.00024688625354358514
2025-12-15 14:15:00,1.17463,1.17506,1.17446,1.17503,574,8,0,1,1,8.510421010526453e-05,9.361463111584768e-05
2025-12-15 14:30:00,1.17503,1.17586,1.17503,1.17573,766,8,0,1,1,0.00044227841426184244,5.1032124722469435e-05
2025-12-15 14:45:00,1.17572,1.17638,1.1756199999999999,1.17631,801,8,0,1,1,5.100696245033111e-05,0.00026353597266029575
2025-12-15 15:00:00,1.17633,1.17685,1.17614,1.17636,925,8,0,1,1,8.500799075112123e-05,0.00022102077595287747
2025-12-15 15:15:00,1.17635,1.1768399999999999,1.1756,1.17585,1477,8,0,1,1,0.00034017944465701913,0.00015308075009573413
2025-12-15 15:30:00,1.17582,1.17629,1.17544,1.17608,986,8,0,1,1,0.0001445479899326606,0.0003486157404258396
2025-12-15 15:45:00,1.1761,1.1764999999999999,1.17581,1.17625,829,8,0,1,1,0.0,0.00031455897980869836
2025-12-15 16:00:00,1.17626,1.17626,1.17584,1.17607,637,8,0,1,1,0.00015305211424495907,0.00034011580943307454
2025-12-15 16:15:00,1.17606,1.17642,1.1758899999999999,1.1758899999999999,660,8,0,1,1,0.0003061510855608416,0.0001870923300647909
2025-12-15 16:30:00,1.1758899999999999,1.17596,1.1752,1.17535,719,8,0,1,1,0.00012762155953534903,8.508103968897323e-06
2025-12-15 16:45:00,1.17537,1.17583,1.1753,1.1755200000000001,658,8,0,1,1,0.0002722199537226912,0.0
2025-12-15 17:00:00,1.17551,1.17554,1.1751800000000001,1.1752799999999999,539,8,0,1,1,6.806888571222004e-05,5.105166428440119e-05
2025-12-15 17:15:00,1.17529,1.1753,1.17484,1.17496,345,8,0,1,1,2.5532784094755984e-05,3.4043712126404306e-05
2025-12-15 17:30:00,1.17495,1.17513,1.17454,1.17462,481,8,0,1,1,5.1080349389546394e-05,0.000255401746947921
2025-12-15 17:45:00,1.17462,1.17476,1.17444,1.17456,399,8,0,1,1,0.0,0.00030649775234974455
2025-12-15 18:00:00,1.17456,1.1748,1.17437,1.17448,426,8,0,1,1,6.811525100476807e-05,0.0003746338805258463
2025-12-15 18:15:00,1.17448,1.17449,1.17397,1.1740599999999999,341,8,0,1,1,0.00013627923615501766,0.000732500894332558
2025-12-15 18:30:00,1.1740599999999999,1.17425,1.17398,1.1742,333,8,0,1,1,1.7032873445861884e-05,0.0006131834440470567
2025-12-15 18:45:00,1.17421,1.17441,1.17389,1.1743000000000001,316,8,0,1,1,4.257855743856383e-05,0.0005279741122369435
2025-12-15 19:00:00,1.17429,1.17435,1.17391,1.17393,276,8,0,1,1,0.0001618495140254636,0.0006644348470522118
2025-12-15 19:15:00,1.17393,1.17399,1.1738,1.17387,216,8,0,1,1,0.00011074480138342702,0.0006133558230468911
2025-12-15 19:30:00,1.17387,1.17449,1.17386,1.17449,218,8,0,1,1,5.960033716763403e-05,0.0003661163568867597
2025-12-15 19:45:00,1.17449,1.17495,1.17439,1.17483,289,8,0,1,1,8.511869802438564e-05,7.660682822189038e-05
2025-12-15 20:00:00,1.17482,1.17496,1.17471,1.17485,263,8,0,1,1,6.809379920847769e-05,5.958207430737073e-05
2025-12-15 20:15:00,1.17485,1.175,1.1748,1.17487,247,8,0,1,1,5.1069480027534095e-05,4.255790002288208e-05
2025-12-15 20:30:00,1.17488,1.17514,1.17476,1.1751,248,8,0,1,1,8.509914049867158e-05,3.4039656199506425e-05
2025-12-15 20:45:00,1.1751,1.17515,1.17487,1.17508,203,8,0,1,1,0.00010212070667539233,5.106035333779065e-05
2025-12-15 21:00:00,1.17506,1.17513,1.17485,1.17511,218,8,0,1,1,7.658857468655996e-05,2.5529524895519985e-05
2025-12-15 21:15:00,1.17511,1.17521,1.17492,1.17505,162,8,0,1,1,0.00010212331390144928,7.659248542627592e-05
2025-12-15 21:30:00,1.17505,1.17521,1.17496,1.17506,128,8,0,1,1,0.00011063264854557511,6.808162987428728e-05
2025-12-15 21:45:00,1.17506,1.17531,1.1749,1.17523,223,8,0,1,1,2.5526918135151835e-05,7.65807544054555e-05
2025-12-15 22:00:00,1.17524,1.17531,1.17486,1.1749,205,20,0,1,1,2.5534088007468287e-05,1.7022725338249194e-05
2025-12-15 22:15:00,1.1749,1.17509,1.17483,1.17497,129,48,0,1,1,3.4043422385286435e-05,4.2554277981655286e-05
2025-12-15 22:30:00,1.17498,1.17514,1.17492,1.17507,156,20,0,1,1,0.00011063170704720866,5.9570919179295267e-05
2025-12-15 22:45:00,1.17508,1.17514,1.1750099999999999,1.17509,97,20,0,1,1,9.360985116038304e-05,4.2549932345697366e-05
2025-12-15 23:00:00,1.17512,1.17554,1.17512,1.17541,188,8,0,1,1,0.00017866106294828484,5.9553687649428275e-05
2025-12-15 23:15:00,1.17539,1.17541,1.17523,1.17537,106,8,0,1,1,0.00014463530632907382,2.5523877587461386e-05
2025-12-15 23:30:00,1.17537,1.17545,1.17519,1.17535,121,8,0,1,1,0.00012762155953534903,8.508103968897323e-06
2025-12-15 23:45:00,1.17535,1.17544,1.17529,1.1753,100,8,0,1,1,8.508465923593039e-05,3.403386369440994e-05
2025-12-16 00:00:00,1.1753,1.17576,1.1753,1.1757,315,8,0,1,1,0.0004252785574550863,2.551671344728629e-05
2025-12-16 00:15:00,1.17571,1.17575,1.1754,1.17541,240,8,0,1,1,0.00017866106294828484,5.9553687649428275e-05
2025-12-16 00:30:00,1.1754,1.17545,1.17519,1.1753,199,8,0,1,1,8.508465923593039e-05,3.403386369440994e-05
2025-12-16 00:45:00,1.1753,1.17531,1.17479,1.17495,321,8,0,1,1,1.7022000936132584e-05,2.553300140429337e-05
2025-12-16 01:00:00,1.17495,1.17521,1.17482,1.17486,409,8,0,1,1,5.958156716546184e-05,5.1069914713199006e-05
2025-12-16 01:15:00,1.17486,1.17496,1.17473,1.17476,281,8,0,1,1,0.00014471040893459386,0.0001361980319383857
2025-12-16 01:30:00,1.17475,1.17549,1.1747,1.17524,387,8,0,1,1,3.403560123892992e-05,8.508900309723034e-05
2025-12-16 01:45:00,1.17524,1.17529,1.17464,1.17515,482,8,0,1,1,4.254775986053314e-05,8.509551971955469e-06
2025-12-16 02:00:00,1.17515,1.17536,1.17496,1.17536,335,8,0,1,1,0.00013612850530895894,1.7016063163549025e-05
2025-12-16 02:15:00,1.17536,1.17551,1.17519,1.17543,308,8,0,1,1,0.0001956730728328803,7.656772415194735e-05
2025-12-16 02:30:00,1.17544,1.17558,1.17536,1.17558,227,8,0,1,1,0.00032324469623508986,5.103863624759606e-05
2025-12-16 02:45:00,1.17558,1.1756199999999999,1.1754,1.17551,260,8,0,1,1,0.00026371532356171576,8.506945921400508e-06
2025-12-16 03:00:00,1.1755200000000001,1.17588,1.17533,1.17538,328,8,0,1,1,0.00015314196259938828,3.4031547244329496e-05
2025-12-16 03:15:00,1.17538,1.1755,1.17516,1.17519,291,8,0,1,1,8.509262332104181e-06,4.2546311660143015e-05
2025-12-16 03:30:00,1.17519,1.17521,1.17499,1.175,282,8,0,1,1,5.9574468085118716e-05,6.808510638304682e-05
2025-12-16 03:45:00,1.175,1.17522,1.17499,1.17515,176,8,0,1,1,4.254775986053314e-05,8.509551971955469e-06
2025-12-16 04:00:00,1.17515,1.17531,1.17496,1.17498,178,8,0,1,1,4.2553915811233784e-05,5.1064698973556136e-05
2025-12-16 04:15:00,1.17498,1.17535,1.17496,1.1752799999999999,171,8,0,1,1,6.806888571222004e-05,5.105166428440119e-05
2025-12-16 04:30:00,1.1752799999999999,1.17534,1.17515,1.17526,165,8,0,1,1,5.1052533056471744e-05,6.807004407542162e-05
2025-12-16 04:45:00,1.17526,1.17531,1.17503,1.17507,181,8,0,1,1,0.00011063170704720866,5.9570919179295267e-05
2025-12-16 05:00:00,1.17507,1.17529,1.17498,1.1751,205,8,0,1,1,8.509914049867158e-05,3.4039656199506425e-05
2025-12-16 05:15:00,1.17509,1.17525,1.17503,1.17519,210,8,0,1,1,8.509262332104181e-06,4.2546311660143015e-05
2025-12-16 05:30:00,1.1752,1.17532,1.17488,1.17519,287,8,0,1,1,8.509262332104181e-06,4.2546311660143015e-05
2025-12-16 05:45:00,1.17519,1.17538,1.17494,1.1750099999999999,291,8,0,1,1,6.808452694007538e-05,7.659509280765567e-05
2025-12-16 06:00:00,1.175,1.17511,1.17481,1.17493,295,8,0,1,1,0.0,8.511145344884811e-06
2025-12-16 06:15:00,1.17493,1.17493,1.17463,1.17472,310,8,0,1,1,0.00013620266957227082,0.00017025333696538578
2025-12-16 06:30:00,1.17473,1.17509,1.1747,1.17508,268,8,0,1,1,0.00010212070667539233,5.106035333779065e-05
2025-12-16 06:45:00,1.17508,1.17533,1.175,1.17524,272,8,0,1,1,3.403560123892992e-05,8.508900309723034e-05
2025-12-16 07:00:00,1.17521,1.1754,1.1743999999999999,1.17469,504,8,0,1,1,0.00011066749525403595,0.00019579633775715504
2025-12-16 07:15:00,1.1747,1.17495,1.17461,1.17489,377,8,0,1,1,3.404574045233171e-05,2.5534305339201534e-05
2025-12-16 07:30:00,1.17487,1.1752799999999999,1.17472,1.17515,431,8,0,1,1,4.254775986053314e-05,8.509551971955469e-06
2025-12-16 07:45:00,1.17513,1.17521,1.17486,1.17519,477,8,0,1,1,8.509262332104181e-06,4.2546311660143015e-05
2025-12-16 08:00:00,1.17521,1.1758899999999999,1.17521,1.17573,601,8,0,1,1,0.00044227841426184244,5.1032124722469435e-05
2025-12-16 08:15:00,1.17574,1.17636,1.17541,1.17575,632,8,0,1,1,0.0004252604720390771,6.804167552632788e-05
2025-12-16 08:30:00,1.17574,1.17574,1.17463,1.1749100000000001,740,8,0,1,1,1.7022580452893393e-05,8.511290226352203e-06
2025-12-16 08:45:00,1.1749,1.17559,1.17484,1.1754,631,8,0,1,1,0.000170154840905205,5.1046452271523725e-05
2025-12-16 09:00:00,1.17539,1.17558,1.17499,1.17558,551,8,0,1,1,0.00032324469623508986,5.103863624759606e-05
2025-12-16 09:15:00,1.17558,1.17558,1.17498,1.17511,555,8,0,1,1,7.658857468655996e-05,2.5529524895519985e-05
2025-12-16 09:30:00,1.1751,1.17611,1.175,1.17576,632,8,0,1,1,0.00041675171803778107,7.65462339252258e-05
2025-12-16 09:45:00,1.17577,1.17615,1.17543,1.17558,542,8,0,1,1,0.00032324469623508986,5.103863624759606e-05
2025-12-16 10:00:00,1.17558,1.17614,1.17558,1.17592,555,8,0,1,1,0.0002806313354649478,0.0002125994965644631
2025-12-16 10:15:00,1.17593,1.17593,1.1755200000000001,1.17576,396,8,0,1,1,0.00041675171803778107,7.65462339252258e-05
2025-12-16 10:30:00,1.17576,1.17591,1.17533,1.1759,560,8,0,1,1,0.00029764435751345565,0.00019559486350876135
2025-12-16 10:45:00,1.17588,1.17602,1.17541,1.17569,461,8,0,1,1,0.00041677653122836755,1.701128698883973e-05
2025-12-16 11:00:00,1.17568,1.17571,1.17538,1.1755,328,8,0,1,1,0.0002552105487026516,1.701403658029011e-05
2025-12-16 11:15:00,1.17549,1.17554,1.17514,1.17547,361,8,0,1,1,0.0002296953559001867,4.253617701864405e-05
2025-12-16 11:30:00,1.17546,1.17594,1.17546,1.17586,336,8,0,1,1,0.0003316721378396344,0.00016158386202431621
2025-12-16 11:45:00,1.17585,1.17629,1.17575,1.17627,381,8,0,1,1,1.7002898994201145e-05,0.00029755073239993583
2025-12-16 12:00:00,1.17629,1.17645,1.17603,1.17624,422,8,0,1,1,8.50166632665571e-06,0.00032306332041084044
2025-12-16 12:15:00,1.17625,1.17695,1.1762299999999999,1.17664,505,8,0,1,1,0.00015297797117202113,1.699755235238389e-05
2025-12-16 12:30:00,1.17665,1.17681,1.17639,1.17671,417,8,0,1,1,0.00011897578842707975,7.648443541732753e-05
2025-12-16 12:45:00,1.17669,1.17779,1.17657,1.17774,545,8,0,1,1,8.490838385437798e-06,0.0007387029395281865
2025-12-16 13:00:00,1.17776,1.17781,1.17727,1.17736,741,8,0,1,1,0.00033124957532115285,0.00041618536386481573
2025-12-16 13:15:00,1.1773500000000001,1.17776,1.17703,1.17704,1099,8,0,1,1,0.00016142187181415627,0.00014443009583361947
2025-12-16 13:30:00,1.17704,1.17943,1.17615,1.17631,3778,8,0,1,1,5.100696245033111e-05,0.00026353597266029575
2025-12-16 13:45:00,1.17632,1.17763,1.17567,1.17753,2006,8,0,1,1,0.00018683175800201184,0.0005604952740056584
2025-12-16 14:00:00,1.17751,1.17787,1.17717,1.17744,1465,8,0,1,1,0.000263283054762903,0.0004841011006929945
2025-12-16 14:15:00,1.17743,1.17837,1.17686,1.17826,1226,8,0,1,1,0.00029704818970333405,0.0011797056676794615
2025-12-16 14:30:00,1.17824,1.1786699999999999,1.17813,1.17835,992,8,0,1,1,0.00022064751559377685,0.0012559935503033274
2025-12-16 14:45:00,1.17838,1.17995,1.17835,1.17991,1150,8,0,1,0,0.00024578145790791117,0.0025764676966886727
2025-12-16 15:00:00,1.17992,1.18038,1.17856,1.17873,1276,8,0,1,1,9.332077744695944e-05,0.0015779695095568729
2025-12-16 15:15:00,1.17875,1.17879,1.17768,1.17815,1150,8,0,1,1,0.0003395153418494724,0.0010864490939183871
2025-12-16 15:30:00,1.17815,1.17837,1.17751,1.17759,1046,8,0,1,1,0.00013587071901099705,0.0006114182355487325
2025-12-16 15:45:00,1.17761,1.17793,1.17671,1.17698,976,8,0,1,1,0.00011045217420853667,9.345953202249186e-05
2025-12-16 16:00:00,1.177,1.17717,1.17608,1.17687,938,8,0,1,1,1.699423045887058e-05,0.0
2025-12-16 16:15:00,1.17687,1.17755,1.17663,1.17726,766,8,0,1,1,0.0003482663133037914,0.00033127771265471556
2025-12-16 16:30:00,1.17724,1.17729,1.17641,1.17672,750,8,0,1,1,0.00011047657896522833,8.498198381942093e-05
2025-12-16 16:45:00,1.17671,1.17691,1.17645,1.17686,563,8,0,1,1,8.497187431016019e-06,8.497187431016019e-06
2025-12-16 17:00:00,1.17688,1.17764,1.17679,1.17752,606,8,0,1,1,0.00019532576941383122,0.0005520076092124273
2025-12-16 17:15:00,1.17752,1.17757,1.17717,1.17731,470,8,0,1,1,0.0003737333412610068,0.0003737333412610068
2025-12-16 17:30:00,1.17731,1.17775,1.17713,1.17742,445,8,0,1,1,0.00028027381902818326,0.0004671230317132616
2025-12-16 17:45:00,1.17742,1.1776200000000001,1.17621,1.17637,558,8,0,1,1,7.650654130940565e-05,0.00021251817030363193
2025-12-16 18:00:00,1.17637,1.17637,1.17527,1.17553,763,8,0,1,1,0.0002807244391890819,8.506801187416288e-06
2025-12-16 18:15:00,1.17553,1.17554,1.17455,1.1745700000000001,598,8,0,1,1,8.513753969593562e-06,0.0002979813889336952
2025-12-16 18:30:00,1.17459,1.17531,1.17448,1.17521,495,8,0,1,1,8.509117519477805e-06,5.956382263596676e-05
2025-12-16 18:45:00,1.17521,1.17551,1.17519,1.17527,410,8,0,1,1,5.956078177781658e-05,5.956078177781658e-05
2025-12-16 19:00:00,1.17525,1.17525,1.17459,1.17478,407,8,0,1,1,0.00012768348116251087,0.00011917124908495973
2025-12-16 19:15:00,1.17478,1.17509,1.17343,1.17451,1244,8,0,1,1,4.257094447906405e-05,0.0003490817447276068
2025-12-16 19:30:00,1.17453,1.17588,1.17453,1.17583,755,8,0,1,1,0.0003571944924011864,0.00013607409234322817
2025-12-16 19:45:00,1.17583,1.1762,1.1756,1.17573,576,8,0,1,1,0.00044227841426184244,5.1032124722469435e-05
2025-12-16 20:00:00,1.17571,1.17625,1.17568,1.17591,528,8,0,1,1,0.0002891377741493881,0.00020409725234075564
2025-12-16 20:15:00,1.1759,1.17592,1.17535,1.17563,371,8,0,1,1,0.0003657613364748522,3.402431036979322e-05
2025-12-16 20:30:00,1.17564,1.17596,1.17549,1.17571,396,8,0,1,1,0.00043378043905385717,3.402199521994369e-05
2025-12-16 20:45:00,1.17571,1.1759,1.17461,1.17476,594,8,0,1,1,0.00014471040893459386,0.0001361980319383857
2025-12-16 21:00:00,1.17473,1.17509,1.17455,1.17481,396,8,0,1,1,0.00010214417650523917,9.363216179642198e-05
2025-12-16 21:15:00,1.17482,1.17482,1.17461,1.1747,167,8,0,1,1,0.00011917936494426576,0.00018728185919799687
2025-12-16 21:30:00,1.17468,1.17495,1.17466,1.17482,180,8,0,1,1,9.363136480486756e-05,8.511942254982805e-05
2025-12-16 21:45:00,1.17482,1.17506,1.17459,1.17465,205,8,0,1,1,7.66185672327276e-05,0.00022985570169837183
2025-12-16 22:00:00,1.17463,1.17465,1.17442,1.1745,59,20,0,1,1,5.10855683269042e-05,0.00035759897828851843
2025-12-16 22:15:00,1.17449,1.17469,1.17448,1.1745700000000001,119,20,0,1,1,8.513753969593562e-06,0.0002979813889336952
2025-12-16 22:30:00,1.17456,1.17472,1.17455,1.17455,140,20,0,1,1,8.513898940075359e-06,0.00031501426078070873
2025-12-16 22:45:00,1.17454,1.17481,1.17453,1.17481,62,8,0,1,1,0.00010214417650523917,9.363216179642198e-05
2025-12-16 23:00:00,1.17481,1.17503,1.17481,1.17492,151,8,0,1,1,8.511217785096442e-06,0.0
2025-12-16 23:15:00,1.17492,1.175,1.17484,1.17488,96,8,0,1,1,4.255753779118337e-05,3.40460302329089e-05
2025-12-16 23:30:00,1.17488,1.17509,1.17487,1.17507,96,8,0,1,1,0.00011063170704720866,5.9570919179295267e-05
2025-12-16 23:45:00,1.17507,1.17507,1.17486,1.17489,100,8,0,1,1,3.404574045233171e-05,2.5534305339201534e-05
2025-12-17 00:00:00,1.1749,1.17492,1.17455,1.17458,209,8,0,1,1,1.7027362972218987e-05,0.0002894651705290461
2025-12-17 00:15:00,1.17458,1.17469,1.17449,1.1746699999999999,128,8,0,1,1,9.364332110280543e-05,0.0002128257297794985
2025-12-17 00:30:00,1.1746699999999999,1.17482,1.17458,1.17482,215,8,0,1,1,9.363136480486756e-05,8.511942254982805e-05
2025-12-17 00:45:00,1.17483,1.17513,1.17476,1.175,365,8,0,1,1,5.9574468085118716e-05,6.808510638304682e-05
2025-12-17 01:00:00,1.175,1.1751800000000001,1.17479,1.17496,455,8,0,1,1,2.5532784094755984e-05,3.4043712126404306e-05
2025-12-17 01:15:00,1.17498,1.1752,1.17493,1.17498,271,8,0,1,1,4.2553915811233784e-05,5.1064698973556136e-05
2025-12-17 01:30:00,1.17498,1.17499,1.17451,1.17464,329,8,0,1,1,6.810597289370188e-05,0.00023837090512842914
2025-12-17 01:45:00,1.17464,1.17474,1.17447,1.1747,280,8,0,1,1,0.00011917936494426576,0.00018728185919799687
2025-12-17 02:00:00,1.1747,1.17477,1.17393,1.17402,399,8,0,1,1,0.0001703548491507623,0.000741043593806024
2025-12-17 02:15:00,1.17402,1.1741,1.17371,1.17397,348,8,0,1,1,0.00019591642035141654,0.0006984846290791442
2025-12-17 02:30:00,1.17399,1.17405,1.17377,1.1739600000000001,340,8,0,1,1,0.0001873999114110438,0.0006899724011041257
2025-12-17 02:45:00,1.1739600000000001,1.17399,1.1737,1.1739600000000001,297,8,0,1,1,0.0001873999114110438,0.0006899724011041257
2025-12-17 03:00:00,1.17397,1.17403,1.17366,1.17377,265,8,0,1,1,2.5558669926795277e-05,0.0005282125118209401
2025-12-17 03:15:00,1.17375,1.17385,1.1737,1.17376,214,8,0,1,1,1.703925845139465e-05,0.0005196973827699014
2025-12-17 03:30:00,1.17376,1.17391,1.1737,1.17389,223,8,0,1,1,0.00012778028605754755,0.0006303827445503283
2025-12-17 03:45:00,1.17389,1.17398,1.17378,1.17387,221,8,0,1,1,0.00011074480138342702,0.0006133558230468911
2025-12-17 04:00:00,1.17387,1.17393,1.17339,1.17344,240,8,0,1,1,0.0002556585764930179,0.00024713662394338314
2025-12-17 04:15:00,1.17344,1.1735,1.17296,1.173,236,8,0,1,1,0.0005115089514065933,0.00012787723785155367
2025-12-17 04:30:00,1.17299,1.17317,1.1727400000000001,1.17291,310,8,0,1,1,0.0004348159705346433,6.820642675043947e-05
2025-12-17 04:45:00,1.17291,1.17317,1.17283,1.17294,310,8,0,1,1,0.0004603816051971839,9.378143809577173e-05
2025-12-17 05:00:00,1.17294,1.17303,1.17275,1.17296,239,8,0,1,1,0.0004774246351110813,0.0001108307188650623
2025-12-17 05:15:00,1.17296,1.17307,1.17271,1.1728,224,8,0,1,1,0.0003410641200545327,2.5579809004071016e-05
2025-12-17 05:30:00,1.17281,1.17285,1.17248,1.17273,318,8,0,1,1,0.00028139469443089324,8.527111952451884e-05
2025-12-17 05:45:00,1.1727400000000001,1.1729,1.17246,1.17288,409,8,0,1,1,0.0004092490280333998,4.263010708672965e-05
2025-12-17 06:00:00,1.17289,1.17305,1.17232,1.17235,445,8,0,1,1,4.264937945161898e-05,0.00020471702136735443
2025-12-17 06:15:00,1.17235,1.17242,1.17211,1.17218,399,8,0,1,1,0.00018768448531804758,0.0001535600334420217
2025-12-17 06:30:00,1.17216,1.17246,1.17202,1.17208,300,8,0,1,1,0.0002730189065593628,6.825472663988807e-05
2025-12-17 06:45:00,1.17208,1.17227,1.17062,1.17095,689,8,0,1,1,0.0006575857209957192,7.686066868794186e-05
2025-12-17 07:00:00,1.17096,1.17109,1.17047,1.17104,1033,8,0,1,1,0.0005806804208225286,0.0
2025-12-17 07:15:00,1.17105,1.17115,1.17028,1.17097,897,8,0,1,1,0.0006404946326550026,5.977949904781036e-05
2025-12-17 07:30:00,1.17097,1.17123,1.1703999999999999,1.17052,734,8,0,1,1,0.0002904691931791058,0.00017940744284595178
2025-12-17 07:45:00,1.17053,1.17131,1.17046,1.17126,783,8,0,1,1,0.00039273944299312446,0.0
2025-12-17 08:00:00,1.17126,1.17151,1.17056,1.17083,725,8,0,1,1,0.0005551617228803835,6.832759666226523e-05
2025-12-17 08:15:00,1.17084,1.17174,1.17074,1.17163,744,8,0,1,1,7.681605967766746e-05,5.121070645165196e-05
2025-12-17 08:30:00,1.17163,1.17206,1.17146,1.17153,630,8,0,1,1,0.0001621810794432362,1.7071692573071988e-05
2025-12-17 08:45:00,1.17153,1.17198,1.1713,1.17182,560,8,0,1,1,8.533733849907748e-05,8.533733849907748e-05
2025-12-17 09:00:00,1.17182,1.17204,1.17121,1.17132,703,8,0,1,1,0.000341495065396457,5.12242598094022e-05
2025-12-17 09:15:00,1.17132,1.17174,1.17111,1.17155,561,8,0,1,1,0.00014510690964961246,0.0
2025-12-17 09:30:00,1.17155,1.17175,1.17144,1.17151,473,8,0,1,1,0.00017925583221657817,8.5359920103674e-06
2025-12-17 09:45:00,1.1715200000000001,1.172,1.17129,1.17156,508,8,0,1,1,0.00013657004336112535,8.535627709928189e-06
2025-12-17 10:00:00,1.17157,1.17201,1.17131,1.17165,455,8,0,1,1,5.974480433577817e-05,4.267486023973325e-05
2025-12-17 10:15:00,1.17163,1.17171,1.1712500000000001,1.1715,466,8,0,1,1,0.00018779342723014,0.0
2025-12-17 10:30:00,1.1715,1.1718,1.17139,1.1717,482,8,0,1,1,1.706921566965181e-05,0.0
2025-12-17 10:45:00,1.1717,1.17249,1.17169,1.1724700000000001,583,8,0,1,1,5.970302011993014e-05,0.00010234803449120059
2025-12-17 11:00:00,1.1724999999999999,1.17269,1.17195,1.17206,495,8,0,1,1,0.00029008753818064514,5.119191850261166e-05
2025-12-17 11:15:00,1.17206,1.17218,1.17142,1.17149,485,8,0,1,1,0.0001963311679998758,8.536137739174481e-06
2025-12-17 11:30:00,1.17149,1.1716199999999999,1.17075,1.17094,503,8,0,1,1,0.0006490511896425896,8.540147232137341e-05
2025-12-17 11:45:00,1.17092,1.17117,1.17076,1.1709,525,8,0,1,1,0.0006149116064566179,0.00011956614569991372
2025-12-17 12:00:00,1.1709100000000001,1.17159,1.1708,1.17157,540,8,0,1,1,0.0001280333228062297,0.0
2025-12-17 12:15:00,1.17157,1.17179,1.17144,1.17147,437,8,0,1,1,0.00021340708682261047,2.560885041868293e-05
2025-12-17 12:30:00,1.17147,1.17175,1.17124,1.17155,479,8,0,1,1,0.00014510690964961246,0.0
2025-12-17 12:45:00,1.17155,1.17271,1.17144,1.17261,650,8,0,1,1,0.00017908767620932915,1.7055969162730133e-05
2025-12-17 13:00:00,1.17262,1.1728,1.17194,1.17205,820,8,0,1,1,0.0002815579540121509,4.26602960625447e-05
2025-12-17 13:15:00,1.17208,1.17324,1.17206,1.17238,1025,8,0,1,1,1.705931523919806e-05,0.00017912281001044328
2025-12-17 13:30:00,1.17242,1.17273,1.1721,1.1724,728,8,0,1,1,0.0,0.0001620607301261621
2025-12-17 13:45:00,1.1724,1.17329,1.17238,1.17315,767,8,0,1,1,0.0005029194902613396,0.0
2025-12-17 14:00:00,1.17314,1.17375,1.1731,1.17331,741,8,0,1,1,0.00036648456077245607,0.00013636634819456068
2025-12-17 14:15:00,1.17331,1.17344,1.17281,1.1728399999999999,653,8,0,1,1,0.00037515773677549704,8.526312199314031e-06
2025-12-17 14:30:00,1.1728399999999999,1.17397,1.17279,1.17382,811,8,0,1,1,6.815354994810108e-05,0.0005707859808149209
2025-12-17 14:45:00,1.17383,1.17439,1.17379,1.17408,748,8,0,1,1,0.00011924230035434467,0.0007154538021258789
2025-12-17 15:00:00,1.17408,1.17504,1.17398,1.1749,792,8,0,1,1,2.5534088007468287e-05,1.7022725338249194e-05
2025-12-17 15:15:00,1.1749,1.17511,1.17439,1.17471,792,8,0,1,1,0.00012769108971565107,0.00017876752560210053
2025-12-17 15:30:00,1.17471,1.17577,1.1747,1.17535,906,8,0,1,1,0.00012762155953534903,8.508103968897323e-06
2025-12-17 15:45:00,1.17536,1.17551,1.17482,1.17527,1131,8,0,1,1,5.956078177781658e-05,5.956078177781658e-05
2025-12-17 16:00:00,1.17524,1.1756,1.17495,1.17506,852,8,0,1,1,0.00011063264854557511,6.808162987428728e-05
2025-12-17 16:15:00,1.17504,1.17557,1.17482,1.1750099999999999,706,8,0,1,1,6.808452694007538e-05,7.659509280765567e-05
2025-12-17 16:30:00,1.175,1.17539,1.17477,1.17478,728,8,0,1,1,0.00012768348116251087,0.00011917124908495973
2025-12-17 16:45:00,1.17477,1.17495,1.17451,1.17468,525,8,0,1,1,0.00010215548064144956,0.00020431096128308815
2025-12-17 17:00:00,1.17469,1.17543,1.17461,1.17499,475,8,0,1,1,5.1064264376674684e-05,5.957497510618346e-05
2025-12-17 17:15:00,1.17498,1.17521,1.17478,1.17478,448,8,0,1,1,0.00012768348116251087,0.00011917124908495973
2025-12-17 17:30:00,1.17477,1.17499,1.17461,1.1748,374,8,0,1,1,0.00011065713312901215,0.00010214504596518383
2025-12-17 17:45:00,1.17481,1.17516,1.17453,1.17489,562,8,0,1,1,3.404574045233171e-05,2.5534305339201534e-05
2025-12-17 18:00:00,1.17489,1.17553,1.17489,1.17499,542,8,0,1,1,5.1064264376674684e-05,5.957497510618346e-05
2025-12-17 18:15:00,1.17499,1.1750099999999999,1.17463,1.17463,385,8,0,1,1,5.9593233614001425e-05,0.00024688625354358514
2025-12-17 18:30:00,1.17463,1.1746699999999999,1.17431,1.17434,414,8,0,1,1,7.663879285379318e-05,0.0004938944428359972
2025-12-17 18:45:00,1.17434,1.17455,1.17421,1.17436,402,8,0,1,1,9.366804046463988e-05,0.0004768554787287492
2025-12-17 19:00:00,1.17436,1.17468,1.17429,1.17439,379,8,0,1,1,0.00011921082434287501,0.0004512981207264362
2025-12-17 19:15:00,1.17439,1.17471,1.17439,1.17454,291,8,0,1,1,1.7027942854335335e-05,0.0003235309142302918
2025-12-17 19:30:00,1.17454,1.17459,1.17414,1.17416,321,8,0,1,1,5.110036110917505e-05,0.0006472712407166586
2025-12-17 19:45:00,1.17416,1.17451,1.17412,1.17446,326,8,0,1,1,8.514551368287466e-05,0.00039166936294118566
2025-12-17 20:00:00,1.17445,1.17455,1.17421,1.17427,300,8,0,1,1,1.7031858090480876e-05,0.0005535353879431812
2025-12-17 20:15:00,1.17427,1.17436,1.1740599999999999,1.17413,244,8,0,1,1,7.665250014917048e-05,0.0006728386124194667
2025-12-17 20:30:00,1.17412,1.17432,1.17411,1.17431,222,8,0,1,1,5.109383382577768e-05,0.000519453977229181
2025-12-17 20:45:00,1.17432,1.17459,1.17382,1.17395,312,8,0,1,1,0.0001788832573789714,0.0006814600281103402
2025-12-17 21:00:00,1.17394,1.17411,1.17383,1.17388,195,8,0,1,1,0.00011926261628107557,0.0006218693563227242
2025-12-17 21:15:00,1.17388,1.17409,1.17386,1.17393,121,8,0,1,1,0.0001618495140254636,0.0006644348470522118
2025-12-17 21:30:00,1.17393,1.17412,1.17385,1.1739,152,8,0,1,1,0.00013629781071636255,0.0006388959877332213
2025-12-17 21:45:00,1.17391,1.17412,1.17384,1.17386,197,8,0,1,1,0.0001022268413608931,0.000604842144719122
2025-12-17 22:00:00,1.17386,1.1739600000000001,1.17375,1.17393,55,20,0,1,1,0.0001618495140254636,0.0006644348470522118
2025-12-17 22:15:00,1.17394,1.17401,1.17389,1.17401,85,48,0,1,1,0.00017887411521200287,0.0007325320908681211
2025-12-17 22:30:00,1.17401,1.17415,1.17389,1.17392,78,20,0,1,1,0.0001533324246968013,0.0006559220389806455
2025-12-17 22:45:00,1.17389,1.17397,1.1737,1.17385,187,20,0,1,1,9.3708736209954e-05,0.0005963283213358989
2025-12-17 23:00:00,1.17393,1.17425,1.17393,1.17414,176,8,0,1,1,6.813497538630828e-05,0.0006643160100158439
2025-12-17 23:15:00,1.17414,1.17415,1.17404,1.17411,97,8,0,1,1,9.368798494183211e-05,0.0006898842527531299
2025-12-17 23:30:00,1.17411,1.17431,1.1741,1.17427,107,8,0,1,1,1.7031858090480876e-05,0.0005535353879431812
2025-12-17 23:45:00,1.17426,1.1743000000000001,1.17414,1.17414,92,8,0,1,1,6.813497538630828e-05,0.0006643160100158439
2025-12-18 00:00:00,1.17414,1.17421,1.17405,1.17415,199,8,0,1,1,5.9617595707545455e-05,0.0006557935527828108
2025-12-18 00:15:00,1.17415,1.17429,1.17404,1.17429,191,8,0,1,1,3.4063136022651986e-05,0.0005364943923561543
2025-12-18 00:30:00,1.1743000000000001,1.17455,1.17411,1.17412,224,8,0,1,1,8.517016999964994e-05,0.0006813613599971995
2025-12-18 00:45:00,1.17411,1.17442,1.17399,1.17438,335,8,0,1,1,0.00011069670805017411,0.0004598170949777627
2025-12-18 01:00:00,1.17438,1.17451,1.17414,1.17425,317,8,0,1,1,0.0,0.0005705769640195431
2025-12-18 01:15:00,1.17425,1.17434,1.17383,1.17409,359,8,0,1,1,0.00011072405011537742,0.0007069304738136653
2025-12-18 01:30:00,1.17409,1.17429,1.17362,1.17366,400,8,0,1,1,6.816284102728219e-05,0.00043453811154849824
2025-12-18 01:45:00,1.17367,1.17386,1.17348,1.1738,393,8,0,1,1,5.1116033395765025e-05,0.0005537570284546256
2025-12-18 02:00:00,1.1738,1.17408,1.17376,1.17381,399,8,0,1,1,5.963486424550352e-05,0.0005622715771718634
2025-12-18 02:15:00,1.17381,1.17418,1.17363,1.17412,380,8,0,1,1,8.517016999964994e-05,0.0006813613599971995
2025-12-18 02:30:00,1.17415,1.17424,1.1737,1.1737,252,8,0,1,1,3.408025901000256e-05,0.00046860356138710954
2025-12-18 02:45:00,1.17371,1.17412,1.17368,1.17404,207,8,0,1,1,0.00015331675241053882,0.0007495485673401179
2025-12-18 03:00:00,1.17404,1.17417,1.17389,1.17403,233,8,0,1,1,0.00016183572821830322,0.0007495549517473932
2025-12-18 03:15:00,1.17403,1.17405,1.17382,1.17394,234,8,0,1,1,0.00017036645825168064,0.000672947510094271
2025-12-18 03:30:00,1.17394,1.17401,1.17373,1.17385,179,8,0,1,1,9.3708736209954e-05,0.0005963283213358989
2025-12-18 03:45:00,1.17385,1.17395,1.17372,1.17389,221,8,0,1,1,0.00012778028605754755,0.0006303827445503283
2025-12-18 04:00:00,1.17389,1.17401,1.1738,1.17399,188,8,0,1,1,0.00019591308273490612,0.0007155086499886488
2025-12-18 04:15:00,1.17399,1.17403,1.17389,1.17398,134,8,0,1,1,0.00020443278420417552,0.0007069967120394798
2025-12-18 04:30:00,1.17398,1.1741,1.17382,1.17399,186,8,0,1,1,0.00019591308273490612,0.0007155086499886488
2025-12-18 04:45:00,1.17399,1.17426,1.1739600000000001,1.17425,187,8,0,1,1,0.0,0.0005705769640195431
2025-12-18 05:00:00,1.17424,1.17441,1.17417,1.17438,236,8,0,1,1,0.00011069670805017411,0.0004598170949777627
2025-12-18 05:15:00,1.17438,1.17442,1.17407,1.1743000000000001,258,8,0,1,1,4.257855743856383e-05,0.0005279741122369435
2025-12-18 05:30:00,1.1743000000000001,1.1743999999999999,1.17419,1.17426,201,8,0,1,1,8.516001567000078e-06,0.0005620561034182232
2025-12-18 05:45:00,1.17424,1.17464,1.17419,1.1745700000000001,241,8,0,1,1,8.513753969593562e-06,0.0002979813889336952
2025-12-18 06:00:00,1.1745700000000001,1.17468,1.17422,1.17436,365,8,0,1,1,9.366804046463988e-05,0.0004768554787287492
2025-12-18 06:15:00,1.17436,1.1743999999999999,1.17385,1.17424,359,8,0,1,1,8.516146614035897e-06,0.0005790979697506591
2025-12-18 06:30:00,1.17423,1.1745,1.17412,1.17442,286,8,0,1,1,0.00011920777915909895,0.00042574206842521835
2025-12-18 06:45:00,1.1743999999999999,1.17464,1.17437,1.17437,312,8,0,1,1,0.00010218244675860075,0.00046833621431069465
2025-12-18 07:00:00,1.17437,1.17493,1.17426,1.17438,408,8,0,1,1,0.00011069670805017411,0.0004598170949777627
2025-12-18 07:15:00,1.17439,1.17471,1.17413,1.17439,369,8,0,1,1,0.00011921082434287501,0.0004512981207264362
2025-12-18 07:30:00,1.17441,1.17441,1.17393,1.1743000000000001,431,8,0,1,1,4.257855743856383e-05,0.0005279741122369435
2025-12-18 07:45:00,1.17432,1.1745,1.17333,1.17334,821,8,0,1,1,0.0003409071539365878,0.00016193089812001167
2025-12-18 08:00:00,1.17332,1.17368,1.17298,1.1735,654,8,0,1,1,0.00020451640391991305,0.00029825308904991263
2025-12-18 08:15:00,1.1735,1.17368,1.17325,1.17328,523,8,0,1,1,0.00039206327560335546,0.00011080049093156409
2025-12-18 08:30:00,1.17328,1.17337,1.17278,1.1732,511,8,0,1,1,0.0004602795772246718,4.261847937274592e-05
2025-12-18 08:45:00,1.17321,1.17321,1.17278,1.17318,547,8,0,1,1,0.00047733510629239845,2.557152355135145e-05
2025-12-18 09:00:00,1.17316,1.17324,1.17253,1.17265,584,8,0,1,1,0.0002131923421309525,5.116616211141345e-05
2025-12-18 09:15:00,1.17266,1.1727400000000001,1.1717,1.17191,663,8,0,1,1,0.00016212849109565792,8.533078478778671e-06
2025-12-18 09:30:00,1.17191,1.17216,1.17184,1.17214,472,8,0,1,1,0.00022181650656077686,0.00011943965737883615
2025-12-18 09:45:00,1.17214,1.1726,1.17203,1.17216,604,8,0,1,1,0.00020475020475022008,0.000136500136500273
2025-12-18 10:00:00,1.17215,1.17239,1.17171,1.1718899999999999,596,8,0,1,1,0.00014506480983691425,2.559967232436196e-05
2025-12-18 10:15:00,1.1719,1.17227,1.17175,1.17215,377,8,0,1,1,0.00021328328285636096,0.00012796996971385446
2025-12-18 10:30:00,1.17215,1.17251,1.17199,1.17249,331,8,0,1,1,7.675971650071512e-05,8.52885738897466e-05
2025-12-18 10:45:00,1.17251,1.17264,1.17221,1.17245,418,8,0,1,1,4.264574182257962e-05,0.00011940807710352595
2025-12-18 11:00:00,1.1724700000000001,1.17261,1.17211,1.17212,401,8,0,1,1,0.00023888339077915058,0.00010237859604828858
2025-12-18 11:15:00,1.17214,1.17256,1.17208,1.17252,340,8,0,1,1,0.00010234367004392076,5.970047419235023e-05
2025-12-18 11:30:00,1.17251,1.17271,1.1721,1.17222,409,8,0,1,1,0.00015355479346886163,0.00018767808090640748
2025-12-18 11:45:00,1.17221,1.17244,1.17199,1.17201,415,8,0,1,1,0.0002474381617903443,8.532350406622394e-06
2025-12-18 12:00:00,1.172,1.17231,1.17176,1.17179,922,8,0,1,1,5.9737666305408384e-05,7.680557096420477e-05
2025-12-18 12:15:00,1.17179,1.17188,1.17118,1.17174,549,8,0,1,1,1.7068632973107498e-05,3.4137265946404495e-05
2025-12-18 12:30:00,1.17174,1.1718899999999999,1.17131,1.17137,542,8,0,1,1,0.0002987954275763187,9.390713438115583e-05
2025-12-18 12:45:00,1.17138,1.1715200000000001,1.17127,1.17137,492,8,0,1,1,0.0002987954275763187,9.390713438115583e-05
2025-12-18 13:00:00,1.17137,1.17237,1.17129,1.17231,699,8,0,1,1,7.677150241842646e-05,0.00023884467419032338
2025-12-18 13:15:00,1.1723,1.17393,1.17226,1.17288,1263,8,0,1,1,0.0004092490280333998,4.263010708672965e-05
2025-12-18 13:30:00,1.17287,1.17558,1.17266,1.17389,2877,8,0,1,1,0.00012778028605754755,0.0006303827445503283
2025-12-18 13:45:00,1.1739,1.17625,1.17386,1.17465,2232,8,0,1,1,7.66185672327276e-05,0.00022985570169837183
2025-12-18 14:00:00,1.17463,1.17553,1.17408,1.17416,2531,8,0,1,1,5.110036110917505e-05,0.0006472712407166586
2025-12-18 14:15:00,1.17415,1.17459,1.17349,1.17384,1511,8,0,1,1,8.519048592652234e-05,0.0005878143528931366
2025-12-18 14:30:00,1.17385,1.17434,1.17329,1.17334,1258,8,0,1,1,0.0003409071539365878,0.00016193089812001167
2025-12-18 14:45:00,1.17334,1.17397,1.17323,1.17343,1018,8,0,1,1,0.000264182780395961,0.00023861670487379562
2025-12-18 15:00:00,1.17343,1.17401,1.17304,1.17343,1036,8,0,1,1,0.000264182780395961,0.00023861670487379562
2025-12-18 15:15:00,1.17342,1.17346,1.17193,1.17231,1051,8,0,1,1,7.677150241842646e-05,0.00023884467419032338
2025-12-18 15:30:00,1.1723,1.17317,1.17157,1.1728,1601,8,0,1,1,0.0003410641200545327,2.5579809004071016e-05
2025-12-18 15:45:00,1.17283,1.17315,1.17203,1.17269,1176,8,0,1,1,0.00024729468145878405,8.527402808925546e-05
2025-12-18 16:00:00,1.17268,1.17438,1.17256,1.1741,904,8,0,1,1,0.00010220594497923518,0.0006984072906907785
2025-12-18 16:15:00,1.17411,1.17456,1.17359,1.17376,755,8,0,1,1,1.703925845139465e-05,0.0005196973827699014
2025-12-18 16:30:00,1.17377,1.17381,1.17292,1.17322,847,8,0,1,1,0.0004432246296517925,5.966485399159109e-05
2025-12-18 16:45:00,1.1732,1.1733,1.17252,1.17277,716,8,0,1,1,0.0003154923812853172,5.116092669487536e-05
2025-12-18 17:00:00,1.17279,1.17286,1.17194,1.17195,793,8,0,1,1,0.00019625410640381624,1.7065574469822925e-05
2025-12-18 17:15:00,1.17195,1.17216,1.17148,1.17194,729,8,0,1,1,0.0001877229209685538,1.706572008798145e-05
2025-12-18 17:30:00,1.17193,1.17246,1.1717,1.17237,529,8,0,1,1,2.558919112583616e-05,0.00018765406825499545
2025-12-18 17:45:00,1.17238,1.17243,1.17161,1.17184,488,8,0,1,1,0.00010240305843792494,6.826870562540962e-05
2025-12-18 18:00:00,1.17185,1.17244,1.17149,1.1724,556,8,0,1,1,0.0,0.0001620607301261621
2025-12-18 18:15:00,1.1724,1.17244,1.17172,1.17203,460,8,0,1,1,0.0002644983490182081,2.55966144211108e-05
2025-12-18 18:30:00,1.17204,1.17222,1.17198,1.17199,300,8,0,1,1,0.00023037739229856265,8.532496010924552e-06
2025-12-18 18:45:00,1.17199,1.1721,1.17181,1.17194,434,8,0,1,1,0.0001877229209685538,1.706572008798145e-05
2025-12-18 19:00:00,1.17194,1.17235,1.17173,1.1721,493,8,0,1,1,0.00025595085743553367,8.531695247844808e-05
2025-12-18 19:15:00,1.1721,1.17236,1.17205,1.1723,316,8,0,1,1,8.530239699753565e-05,0.0002473769512924367
2025-12-18 19:30:00,1.1723,1.1726,1.17221,1.1726,345,8,0,1,1,0.00017056114617088348,8.528057308600982e-06
2025-12-18 19:45:00,1.17259,1.17272,1.17231,1.17246,367,8,0,1,1,5.1174453712663104e-05,0.00011087798304416651
2025-12-18 20:00:00,1.17245,1.17273,1.17236,1.1724999999999999,360,8,0,1,1,8.528784648167757e-05,7.675906183381281e-05
2025-12-18 20:15:00,1.17249,1.17261,1.17234,1.1724999999999999,299,8,0,1,1,8.528784648167757e-05,7.675906183381281e-05
2025-12-18 20:30:00,1.17251,1.17268,1.1724,1.17255,247,8,0,1,1,0.00012792631444277213,3.411368385146903e-05
2025-12-18 20:45:00,1.17255,1.17255,1.172,1.17219,297,8,0,1,1,0.0001791518439843741,0.0001620897636049911
2025-12-18 21:00:00,1.17218,1.1724999999999999,1.17214,1.17243,220,8,0,1,1,2.5587881579262293e-05,0.00013646870175612868
2025-12-18 21:15:00,1.17243,1.17244,1.1723,1.17236,125,8,0,1,1,3.411921252860896e-05,0.00019618547203926478
2025-12-18 21:30:00,1.17236,1.17236,1.1722,1.17226,97,8,0,1,1,0.00011942743077476752,0.00022179380001036372
2025-12-18 21:45:00,1.17226,1.1724700000000001,1.17221,1.17232,185,8,0,1,1,6.824075337798554e-05,0.00023031254265046443
2025-12-18 22:00:00,1.17233,1.17234,1.17177,1.17206,253,20,0,1,1,0.00029008753818064514,5.119191850261166e-05
2025-12-18 22:15:00,1.17206,1.17234,1.17205,1.17234,231,20,0,1,1,5.117969189840066e-05,0.00021324871624279945
2025-12-18 22:30:00,1.17233,1.17239,1.17201,1.17203,171,20,0,1,1,0.0002644983490182081,2.55966144211108e-05
2025-12-18 22:45:00,1.17205,1.17242,1.17204,1.17236,136,20,0,1,1,3.411921252860896e-05,0.00019618547203926478
2025-12-18 23:00:00,1.17237,1.17272,1.17237,1.17245,182,8,0,1,1,4.264574182257962e-05,0.00011940807710352595
2025-12-18 23:15:00,1.17244,1.17255,1.17237,1.17252,95,8,0,1,1,0.00010234367004392076,5.970047419235023e-05
2025-12-18 23:30:00,1.1724999999999999,1.1726,1.17234,1.17238,107,8,0,1,1,1.705931523919806e-05,0.00017912281001044328
2025-12-18 23:45:00,1.17238,1.17256,1.17238,1.17244,130,8,0,1,1,3.4116884445957116e-05,0.00012793831667300205
2025-12-19 00:00:00,1.17243,1.17256,1.17219,1.17222,188,8,0,1,1,0.00015355479346886163,0.00018767808090640748
2025-12-19 00:15:00,1.17222,1.1723,1.17215,1.17222,141,8,0,1,1,0.00015355479346886163,0.00018767808090640748
2025-12-19 00:30:00,1.17222,1.17238,1.17214,1.17225,237,8,0,1,1,0.00012795905310308765,0.00021326508850508295
2025-12-19 00:45:00,1.17224,1.17265,1.17221,1.17261,369,8,0,1,1,0.00017908767620932915,1.7055969162730133e-05
2025-12-19 01:00:00,1.17263,1.1728,1.17241,1.1727,245,8,0,1,1,0.00025581990278840877,9.380063102247335e-05
2025-12-19 01:15:00,1.17269,1.17283,1.17228,1.17234,282,8,0,1,1,5.117969189840066e-05,0.00021324871624279945
2025-12-19 01:30:00,1.17234,1.17235,1.172,1.17216,361,8,0,1,1,0.00020475020475022008,0.000136500136500273
2025-12-19 01:45:00,1.17217,1.1724999999999999,1.1721,1.17238,283,8,0,1,1,1.705931523919806e-05,0.00017912281001044328
2025-12-19 02:00:00,1.17238,1.17281,1.17238,1.17272,255,8,0,1,1,0.0002728699092706494,9.379903131186856e-05
2025-12-19 02:15:00,1.17273,1.1728,1.17242,1.17254,201,8,0,1,1,0.00011939891176403956,4.264246848730578e-05
2025-12-19 02:30:00,1.17254,1.17258,1.17215,1.17229,213,8,0,1,1,9.383343711884815e-05,0.0002473790614951279
2025-12-19 02:45:00,1.17229,1.17237,1.1721,1.1722299999999999,238,8,0,1,1,0.00014502273444650412,0.00019620722895673416
2025-12-19 03:00:00,1.17225,1.17246,1.17208,1.17238,262,8,0,1,1,1.705931523919806e-05,0.00017912281001044328
2025-12-19 03:15:00,1.17238,1.17254,1.17187,1.17225,616,8,0,1,1,0.00012795905310308765,0.00021326508850508295
2025-12-19 03:30:00,1.17224,1.17224,1.17178,1.17183,302,8,0,1,1,9.387027128494104e-05,7.680294923337474e-05
2025-12-19 03:45:00,1.17183,1.17217,1.1718,1.17208,270,8,0,1,1,0.0002730189065593628,6.825472663988807e-05
2025-12-19 04:00:00,1.17209,1.1722299999999999,1.17184,1.17194,276,8,0,1,1,0.0001877229209685538,1.706572008798145e-05
2025-12-19 04:15:00,1.17194,1.17194,1.1715200000000001,1.17157,210,8,0,1,1,0.0001280333228062297,0.0
2025-12-19 04:30:00,1.17157,1.1718,1.17154,1.17167,199,8,0,1,1,4.267413179487869e-05,2.560447907685141e-05
2025-12-19 04:45:00,1.17166,1.17177,1.1715200000000001,1.17176,205,8,0,1,1,3.413668327969717e-05,5.1205024919735256e-05
2025-12-19 05:00:00,1.17176,1.17194,1.17173,1.17183,225,8,0,1,1,9.387027128494104e-05,7.680294923337474e-05
2025-12-19 05:15:00,1.17183,1.17199,1.17182,1.17195,177,8,0,1,1,0.00019625410640381624,1.7065574469822925e-05
2025-12-19 05:30:00,1.17195,1.17202,1.17174,1.17183,205,8,0,1,1,9.387027128494104e-05,7.680294923337474e-05
2025-12-19 05:45:00,1.17183,1.17204,1.17178,1.17196,229,8,0,1,1,0.00020478514625055116,8.532714427169454e-06
2025-12-19 06:00:00,1.17196,1.17212,1.17182,1.172,251,8,0,1,1,0.00023890784982921157,0.0
2025-12-19 06:15:00,1.172,1.17212,1.17187,1.17193,274,8,0,1,1,0.0001791915899412264,8.532932854217801e-06
2025-12-19 06:30:00,1.17195,1.17208,1.17121,1.17123,654,8,0,1,1,0.00041836360065922276,2.5614097999517168e-05
2025-12-19 06:45:00,1.17123,1.17198,1.17114,1.17195,607,8,0,1,1,0.00019625410640381624,1.7065574469822925e-05
2025-12-19 07:00:00,1.17196,1.17202,1.17129,1.17137,531,8,0,1,1,0.0002987954275763187,9.390713438115583e-05
2025-12-19 07:15:00,1.17138,1.17161,1.17085,1.17124,605,8,0,1,1,0.0004098220689184419,1.7075919538189423e-05
2025-12-19 07:30:00,1.17124,1.17141,1.1708,1.17081,517,8,0,1,1,0.0005380890152970238,5.124657288539472e-05
2025-12-19 07:45:00,1.17083,1.17097,1.17029,1.17076,670,8,0,1,1,0.0004954046943865736,8.541460248099962e-06
2025-12-19 08:00:00,1.17075,1.17131,1.17059,1.17129,645,8,0,1,1,0.0003671165979391547,2.5612785902700863e-05
2025-12-19 08:15:00,1.17129,1.17159,1.17106,1.17115,595,8,0,1,1,0.0004867011057509128,9.392477479386283e-05
2025-12-19 08:30:00,1.17114,1.17134,1.17084,1.17106,557,8,0,1,1,0.0005635919594214685,1.7078544224812546e-05
2025-12-19 08:45:00,1.17104,1.17146,1.17082,1.17122,507,8,0,1,1,0.00042690527825700294,3.4152422260582987e-05
2025-12-19 09:00:00,1.17123,1.1716,1.17108,1.1712500000000001,513,8,0,1,1,0.0004012806830309246,8.537886872865285e-06
2025-12-19 09:15:00,1.1712500000000001,1.17175,1.17112,1.17157,560,8,0,1,1,0.0001280333228062297,0.0
2025-12-19 09:30:00,1.17155,1.17155,1.17088,1.17132,566,8,0,1,1,0.000341495065396457,5.12242598094022e-05
2025-12-19 09:45:00,1.17132,1.17158,1.17085,1.17116,649,8,0,1,1,0.00047815840704952013,8.538542983024436e-05
2025-12-19 10:00:00,1.17118,1.17155,1.17106,1.1715200000000001,542,8,0,1,1,0.00017071838295545783,1.7071838295659505e-05
2025-12-19 10:15:00,1.17153,1.17174,1.17133,1.17143,370,8,0,1,1,0.0002475606737066009,5.975602468778715e-05
2025-12-19 10:30:00,1.17142,1.17144,1.17085,1.17115,529,8,0,1,1,0.0004867011057509128,9.392477479386283e-05
2025-12-19 10:45:00,1.17115,1.17164,1.17105,1.17158,513,8,0,1,1,0.00011949674798138325,8.535481998724383e-06
2025-12-19 11:00:00,1.17157,1.17174,1.17103,1.17104,433,8,0,1,1,0.0005806804208225286,0.0
2025-12-19 11:15:00,1.17102,1.1712500000000001,1.17073,1.17118,454,8,0,1,1,0.00046107344729246137,6.830717737654156e-05
2025-12-19 11:30:00,1.17116,1.17129,1.17079,1.1711,470,8,0,1,1,0.0005294167876356118,5.123388267436511e-05
2025-12-19 11:45:00,1.17112,1.17136,1.17103,1.17109,452,8,0,1,1,0.0005379603617144118,4.2695266802622743e-05
2025-12-19 12:00:00,1.17107,1.17123,1.1709,1.17123,444,8,0,1,1,0.00041836360065922276,2.5614097999517168e-05
2025-12-19 12:15:00,1.17123,1.17131,1.17073,1.17095,420,8,0,1,1,0.0006575857209957192,7.686066868794186e-05
2025-12-19 12:30:00,1.17097,1.17137,1.17093,1.17119,376,8,0,1,1,0.0004525311862295114,5.976826987936586e-05
2025-12-19 12:45:00,1.17119,1.17147,1.1709,1.17097,462,8,0,1,1,0.0006404946326550026,5.977949904781036e-05
2025-12-19 13:00:00,1.17099,1.17123,1.17065,1.17085,636,8,0,1,1,0.000572233847204978,8.540803689626254e-05
2025-12-19 13:15:00,1.17084,1.1712799999999999,1.17018,1.1712,827,8,0,1,1,0.00044398907103831623,5.1229508196677754e-05
2025-12-19 13:30:00,1.17123,1.1718600000000001,1.17115,1.17134,830,8,0,1,1,0.0003244147728243268,6.829784691044446e-05
2025-12-19 13:45:00,1.17135,1.1719,1.17129,1.1719,575,8,0,1,1,0.00015359672326977297,1.7066302585656647e-05
2025-12-19 14:00:00,1.17191,1.17337,1.17185,1.1733500000000001,942,8,0,1,1,0.00033238164230612384,0.00017045212425976903
2025-12-19 14:15:00,1.17333,1.17374,1.1731,1.17325,784,8,0,1,1,0.00041764329852981164,8.523332623054677e-05
2025-12-19 14:30:00,1.17322,1.1735,1.17295,1.1734,790,8,0,1,1,0.0002897562638486509,0.00021305607635936893
2025-12-19 14:45:00,1.1734,1.17341,1.17258,1.17261,782,8,0,1,1,0.00017908767620932915,1.7055969162730133e-05
2025-12-19 15:00:00,1.17261,1.17281,1.17222,1.1723,857,8,0,1,1,8.530239699753565e-05,0.0002473769512924367
2025-12-19 15:15:00,1.17229,1.17237,1.17165,1.17171,712,8,0,1,1,8.534534995916663e-06,8.534534995916663e-06
2025-12-19 15:30:00,1.17169,1.17211,1.1714,1.17172,718,8,0,1,1,0.0,1.70689243165014e-05
2025-12-19 15:45:00,1.17173,1.1722,1.1709,1.17092,906,8,0,1,1,0.0006319816896115558,0.00010248351723441398
2025-12-19 16:00:00,1.17095,1.1715,1.17081,1.17145,617,8,0,1,1,0.00023048358871483412,4.268214605820433e-05
2025-12-19 16:15:00,1.17146,1.17182,1.17116,1.17155,544,8,0,1,1,0.00014510690964961246,0.0
2025-12-19 16:30:00,1.17156,1.17195,1.1714,1.17169,535,8,0,1,1,2.5604042024935382e-05,8.534680674978462e-06
2025-12-19 16:45:00,1.17169,1.17206,1.17129,1.17206,537,8,0,1,1,0.00029008753818064514,5.119191850261166e-05
2025-12-19 17:00:00,1.17204,1.17205,1.17132,1.17143,407,8,0,1,1,0.0002475606737066009,5.975602468778715e-05
2025-12-19 17:15:00,1.17142,1.1718600000000001,1.17142,1.1717,481,8,0,1,1,1.706921566965181e-05,0.0
2025-12-19 17:30:00,1.17171,1.17192,1.17161,1.17178,347,8,0,1,1,5.120415094979346e-05,6.827220126651761e-05
2025-12-19 17:45:00,1.17178,1.17205,1.17173,1.1719,319,8,0,1,1,0.00015359672326977297,1.7066302585656647e-05
2025-12-19 18:00:00,1.1718899999999999,1.17248,1.17176,1.17246,369,8,0,1,1,5.1174453712663104e-05,0.00011087798304416651
2025-12-19 18:15:00,1.1724700000000001,1.17268,1.1723,1.17246,405,8,0,1,1,5.1174453712663104e-05,0.00011087798304416651
2025-12-19 18:30:00,1.1724700000000001,1.17253,1.17208,1.17212,483,8,0,1,1,0.00023888339077915058,0.00010237859604828858
2025-12-19 18:45:00,1.17211,1.17236,1.17191,1.17198,342,8,0,1,1,0.00022184678919429253,8.532568815223393e-06
2025-12-19 19:00:00,1.17198,1.17207,1.17161,1.17206,373,8,0,1,1,0.00029008753818064514,5.119191850261166e-05
2025-12-19 19:15:00,1.17205,1.17215,1.17178,1.17204,420,8,0,1,1,0.0002730282242925804,3.412852803661991e-05
2025-12-19 19:30:00,1.17202,1.17207,1.1718,1.17197,275,8,0,1,1,0.0002133160405128642,0.0
2025-12-19 19:45:00,1.17197,1.1724700000000001,1.17194,1.17232,296,8,0,1,1,6.824075337798554e-05,0.00023031254265046443
2025-12-19 20:00:00,1.17231,1.17252,1.17211,1.17216,275,8,0,1,1,0.00020475020475022008,0.000136500136500273
2025-12-19 20:15:00,1.17216,1.17217,1.17191,1.17191,231,8,0,1,1,0.00016212849109565792,8.533078478778671e-06
2025-12-19 20:30:00,1.17191,1.17193,1.17175,1.17178,211,8,0,1,1,5.120415094979346e-05,6.827220126651761e-05
2025-12-19 20:45:00,1.17178,1.17188,1.17061,1.17095,605,8,0,1,1,0.0006575857209957192,7.686066868794186e-05
2025-12-19 21:00:00,1.17097,1.17135,1.17086,1.17114,298,8,0,1,1,0.0004952439503390072,8.538688798947092e-05
2025-12-19 21:15:00,1.17114,1.1712799999999999,1.17105,1.17116,196,8,0,1,1,0.00047815840704952013,8.538542983024436e-05
2025-12-19 21:30:00,1.17116,1.17119,1.17077,1.17106,216,8,0,1,1,0.0005635919594214685,1.7078544224812546e-05
2025-12-19 21:45:00,1.17106,1.17113,1.17055,1.17087,357,8,0,1,1,0.0005893053883010747,0.00010248789361766891
2025-12-21 22:00:00,1.17073,1.17136,1.17065,1.17126,117,61,0,1,1,0.00039273944299312446,0.0
2025-12-21 22:15:00,1.17129,1.17139,1.17088,1.17097,227,51,0,1,1,0.0006404946326550026,5.977949904781036e-05
2025-12-21 22:30:00,1.17097,1.17143,1.1709,1.17116,316,48,0,1,1,0.00047815840704952013,8.538542983024436e-05
2025-12-21 22:45:00,1.17115,1.17143,1.1710099999999999,1.1712500000000001,245,20,0,1,1,0.0004012806830309246,8.537886872865285e-06
2025-12-21 23:00:00,1.1713,1.17149,1.1712,1.17138,267,8,0,1,1,0.00029025593744131447,0.00010244327203802178
2025-12-21 23:15:00,1.17138,1.17146,1.1712799999999999,1.17142,205,8,0,1,1,0.0002560994348740751,6.829318263311197e-05
2025-12-21 23:30:00,1.17142,1.17142,1.1711,1.17111,253,8,0,1,1,0.0005208733594623899,5.977235272520471e-05
2025-12-21 23:45:00,1.17111,1.17113,1.17059,1.17097,256,8,0,1,1,0.0006404946326550026,5.977949904781036e-05
2025-12-22 00:00:00,1.17095,1.17156,1.17092,1.17137,791,8,0,1,1,0.0002987954275763187,9.390713438115583e-05
2025-12-22 00:15:00,1.17137,1.17148,1.17104,1.17109,600,8,0,1,1,0.0005379603617144118,4.2695266802622743e-05
2025-12-22 00:30:00,1.17109,1.17137,1.17099,1.17122,397,8,0,1,1,0.00042690527825700294,3.4152422260582987e-05
2025-12-22 00:45:00,1.17122,1.17158,1.17112,1.17155,390,8,0,1,1,0.00014510690964961246,0.0
2025-12-22 01:00:00,1.17156,1.1718899999999999,1.17134,1.17165,486,8,0,1,1,5.974480433577817e-05,4.267486023973325e-05
2025-12-22 01:15:00,1.17165,1.17174,1.1715200000000001,1.17164,236,8,0,1,1,6.828035915475744e-05,5.121026936597332e-05
2025-12-22 01:30:00,1.17166,1.1719,1.17139,1.17183,340,8,0,1,1,9.387027128494104e-05,7.680294923337474e-05
2025-12-22 01:45:00,1.1718600000000001,1.1718600000000001,1.17148,1.1717,252,8,0,1,1,1.706921566965181e-05,0.0
2025-12-22 02:00:00,1.1717,1.17191,1.17169,1.17183,145,8,0,1,1,9.387027128494104e-05,7.680294923337474e-05
2025-12-22 02:15:00,1.17185,1.1718899999999999,1.17168,1.17173,160,8,0,1,1,8.53438932163849e-06,2.5603167965294473e-05
2025-12-22 02:30:00,1.17173,1.1718899999999999,1.17157,1.17169,155,8,0,1,1,2.5604042024935382e-05,8.534680674978462e-06
2025-12-22 02:45:00,1.17169,1.17169,1.17149,1.1716,184,8,0,1,1,0.00010242403550710142,2.560600887672797e-05
2025-12-22 03:00:00,1.17161,1.17172,1.17146,1.17156,195,8,0,1,1,0.00013657004336112535,8.535627709928189e-06
2025-12-22 03:15:00,1.17158,1.17169,1.17132,1.17137,242,8,0,1,1,0.0002987954275763187,9.390713438115583e-05
2025-12-22 03:30:00,1.17137,1.17165,1.17136,1.17161,211,8,0,1,1,9.388789785001365e-05,3.4141053763658555e-05
2025-12-22 03:45:00,1.17161,1.17179,1.17161,1.1717,245,8,0,1,1,1.706921566965181e-05,0.0
2025-12-22 04:00:00,1.1717,1.17184,1.17159,1.17177,199,8,0,1,1,4.267048994246608e-05,5.97386859196041e-05
2025-12-22 04:15:00,1.17178,1.17184,1.17168,1.17182,128,8,0,1,1,8.533733849907748e-05,8.533733849907748e-05
2025-12-22 04:30:00,1.17182,1.17196,1.17182,1.17194,133,8,0,1,1,0.0001877229209685538,1.706572008798145e-05
2025-12-22 04:45:00,1.17196,1.1721300000000001,1.17192,1.17196,197,8,0,1,1,0.00020478514625055116,8.532714427169454e-06
2025-12-22 05:00:00,1.17196,1.17215,1.17187,1.17214,171,8,0,1,1,0.00022181650656077686,0.00011943965737883615
2025-12-22 05:15:00,1.1721300000000001,1.17217,1.17197,1.172,142,8,0,1,1,0.00023890784982921157,0.0
2025-12-22 05:30:00,1.17199,1.17205,1.17153,1.17169,300,8,0,1,1,2.5604042024935382e-05,8.534680674978462e-06
2025-12-22 05:45:00,1.17169,1.17179,1.17155,1.17171,203,8,0,1,1,8.534534995916663e-06,8.534534995916663e-06
2025-12-22 06:00:00,1.17171,1.1718,1.1715200000000001,1.17168,261,8,0,1,1,3.413901406530793e-05,1.7069507032559214e-05
2025-12-22 06:15:00,1.17168,1.17187,1.17153,1.17165,282,8,0,1,1,5.974480433577817e-05,4.267486023973325e-05
2025-12-22 06:30:00,1.17165,1.1717,1.17138,1.1715200000000001,271,8,0,1,1,0.00017071838295545783,1.7071838295659505e-05
2025-12-22 06:45:00,1.1715200000000001,1.17158,1.17126,1.17154,246,8,0,1,1,0.00015364392167580192,8.535773426486088e-06
2025-12-22 07:00:00,1.17154,1.17184,1.17146,1.1716,459,8,0,1,1,0.00010242403550710142,2.560600887672797e-05
2025-12-22 07:15:00,1.1716,1.17208,1.17146,1.17198,383,8,0,1,1,0.00022184678919429253,8.532568815223393e-06
2025-12-22 07:30:00,1.17199,1.17242,1.1718600000000001,1.17232,419,8,0,1,1,6.824075337798554e-05,0.00023031254265046443
2025-12-22 07:45:00,1.17233,1.17307,1.17226,1.17285,473,8,0,1,1,0.0003836807775929057,1.7052479004057622e-05
2025-12-22 08:00:00,1.17283,1.17314,1.17228,1.17241,602,8,0,1,1,8.529439359817356e-06,0.00015352990847917452
2025-12-22 08:15:00,1.17239,1.1729,1.17231,1.1729,426,8,0,1,1,0.0004262938016880765,5.968113223634964e-05
2025-12-22 08:30:00,1.17292,1.1733500000000001,1.17261,1.17332,417,8,0,1,1,0.00035795861316613285,0.00014488801009102673
2025-12-22 08:45:00,1.17332,1.1738,1.17332,1.17352,491,8,0,1,1,0.00018747017519949298,0.0003152907491989753
2025-12-22 09:00:00,1.17355,1.1736,1.17317,1.17327,438,8,0,1,1,0.0004005898045632893,0.00010227824797371449
2025-12-22 09:15:00,1.17327,1.17327,1.17273,1.1730800000000001,422,8,0,1,1,0.000562621475091113,5.967197463070928e-05
2025-12-22 09:30:00,1.17309,1.17346,1.17291,1.17292,537,8,0,1,1,0.00044333799406596694,7.673157589598905e-05
2025-12-22 09:45:00,1.17293,1.17326,1.17269,1.17298,553,8,0,1,1,0.0004944670838375785,0.00012787941823379125
2025-12-22 10:00:00,1.17297,1.17356,1.17286,1.17337,644,8,0,1,1,0.0003153310549954247,0.00018749414080819262
2025-12-22 10:15:00,1.17338,1.17377,1.17334,1.17366,473,8,0,1,1,6.816284102728219e-05,0.00043453811154849824
2025-12-22 10:30:00,1.17367,1.17371,1.1732,1.17324,376,8,0,1,1,0.000426170263543644,7.671064743798841e-05
2025-12-22 10:45:00,1.17324,1.17356,1.17296,1.17327,463,8,0,1,1,0.0004005898045632893,0.00010227824797371449
2025-12-22 11:00:00,1.17329,1.17362,1.17318,1.17338,362,8,0,1,1,0.0003068059793075695,0.00019601493122447502
2025-12-22 11:15:00,1.17338,1.17356,1.17323,1.17338,310,8,0,1,1,0.0003068059793075695,0.00019601493122447502
2025-12-22 11:30:00,1.17338,1.1735,1.17283,1.17329,370,8,0,1,1,0.0003835368919875406,0.00011932258861835437
2025-12-22 11:45:00,1.1733,1.1734,1.17294,1.17331,362,8,0,1,1,0.00036648456077245607,0.00013636634819456068
2025-12-22 12:00:00,1.17331,1.17431,1.17328,1.17372,682,8,0,1,1,1.7039839143840932e-05,0.0004856354156018313
2025-12-22 12:15:00,1.17373,1.17385,1.1734499999999999,1.17354,446,8,0,1,1,0.00017042452749797875,0.00033232782862119097
2025-12-22 12:30:00,1.17354,1.17407,1.1735,1.17385,491,8,0,1,1,9.3708736209954e-05,0.0005963283213358989
2025-12-22 12:45:00,1.17385,1.1743000000000001,1.17372,1.17411,475,8,0,1,1,9.368798494183211e-05,0.0006898842527531299
2025-12-22 13:00:00,1.17413,1.17497,1.17413,1.17493,826,8,0,1,1,0.0,8.511145344884811e-06
2025-12-22 13:15:00,1.17492,1.17495,1.17449,1.17466,621,8,0,1,1,8.513101663459127e-05,0.0002213406432498995
2025-12-22 13:30:00,1.17466,1.17541,1.1745700000000001,1.17533,644,8,0,1,1,0.00011060723371305376,8.508248747216112e-06
2025-12-22 13:45:00,1.17535,1.17539,1.17486,1.17502,584,8,0,1,1,7.659444094562091e-05,8.510493438408622e-05
2025-12-22 14:00:00,1.17502,1.17507,1.17445,1.17507,565,8,0,1,1,0.00011063170704720866,5.9570919179295267e-05
2025-12-22 14:15:00,1.17507,1.17575,1.17479,1.17568,562,8,0,1,1,0.0004082743603701993,8.505715841100904e-06
2025-12-22 14:30:00,1.17569,1.17661,1.17566,1.17636,792,8,0,1,1,8.500799075112123e-05,0.00022102077595287747
2025-12-22 14:45:00,1.17636,1.17637,1.17585,1.17597,639,8,0,1,1,0.0002381013121083514,0.0002551085486874384
2025-12-22 15:00:00,1.17595,1.17644,1.17591,1.17599,636,8,0,1,1,0.00022109031539377627,0.00027211115740788437
2025-12-22 15:15:00,1.17599,1.17638,1.17573,1.1761300000000001,578,8,0,1,1,0.00010202953755103428,0.00039111322727940526
2025-12-22 15:30:00,1.17612,1.17666,1.1761,1.17643,623,8,0,1,1,2.5500879780330737e-05,0.00016150557194215758
2025-12-22 15:45:00,1.17644,1.17691,1.17596,1.17634,781,8,0,1,1,7.650849244259608e-05,0.00023802642093277284
2025-12-22 16:00:00,1.17634,1.17637,1.17601,1.17618,531,8,0,1,1,5.951470013094466e-05,0.0003740924008229998
2025-12-22 16:15:00,1.17616,1.17626,1.17553,1.17587,539,8,0,1,1,0.00032316497572014506,0.0001700868293263524
2025-12-22 16:30:00,1.17587,1.17594,1.17515,1.1752,570,8,0,1,1,0.0,5.105513955067136e-05
2025-12-22 16:45:00,1.17521,1.17531,1.1748,1.17494,361,8,0,1,1,8.51107290590627e-06,1.702214581181254e-05
2025-12-22 17:00:00,1.17494,1.17542,1.17489,1.17536,453,8,0,1,1,0.00013612850530895894,1.7016063163549025e-05
2025-12-22 17:15:00,1.17537,1.17578,1.17509,1.17578,396,8,0,1,1,0.0003997346442361415,9.355491673617045e-05
2025-12-22 17:30:00,1.17578,1.17642,1.17578,1.17624,374,8,0,1,1,8.50166632665571e-06,0.00032306332041084044
2025-12-22 17:45:00,1.17624,1.17628,1.17578,1.1758,364,8,0,1,1,0.000382718149345179,0.00011056302092189444
2025-12-22 18:00:00,1.1757900000000001,1.1758,1.17512,1.17531,395,8,0,1,1,9.359232883243952e-05,2.5525180590630974e-05
2025-12-22 18:15:00,1.17531,1.17543,1.1750099999999999,1.17502,329,8,0,1,1,7.659444094562091e-05,8.510493438408622e-05
2025-12-22 18:30:00,1.17502,1.17517,1.1749100000000001,1.17508,290,8,0,1,1,0.00010212070667539233,5.106035333779065e-05
2025-12-22 18:45:00,1.17508,1.17542,1.17497,1.17524,301,8,0,1,1,3.403560123892992e-05,8.508900309723034e-05
2025-12-22 19:00:00,1.17524,1.17538,1.17508,1.17522,242,8,0,1,1,1.701809022983695e-05,6.807236091953674e-05
2025-12-22 19:15:00,1.17522,1.17526,1.17482,1.17516,309,8,0,1,1,3.403791824095443e-05,1.701895912038274e-05
2025-12-22 19:30:00,1.1751800000000001,1.17545,1.17517,1.17522,268,8,0,1,1,1.701809022983695e-05,6.807236091953674e-05
2025-12-22 19:45:00,1.17522,1.17556,1.17513,1.17549,317,8,0,1,1,0.00024670562914180593,2.552127198036269e-05
2025-12-22 20:00:00,1.1755,1.17551,1.17517,1.17546,269,8,0,1,1,0.00022119000221183788,5.104384666443012e-05
2025-12-22 20:15:00,1.17546,1.17566,1.17538,1.17566,183,8,0,1,1,0.0003912695847438077,8.505860537966344e-06
2025-12-22 20:30:00,1.17566,1.17585,1.17559,1.1757900000000001,180,8,0,1,1,0.0003912263244286011,0.0001020590411554104
2025-12-22 20:45:00,1.17581,1.17583,1.17544,1.17549,246,8,0,1,1,0.00024670562914180593,2.552127198036269e-05
2025-12-22 21:00:00,1.17549,1.17586,1.17542,1.17576,189,8,0,1,1,0.00041675171803778107,7.65462339252258e-05
2025-12-22 21:15:00,1.17576,1.17604,1.17567,1.1758899999999999,163,8,0,1,1,0.0003061510855608416,0.0001870923300647909
2025-12-22 21:30:00,1.1759,1.1761,1.1759,1.17606,121,8,0,1,1,0.00016155638317765457,0.0003316157338912236
2025-12-22 21:45:00,1.17606,1.17619,1.17604,1.17607,155,8,0,1,1,0.00015305211424495907,0.00034011580943307454
2025-12-22 22:00:00,1.17607,1.17614,1.17564,1.17584,169,20,0,1,1,0.00034868689617636875,0.00014457749353653855
2025-12-22 22:15:00,1.17583,1.17598,1.17571,1.1757900000000001,320,48,0,1,1,0.0003912263244286011,0.0001020590411554104
2025-12-22 22:30:00,1.1758,1.17596,1.17576,1.17587,227,48,0,1,1,0.00032316497572014506,0.0001700868293263524
2025-12-22 22:45:00,1.17586,1.17596,1.17576,1.1758899999999999,189,20,0,1,1,0.0003061510855608416,0.0001870923300647909
2025-12-22 23:00:00,1.17595,1.17643,1.17585,1.17631,316,8,0,1,1,5.100696245033111e-05,0.00026353597266029575
2025-12-22 23:15:00,1.1763,1.17646,1.1763,1.17637,178,8,0,1,1,7.650654130940565e-05,0.00021251817030363193
2025-12-22 23:30:00,1.17637,1.17639,1.17624,1.17634,118,8,0,1,1,7.650849244259608e-05,0.00023802642093277284
2025-12-22 23:45:00,1.17634,1.17652,1.17632,1.17632,137,8,0,1,1,5.950761697498512e-05,0.0002550326441784267
2025-12-23 00:00:00,1.17632,1.17673,1.17624,1.17669,290,8,0,1,1,0.00013597464072945124,5.9488905319170294e-05
2025-12-23 00:15:00,1.17669,1.17676,1.17653,1.17675,156,8,0,1,1,8.497981729338346e-05,6.798385383478224e-05
2025-12-23 00:30:00,1.17675,1.17683,1.17666,1.1768,179,8,0,1,1,4.248810333096828e-05,2.5492861998618703e-05
2025-12-23 00:45:00,1.17681,1.177,1.1767400000000001,1.17686,326,8,0,1,1,8.497187431016019e-06,8.497187431016019e-06
2025-12-23 01:00:00,1.1768399999999999,1.17703,1.17657,1.17703,341,8,0,1,1,0.00015292728307695556,0.0001359353627349668
2025-12-23 01:15:00,1.17702,1.17709,1.17657,1.17663,288,8,0,1,1,0.00014448042290269965,8.498848406096659e-06
2025-12-23 01:30:00,1.17664,1.17747,1.17658,1.17725,341,8,0,1,1,0.0003397748991292894,0.0003227861541727118
2025-12-23 01:45:00,1.17725,1.17758,1.17716,1.17728,340,8,0,1,1,0.00036524870888841437,0.0003482603968469875
2025-12-23 02:00:00,1.17728,1.17771,1.17725,1.17763,305,8,0,1,1,0.0001018995779660165,0.000645363993784017
2025-12-23 02:15:00,1.17763,1.17766,1.1772,1.17743,277,8,0,1,1,0.00027177836474363484,0.00047561213830112526
2025-12-23 02:30:00,1.17743,1.17768,1.1774,1.17759,277,8,0,1,1,0.00013587071901099705,0.0006114182355487325
2025-12-23 02:45:00,1.17757,1.17801,1.17757,1.1777199999999999,351,8,0,1,1,2.547294772967814e-05,0.0007217335190026453
2025-12-23 03:00:00,1.17774,1.17789,1.17755,1.17761,294,8,0,1,1,0.00011888486001310195,0.0006283914029262344
2025-12-23 03:15:00,1.17761,1.17763,1.17727,1.17747,307,8,0,1,1,0.0002377979906070286,0.0005095671227291854
2025-12-23 03:30:00,1.17747,1.17769,1.17743,1.17758,238,8,0,1,1,0.00014436386487542543,0.0006029314356561663
2025-12-23 03:45:00,1.17758,1.17769,1.1774499999999999,1.1776,267,8,0,1,1,0.0001273777173913846,0.0006199048913042607
2025-12-23 04:00:00,1.1776,1.17786,1.17754,1.17785,319,8,0,1,1,8.49004542174207e-05,0.0008320244513307984
2025-12-23 04:15:00,1.17785,1.17788,1.17753,1.17754,228,8,0,1,1,0.0001783378908572477,0.0005689827946396287
2025-12-23 04:30:00,1.17754,1.17784,1.17746,1.17755,237,8,0,1,1,0.0001698441679758634,0.000577470171118011
2025-12-23 04:45:00,1.17755,1.1777199999999999,1.17731,1.17748,290,8,0,1,1,0.00022930325780479708,0.0005180555083738147
2025-12-23 05:00:00,1.17747,1.17786,1.1774,1.17767,270,8,0,1,1,6.793074460594225e-05,0.0006793074460586683
2025-12-23 05:15:00,1.17767,1.17795,1.17765,1.17781,225,8,0,1,1,5.0942002530076146e-05,0.0007980913729718213
2025-12-23 05:30:00,1.17781,1.17783,1.17754,1.1776,237,8,0,1,1,0.0001273777173913846,0.0006199048913042607
2025-12-23 05:45:00,1.1776,1.1776200000000001,1.17739,1.1774499999999999,376,8,0,1,1,0.0002547878890824995,0.0004925899188923547
2025-12-23 06:00:00,1.1774499999999999,1.17761,1.1773500000000001,1.17739,310,8,0,1,1,0.0003057610477413075,0.00044165484673715076
2025-12-23 06:15:00,1.17739,1.17743,1.17718,1.17729,203,8,0,1,1,0.00037373969030569866,0.0003567515225644191
2025-12-23 06:30:00,1.17729,1.17733,1.17683,1.17719,339,8,0,1,1,0.00028882338450038396,0.0002718337736473092
2025-12-23 06:45:00,1.1772,1.17738,1.17702,1.17709,312,8,0,1,1,0.00020389265051951676,0.000186901596309447
2025-12-23 07:00:00,1.1771,1.17742,1.17688,1.17722,552,8,0,1,1,0.00031429979103309616,0.0002973106131393031
2025-12-23 07:15:00,1.17721,1.17761,1.1771099999999999,1.17718,419,8,0,1,1,0.0002803309604308105,0.00026334120525307126
2025-12-23 07:30:00,1.17718,1.17785,1.17718,1.17736,522,8,0,1,1,0.00033124957532115285,0.00041618536386481573
2025-12-23 07:45:00,1.17737,1.1781,1.17713,1.17784,585,8,0,1,1,7.641105752897124e-05,0.0008235413978128739
2025-12-23 08:00:00,1.17782,1.1783299999999999,1.17749,1.17824,807,8,0,1,1,0.0003140277023356714,0.0011627512221617593
2025-12-23 08:15:00,1.17825,1.17825,1.17761,1.17809,642,8,0,1,1,0.0002886027383306937,0.0010355745316571728
2025-12-23 08:30:00,1.17808,1.1783299999999999,1.17799,1.1782,495,8,0,1,1,0.0003479884569682749,0.0011288406043115187
2025-12-23 08:45:00,1.1782,1.17843,1.17795,1.17841,492,8,0,1,1,0.0001697202162235368,0.0013068456649212709
2025-12-23 09:00:00,1.1784,1.179,1.1783299999999999,1.17885,708,8,0,1,1,8.482843448991363e-06,0.0016796030029264713
2025-12-23 09:15:00,1.17886,1.1789399999999999,1.17814,1.17824,601,8,0,1,1,0.0003140277023356714,0.0011627512221617593
2025-12-23 09:30:00,1.17824,1.1789,1.17824,1.1787,609,8,0,1,1,7.635530669393867e-05,0.0015525579027742412
2025-12-23 09:45:00,1.1787,1.17925,1.17848,1.17922,627,8,0,1,1,0.0002968063635283072,0.001992842726547932
2025-12-23 10:00:00,1.17924,1.17961,1.17912,1.17942,502,8,0,1,0,0.00016957487578638482,0.0021620796662765005
2025-12-23 10:15:00,1.17942,1.17974,1.17912,1.17963,452,8,0,1,0,8.477234387109104e-06,0.0023397166908266775
2025-12-23 10:30:00,1.17963,1.1797900000000001,1.17941,1.17968,368,8,0,1,0,5.086125050875748e-05,0.0023820018988200014
2025-12-23 10:45:00,1.17968,1.18,1.1795200000000001,1.17985,466,8,0,1,0,0.000194940034750328,0.002525744798067536
2025-12-23 11:00:00,1.17982,1.17997,1.17947,1.17974,470,8,0,1,0,0.00010171732754684932,0.002432739417159652
2025-12-23 11:15:00,1.17973,1.17983,1.17936,1.1798,322,8,0,1,0,0.000152568231903771,0.002483471774876994
2025-12-23 11:30:00,1.17982,1.17991,1.17946,1.1797,378,8,0,1,0,6.78138509791303e-05,0.00239891497838424
2025-12-23 11:45:00,1.1797,1.17974,1.1792,1.1795200000000001,369,8,0,1,0,8.47802495928572e-05,0.002246676614215987
2025-12-23 12:00:00,1.17953,1.17996,1.17947,1.17984,389,8,0,1,0,0.0001864659614863956,0.0025172904800650235
2025-12-23 12:15:00,1.17984,1.18005,1.17963,1.17999,378,8,0,1,0,0.00031356197933898037,0.002644090204154282
2025-12-23 12:30:00,1.17999,1.1801599999999999,1.17946,1.17948,418,8,0,1,0,0.00011869637467342128,0.002212839556414692
2025-12-23 12:45:00,1.17948,1.17964,1.17886,1.17896,609,8,0,1,1,7.633846780206579e-05,0.0017727488634049716
2025-12-23 13:00:00,1.1789399999999999,1.1791,1.17852,1.17878,610,8,0,1,1,5.0900083136947546e-05,0.0016203193131880897
2025-12-23 13:15:00,1.1788,1.17935,1.17874,1.179,600,8,0,1,1,0.00011026293469038463,0.0018066157760813955
2025-12-23 13:30:00,1.17898,1.17898,1.17795,1.17858,1152,8,0,1,1,2.5454360331903215e-05,0.0014508985389196137
2025-12-23 13:45:00,1.17855,1.17856,1.17739,1.1774499999999999,1133,8,0,1,1,0.0002547878890824995,0.0004925899188923547
2025-12-23 14:00:00,1.1774499999999999,1.17792,1.17726,1.17752,863,8,0,1,1,0.00019532576941383122,0.0005520076092124273
2025-12-23 14:15:00,1.17748,1.1775,1.1769,1.17731,757,8,0,1,1,0.0003737333412610068,0.0003737333412610068
2025-12-23 14:30:00,1.17732,1.17788,1.17698,1.17752,815,8,0,1,1,0.00019532576941383122,0.0005520076092124273
2025-12-23 14:45:00,1.17752,1.17777,1.17682,1.17693,777,8,0,1,1,6.797345636535734e-05,5.098009227392367e-05
2025-12-23 15:00:00,1.17692,1.17786,1.1767,1.17777,1013,8,0,1,1,1.6981244215686406e-05,0.0007641559897092818
2025-12-23 15:15:00,1.17775,1.17786,1.17716,1.17728,736,8,0,1,1,0.00036524870888841437,0.0003482603968469875
2025-12-23 15:30:00,1.17728,1.17753,1.17647,1.17659,663,8,0,1,1,0.00011048878538825205,2.5497412012659033e-05
2025-12-23 15:45:00,1.17659,1.17746,1.17636,1.17738,875,8,0,1,1,0.00031425707927770254,0.0004331651633287557
2025-12-23 16:00:00,1.17737,1.17769,1.17733,1.17747,675,8,0,1,1,0.0002377979906070286,0.0005095671227291854
2025-12-23 16:15:00,1.17748,1.17783,1.1773500000000001,1.17756,527,8,0,1,1,0.00016135058935437218,0.0005859574034442894
2025-12-23 16:30:00,1.17757,1.17778,1.17727,1.17757,478,8,0,1,1,0.00015285715498872168,0.0005944444916225133
2025-12-23 16:45:00,1.17758,1.17802,1.17752,1.17753,435,8,0,1,1,0.00018683175800201184,0.0005604952740056584
2025-12-23 17:00:00,1.17753,1.17785,1.17728,1.17731,478,8,0,1,1,0.0003737333412610068,0.0003737333412610068
2025-12-23 17:15:00,1.17731,1.17753,1.17703,1.17718,400,8,0,1,1,0.0002803309604308105,0.00026334120525307126
2025-12-23 17:30:00,1.17721,1.17744,1.17687,1.17727,373,8,0,1,1,0.0003567575832222744,0.00033976912687824876
2025-12-23 17:45:00,1.17727,1.1773500000000001,1.17689,1.17706,351,8,0,1,1,0.00017841061628128004,0.00016141912901628842
2025-12-23 18:00:00,1.17706,1.17731,1.17693,1.17724,342,8,0,1,1,0.0003312833406952809,0.0003142944514287498
2025-12-23 18:15:00,1.17722,1.17771,1.17714,1.17751,342,8,0,1,1,0.0002038199250961928,0.0005435198002564513
2025-12-23 18:30:00,1.17751,1.17774,1.17747,1.17767,267,8,0,1,1,6.793074460594225e-05,0.0006793074460586683
2025-12-23 18:45:00,1.17768,1.17826,1.17768,1.17825,350,8,0,1,1,0.0003055378739655556,0.001171228516868183
2025-12-23 19:00:00,1.17827,1.17878,1.17816,1.17877,369,8,0,1,1,5.938393410081228e-05,0.0016118496398788674
2025-12-23 19:15:00,1.17877,1.17888,1.17851,1.17852,352,8,0,1,1,7.63669687403892e-05,0.0014000610935749323
2025-12-23 19:30:00,1.17852,1.17881,1.17851,1.17865,254,8,0,1,1,3.3937131463996946e-05,0.0015102023501462629
2025-12-23 19:45:00,1.17865,1.1791,1.17859,1.17896,298,8,0,1,1,7.633846780206579e-05,0.0017727488634049716
2025-12-23 20:00:00,1.17895,1.17899,1.17866,1.17899,314,8,0,1,1,0.000101782033774585,0.0017981492633524455
2025-12-23 20:15:00,1.179,1.17926,1.17898,1.17905,278,8,0,1,1,0.00015266528137046517,0.0018489461854881886
2025-12-23 20:30:00,1.17905,1.17933,1.17902,1.17919,219,8,0,1,1,0.0002713727219531,0.0019674522341606338
2025-12-23 20:45:00,1.17919,1.17921,1.17881,1.1789100000000001,252,8,0,1,1,3.3929646877234056e-05,0.0017304119907372417
2025-12-23 21:00:00,1.17892,1.17911,1.17884,1.17895,183,8,0,1,1,6.785699139052375e-05,0.0017642817761566309
2025-12-23 21:15:00,1.17895,1.17906,1.1788,1.17904,134,8,0,1,1,0.00014418509974216607,0.0018404803908264394
2025-12-23 21:30:00,1.17903,1.17962,1.17902,1.1796,182,8,0,1,0,1.695489996601304e-05,0.002314343845371227
2025-12-23 21:45:00,1.1796,1.17967,1.17904,1.17906,244,8,0,1,1,0.00016114531915247101,0.0018574118365476857
2025-12-23 22:00:00,1.17909,1.17925,1.17908,1.17909,147,48,0,1,1,0.0001865845694560101,0.0018828079281478843
2025-12-23 22:15:00,1.1791,1.17921,1.17908,1.17919,75,48,0,1,1,0.0002713727219531,0.0019674522341606338
2025-12-23 22:30:00,1.1791800000000001,1.17942,1.17912,1.17938,107,20,0,1,0,0.0002034967525308178,0.0021282368702199564
2025-12-23 22:45:00,1.17937,1.17937,1.17909,1.17935,87,20,0,1,0,0.00022893967015728367,0.0021028532666297673
2025-12-23 23:00:00,1.17943,1.17964,1.17929,1.17948,231,8,0,1,0,0.00011869637467342128,0.002212839556414692
2025-12-23 23:15:00,1.17948,1.1795200000000001,1.1793,1.1794,146,8,0,1,0,0.00018653552653882224,0.002145158555197491
2025-12-23 23:30:00,1.1794,1.17965,1.17931,1.17948,139,8,0,1,0,0.00011869637467342128,0.002212839556414692
2025-12-23 23:45:00,1.17948,1.17967,1.17938,1.17942,186,8,0,1,0,0.00016957487578638482,0.0021620796662765005
2025-12-24 00:00:00,1.17942,1.17984,1.17942,1.17957,339,8,0,1,0,4.238832794991689e-05,0.002288969709300783
2025-12-24 00:15:00,1.17958,1.17967,1.17912,1.1793,291,8,0,1,0,0.0002713474094800949,0.002060544390740212
2025-12-24 00:30:00,1.1793,1.17939,1.17899,1.17938,266,8,0,1,0,0.0002034967525308178,0.0021282368702199564
2025-12-24 00:45:00,1.17938,1.17987,1.17924,1.17986,356,8,0,1,0,0.00020341396436866915,0.002534198972759333
2025-12-24 01:00:00,1.17984,1.1799,1.17963,1.17971,345,8,0,1,0,7.628993566227761e-05,0.0024073713031168282
2025-12-24 01:15:00,1.17971,1.18035,1.17971,1.18017,388,8,0,1,0,0.0004660345543439085,0.0027962073260630748
2025-12-24 01:30:00,1.18015,1.18057,1.18012,1.1804999999999999,448,8,0,1,0,0.0007454468445573842,0.0030749682337990686
2025-12-24 01:45:00,1.18048,1.1806,1.18039,1.18048,300,8,0,1,0,0.0007285172133370179,0.00305807806993756
2025-12-24 02:00:00,1.18048,1.18076,1.18048,1.1807,302,8,0,1,0,0.0009147116117559006,0.0032438384009485896
2025-12-24 02:15:00,1.1807,1.1807,1.1802,1.18022,299,8,0,1,0,0.000508379793597936,0.0028384538475877074
2025-12-24 02:30:00,1.18022,1.18024,1.17997,1.1801,240,8,0,1,0,0.0004067451910855317,0.0027370561816793867
2025-12-24 02:45:00,1.1801,1.18022,1.1798,1.17981,195,8,0,1,0,0.0001610428797858422,0.0024919266661580616
2025-12-24 03:00:00,1.1798,1.17983,1.17903,1.17921,421,8,0,1,1,0.0002883286267925195,0.0019843793726308364
2025-12-24 03:15:00,1.17921,1.17931,1.17896,1.17901,312,8,0,1,1,0.00011874369174121251,0.0018150821451894462
2025-12-24 03:30:00,1.17901,1.17922,1.17875,1.17882,267,8,0,1,1,1.6966118661145064e-05,0.0016541965694507187
2025-12-24 03:45:00,1.17882,1.17884,1.1786699999999999,1.17872,184,8,0,1,1,9.332156915981277e-05,0.0015694991176869039
2025-12-24 04:00:00,1.17872,1.17886,1.17856,1.17863,215,8,0,1,1,1.696885366920155e-05,0.00149325912287994
2025-12-24 04:15:00,1.17863,1.17893,1.17863,1.17893,224,8,0,1,1,5.0893606914701454e-05,0.0017473471707395271
2025-12-24 04:30:00,1.17892,1.17917,1.17886,1.17915,241,8,0,1,1,0.00023745918670214642,0.0019335962345756162
2025-12-24 04:45:00,1.17914,1.17931,1.17905,1.17909,251,8,0,1,1,0.0001865845694560101,0.0018828079281478843
2025-12-24 05:00:00,1.17908,1.17927,1.17902,1.17921,224,8,0,1,1,0.0002883286267925195,0.0019843793726308364
2025-12-24 05:15:00,1.17921,1.1794,1.17917,1.1794,158,8,0,1,0,0.00018653552653882224,0.002145158555197491
2025-12-24 05:30:00,1.17943,1.17982,1.17934,1.17981,208,8,0,1,0,0.0001610428797858422,0.0024919266661580616
2025-12-24 05:45:00,1.17981,1.1801599999999999,1.17973,1.17986,307,8,0,1,0,0.00020341396436866915,0.002534198972759333
2025-12-24 06:00:00,1.17986,1.18023,1.17984,1.1801,370,8,0,1,0,0.0004067451910855317,0.0027370561816793867
2025-12-24 06:15:00,1.18009,1.18019,1.17972,1.17988,332,8,0,1,0,0.00022036139268412805,0.0025511068922262916
2025-12-24 06:30:00,1.17988,1.18036,1.17978,1.18019,310,8,0,1,0,0.00048297308060581893,0.0028131063642294796
2025-12-24 06:45:00,1.1802,1.18026,1.17985,1.17996,370,8,0,1,0,0.0002881453608596961,0.0026187328384011453
2025-12-24 07:00:00,1.17996,1.1801599999999999,1.17946,1.17956,536,8,0,1,0,5.086642476851452e-05,0.002280511377123554
2025-12-24 07:15:00,1.1795499999999999,1.17956,1.17917,1.17927,452,8,0,1,0,0.0002967937792022611,0.0020351573431020525
2025-12-24 07:30:00,1.17926,1.17933,1.17879,1.17883,412,8,0,1,1,8.482987368887381e-06,0.001662665524291002
2025-12-24 07:45:00,1.17883,1.17923,1.17861,1.17888,553,8,0,1,1,8.482627578586003e-06,0.0017050081433223445
2025-12-24 08:00:00,1.1789100000000001,1.17915,1.1782,1.17828,752,8,0,1,1,0.00028006925348808553,0.001196659537631048
2025-12-24 08:15:00,1.17825,1.17868,1.17794,1.17841,583,8,0,1,1,0.0001697202162235368,0.0013068456649212709
2025-12-24 08:30:00,1.17842,1.1791800000000001,1.17842,1.179,643,8,0,1,1,0.00011026293469038463,0.0018066157760813955
2025-12-24 08:45:00,1.17902,1.1799,1.17897,1.17988,502,8,0,1,0,0.00022036139268412805,0.0025511068922262916
2025-12-24 09:00:00,1.17991,1.18,1.17965,1.17983,430,8,0,1,0,0.0001779917445734076,0.0025088360187483384
2025-12-24 09:15:00,1.17982,1.18004,1.1795200000000001,1.17957,397,8,0,1,0,4.238832794991689e-05,0.002288969709300783
2025-12-24 09:30:00,1.17957,1.17978,1.1794,1.1795,339,8,0,1,0,0.00010173802458660277,0.0022297583721915303
2025-12-24 09:45:00,1.1795,1.18006,1.17942,1.17991,364,8,0,1,0,0.00024578145790791117,0.0025764676966886727
2025-12-24 10:00:00,1.17992,1.17996,1.1795200000000001,1.17966,422,8,0,1,0,3.3908075208144726e-05,0.0023650882457656006
2025-12-24 10:15:00,1.17965,1.17994,1.17948,1.17983,303,8,0,1,0,0.0001779917445734076,0.0025088360187483384
2025-12-24 10:30:00,1.17983,1.1798899999999999,1.17951,1.17963,327,8,0,1,0,8.477234387109104e-06,0.0023397166908266775
2025-12-24 10:45:00,1.17961,1.17982,1.17902,1.17959,562,8,0,1,0,2.543256555241609e-05,0.0023058859434208785
2025-12-24 11:00:00,1.17961,1.17985,1.17942,1.17958,438,8,0,1,0,3.391037487903996e-05,0.0022974278980654045
2025-12-24 11:15:00,1.17958,1.17968,1.17934,1.17943,377,8,0,1,0,0.0001610947661157614,0.0021705400066132758
2025-12-24 11:30:00,1.17943,1.17943,1.17907,1.1792,445,8,0,1,1,0.0002798507462686071,0.0019759158751695583
2025-12-24 11:45:00,1.17919,1.17933,1.17908,1.17924,330,8,0,1,0,0.0003137614056510816,0.0020097690037651226
2025-12-24 12:00:00,1.17925,1.1792799999999999,1.17893,1.1792,372,8,0,1,1,0.0002798507462686071,0.0019759158751695583
2025-12-24 12:15:00,1.17922,1.17922,1.17886,1.17889,299,8,0,1,1,1.6965111248639804e-05,0.0017134762361203427
2025-12-24 12:30:00,1.17889,1.17929,1.17845,1.17877,447,8,0,1,1,5.938393410081228e-05,0.0016118496398788674
2025-12-24 12:45:00,1.17877,1.1789399999999999,1.17837,1.1784,436,8,0,1,1,0.00017820773930757257,0.001298370672097598
2025-12-24 13:00:00,1.17841,1.17897,1.17838,1.17889,653,8,0,1,1,1.6965111248639804e-05,0.0017134762361203427
2025-12-24 13:15:00,1.17889,1.17898,1.17846,1.17866,497,8,0,1,1,4.2421054417818124e-05,0.0015186737481546486
2025-12-24 13:30:00,1.17871,1.17905,1.17836,1.17875,707,8,0,1,1,7.635206786862823e-05,0.0015949098621419993
2025-12-24 13:45:00,1.17875,1.1789100000000001,1.1785,1.17852,501,8,0,1,1,7.63669687403892e-05,0.0014000610935749323
2025-12-24 14:00:00,1.1785,1.17859,1.17826,1.17852,517,8,0,1,1,7.63669687403892e-05,0.0014000610935749323
2025-12-24 14:15:00,1.17852,1.1786699999999999,1.17819,1.1783299999999999,404,8,0,1,1,0.00023762443458119373,0.001239041694601508
2025-12-24 14:30:00,1.17835,1.1784,1.17801,1.17825,660,8,0,1,1,0.0003055378739655556,0.001171228516868183
2025-12-24 14:45:00,1.17825,1.17842,1.17769,1.17803,764,8,0,1,1,0.0002376849486004906,0.0009846947870596062
2025-12-24 15:00:00,1.17801,1.17811,1.1777,1.17785,710,8,0,1,1,8.49004542174207e-05,0.0008320244513307984
2025-12-24 15:15:00,1.17786,1.17822,1.17765,1.17788,541,8,0,1,1,0.00011036777940024746,0.0008574727476482794
2025-12-24 15:30:00,1.17787,1.17807,1.17764,1.1779600000000001,486,8,0,1,1,0.00017827430473024846,0.00092532853407589
2025-12-24 15:45:00,1.17795,1.1781,1.1775,1.17779,623,8,0,1,1,3.396191171585594e-05,0.00078112396946808
2025-12-24 16:00:00,1.17778,1.1780599999999999,1.17758,1.17767,534,8,0,1,1,6.793074460594225e-05,0.0006793074460586683
2025-12-24 16:15:00,1.17768,1.17776,1.17726,1.17743,464,8,0,1,1,0.00027177836474363484,0.00047561213830112526
2025-12-24 16:30:00,1.17743,1.17798,1.17741,1.17789,461,8,0,1,1,0.00011885659951271255,0.0008659552250210298
2025-12-24 16:45:00,1.17787,1.17798,1.17764,1.1779,409,8,0,1,1,0.00012734527549017105,0.0008744375583664695
2025-12-24 17:00:00,1.17789,1.17828,1.17777,1.17785,385,8,0,1,1,8.49004542174207e-05,0.0008320244513307984
2025-12-24 17:15:00,1.17784,1.17811,1.1777,1.17809,265,8,0,1,1,0.0002886027383306937,0.0010355745316571728
2025-12-24 17:30:00,1.17811,1.17821,1.17803,1.17808,295,8,0,1,1,0.00028011680021725304,0.0010270949341300534
2025-12-24 17:45:00,1.1781,1.17811,1.17723,1.17763,354,8,0,1,1,0.0001018995779660165,0.000645363993784017
2025-12-24 18:00:00,1.17755,1.1776,1.17709,1.17744,258,20,0,1,1,0.000263283054762903,0.0004841011006929945
2025-12-24 18:15:00,1.17743,1.17759,1.17733,1.17751,160,24,0,1,1,0.0002038199250961928,0.0005435198002564513
2025-12-24 18:30:00,1.17751,1.17771,1.17729,1.1776200000000001,204,24,0,1,1,0.00011039214687247453,0.0006368777704183254
2025-12-24 18:45:00,1.17764,1.17765,1.17749,1.17759,73,60,0,1,1,0.00013587071901099705,0.0006114182355487325
2025-12-24 19:00:00,1.17759,1.17771,1.17754,1.17765,80,60,0,1,1,8.491487283996856e-05,0.0006623360081518303
2025-12-24 19:15:00,1.17767,1.17793,1.1776200000000001,1.17776,127,60,0,1,1,8.490694199024816e-06,0.0007556717837248977
2025-12-24 19:30:00,1.17776,1.17781,1.17751,1.17754,99,60,0,1,1,0.0001783378908572477,0.0005689827946396287
2025-12-24 19:45:00,1.17754,1.17778,1.17752,1.17765,66,100,0,1,1,8.491487283996856e-05,0.0006623360081518303
2025-12-24 20:00:00,1.17765,1.17769,1.17742,1.17744,74,100,0,1,1,0.000263283054762903,0.0004841011006929945
2025-12-24 20:15:00,1.17744,1.17761,1.17744,1.17761,61,80,0,1,1,0.00011888486001310195,0.0006283914029262344
2025-12-24 20:30:00,1.17759,1.17768,1.17759,1.17763,83,80,0,1,1,0.0001018995779660165,0.000645363993784017
2025-12-24 20:45:00,1.17763,1.17774,1.17755,1.17756,138,80,0,1,1,0.00016135058935437218,0.0005859574034442894
2025-12-24 21:00:00,1.17757,1.17763,1.17737,1.17741,163,80,0,1,1,0.0002887694176200363,0.0004586337809259178
2025-12-24 21:15:00,1.17741,1.17748,1.1773500000000001,1.17746,165,80,0,1,1,0.0002462928676983706,0.0005010785929032565
2025-12-24 21:30:00,1.1774499999999999,1.1774499999999999,1.17737,1.17738,141,80,0,1,1,0.00031425707927770254,0.0004331651633287557
2025-12-24 21:45:00,1.17738,1.17754,1.17736,1.17748,161,80,0,1,1,0.00022930325780479708,0.0005180555083738147
2025-12-25 22:00:00,1.17781,1.17801,1.17769,1.17801,185,48,0,1,1,0.00022071119939552885,0.0009677337204267526
2025-12-25 22:15:00,1.17801,1.17812,1.17757,1.17798,137,48,0,1,1,0.00019524949489800546,0.0009422910405948694
2025-12-25 22:30:00,1.17799,1.17822,1.17799,1.17818,73,20,0,1,1,0.00036496969902725425,0.0011118844319203537
2025-12-25 22:45:00,1.17818,1.17821,1.17784,1.17807,105,20,0,1,1,0.0002716307180387209,0.0010186151926454862
2025-12-25 23:00:00,1.17809,1.17847,1.17793,1.17814,440,8,0,1,1,0.0003310302680495446,0.0010779703600589763
2025-12-25 23:15:00,1.17813,1.17822,1.17799,1.17808,573,8,0,1,1,0.00028011680021725304,0.0010270949341300534
2025-12-25 23:30:00,1.17807,1.17829,1.17773,1.17818,613,8,0,1,1,0.00036496969902725425,0.0011118844319203537
2025-12-25 23:45:00,1.17816,1.17839,1.1781,1.17832,573,8,0,1,1,0.00024611311019069647,0.0012305655509538592
2025-12-26 00:00:00,1.1783299999999999,1.17835,1.17764,1.17795,819,8,0,1,1,0.0001697864934844246,0.0009168470648159683
2025-12-26 00:15:00,1.17795,1.17904,1.17788,1.179,505,8,0,1,1,0.00011026293469038463,0.0018066157760813955
2025-12-26 00:30:00,1.179,1.17911,1.17881,1.17899,378,8,0,1,1,0.000101782033774585,0.0017981492633524455
2025-12-26 00:45:00,1.17899,1.1791800000000001,1.17849,1.1785700000000001,627,8,0,1,1,3.393943507794866e-05,0.0014424259908194122
2025-12-26 01:00:00,1.1785700000000001,1.1789399999999999,1.17825,1.17826,596,8,0,1,1,0.00029704818970333405,0.0011797056676794615
2025-12-26 01:15:00,1.17826,1.17886,1.17826,1.17871,419,8,0,1,1,8.483850989640284e-05,0.00156102858209385
2025-12-26 01:30:00,1.17871,1.17912,1.1786,1.17862,415,8,0,1,1,8.484498820710247e-06,0.0014847872936144969
2025-12-26 01:45:00,1.17863,1.17877,1.17855,1.17869,348,8,0,1,1,6.787195954837999e-05,0.0015440870797240435
2025-12-26 02:00:00,1.1786699999999999,1.17886,1.17859,1.17868,277,8,0,1,1,5.9388468456251486e-05,0.0015356161129397863
2025-12-26 02:15:00,1.17868,1.17873,1.1783299999999999,1.17853,253,8,0,1,1,6.788117400478388e-05,0.0014085343606017621
2025-12-26 02:30:00,1.17851,1.17924,1.17851,1.1791800000000001,351,8,0,1,1,0.0002628945538425282,0.0019589884496005986
2025-12-26 02:45:00,1.1791800000000001,1.17931,1.17911,1.17917,222,8,0,1,1,0.000254416241932857,0.001950524521485425
2025-12-26 03:00:00,1.17917,1.17923,1.1789399999999999,1.17921,298,8,0,1,1,0.0002883286267925195,0.0019843793726308364
2025-12-26 03:15:00,1.1792,1.17924,1.17843,1.17863,319,8,0,1,1,1.696885366920155e-05,0.00149325912287994
2025-12-26 03:30:00,1.17863,1.17877,1.1784,1.17871,309,8,0,1,1,8.483850989640284e-05,0.00156102858209385
2025-12-26 03:45:00,1.17871,1.17879,1.17831,1.17839,345,8,0,1,1,0.00018669540644429005,0.0012898955354339104
2025-12-26 04:00:00,1.17839,1.1785,1.17816,1.17818,288,8,0,1,1,0.00036496969902725425,0.0011118844319203537
2025-12-26 04:15:00,1.17818,1.17837,1.17797,1.17828,243,8,0,1,1,0.00028006925348808553,0.001196659537631048
2025-12-26 04:30:00,1.17828,1.1786699999999999,1.17819,1.17841,277,8,0,1,1,0.0001697202162235368,0.0013068456649212709
2025-12-26 04:45:00,1.17841,1.17849,1.17821,1.17829,208,8,0,1,1,0.0002715800015275322,0.0012051362567788717
2025-12-26 05:00:00,1.1783,1.17836,1.17809,1.17812,249,8,0,1,1,0.00031405968831696386,0.0010610124605303138
2025-12-26 05:15:00,1.17812,1.1782,1.17798,1.17815,235,8,0,1,1,0.0003395153418494724,0.0010864490939183871
2025-12-26 05:30:00,1.17817,1.17852,1.1780599999999999,1.17831,310,8,0,1,1,0.00025460192988260047,0.00122208926343652
2025-12-26 05:45:00,1.17829,1.17869,1.17826,1.17855,293,8,0,1,1,5.091001654571209e-05,0.001425480463281069
2025-12-26 06:00:00,1.17856,1.17877,1.17826,1.17854,398,8,0,1,1,5.939552327457235e-05,0.0014170074838357955
2025-12-26 06:15:00,1.17854,1.17861,1.17805,1.17821,418,8,0,1,1,0.0003394980521298885,0.0011373184746351643
2025-12-26 06:30:00,1.17822,1.17848,1.17712,1.17739,555,8,0,1,1,0.0003057610477413075,0.00044165484673715076
2025-12-26 06:45:00,1.17739,1.17776,1.17724,1.1776200000000001,451,8,0,1,1,0.00011039214687247453,0.0006368777704183254
2025-12-26 07:00:00,1.17764,1.17776,1.17727,1.17754,437,8,0,1,1,0.0001783378908572477,0.0005689827946396287
2025-12-26 07:15:00,1.17753,1.17758,1.17714,1.17736,434,8,0,1,1,0.00033124957532115285,0.00041618536386481573
2025-12-26 07:30:00,1.17734,1.17764,1.17707,1.17714,544,8,0,1,1,0.00024635982126180696,0.00022936948876088863
2025-12-26 07:45:00,1.17712,1.17738,1.17696,1.17726,665,8,0,1,1,0.0003482663133037914,0.00033127771265471556
2025-12-26 08:00:00,1.17726,1.17734,1.17662,1.17675,590,8,0,1,1,8.497981729338346e-05,6.798385383478224e-05
2025-12-26 08:15:00,1.1767400000000001,1.17756,1.17663,1.17738,462,8,0,1,1,0.00031425707927770254,0.0004331651633287557
2025-12-26 08:30:00,1.17739,1.17757,1.17697,1.1770100000000001,396,8,0,1,1,0.00013593767257725933,0.00011894546350500759
2025-12-26 08:45:00,1.1770100000000001,1.17771,1.1770100000000001,1.17768,410,8,0,1,1,5.943889681408744e-05,0.0006877929488485644
2025-12-26 09:00:00,1.17766,1.17775,1.17724,1.17726,495,8,0,1,1,0.0003482663133037914,0.00033127771265471556
2025-12-26 09:15:00,1.17726,1.17727,1.17686,1.17706,405,8,0,1,1,0.00017841061628128004,0.00016141912901628842
2025-12-26 09:30:00,1.17708,1.17716,1.1768,1.1769,340,8,0,1,1,4.2484493160086256e-05,2.5490695895976286e-05
2025-12-26 09:45:00,1.1769,1.17729,1.17685,1.177,297,8,0,1,1,0.00012744265080721708,0.00011045029736615418
2025-12-26 10:00:00,1.17698,1.17751,1.17688,1.17749,341,8,0,1,1,0.00022080866928818845,0.0005265437498406296
2025-12-26 10:15:00,1.17747,1.17792,1.17743,1.17751,382,8,0,1,1,0.0002038199250961928,0.0005435198002564513
2025-12-26 10:30:00,1.17752,1.17778,1.17749,1.17764,400,8,0,1,1,9.340715328967638e-05,0.0006538500730273576
2025-12-26 10:45:00,1.17765,1.17771,1.17728,1.17728,373,8,0,1,1,0.00036524870888841437,0.0003482603968469875
2025-12-26 11:00:00,1.17728,1.17766,1.17728,1.1776,418,8,0,1,1,0.0001273777173913846,0.0006199048913042607
2025-12-26 11:15:00,1.1776,1.17819,1.17753,1.17773,390,8,0,1,1,1.6981820960772865e-05,0.0007302183013083312
2025-12-26 11:30:00,1.17776,1.17802,1.17768,1.17788,324,8,0,1,1,0.00011036777940024746,0.0008574727476482794
2025-12-26 11:45:00,1.17788,1.17798,1.1775,1.1777,359,8,0,1,1,4.245563386270316e-05,0.0007047635221192887
2025-12-26 12:00:00,1.1777,1.17773,1.17746,1.17761,333,8,0,1,1,0.00011888486001310195,0.0006283914029262344
2025-12-26 12:15:00,1.1776,1.17773,1.1773500000000001,1.1774,314,8,0,1,1,0.00029726516052324824,0.0004501443859350428
2025-12-26 12:30:00,1.17738,1.17775,1.17724,1.17763,360,8,0,1,1,0.0001018995779660165,0.000645363993784017
2025-12-26 12:45:00,1.17763,1.17821,1.17751,1.17811,444,8,0,1,1,0.0003055741823767865,0.0010525332948535433
2025-12-26 13:00:00,1.17814,1.17936,1.17814,1.17916,758,8,0,1,1,0.0002459377862206159,0.0019420604498116484
2025-12-26 13:15:00,1.1791800000000001,1.17938,1.17868,1.17908,581,8,0,1,1,0.0001781049631914895,0.0018743427078737858
2025-12-26 13:30:00,1.1791,1.17954,1.17909,1.17943,557,8,0,1,0,0.0001610947661157614,0.0021705400066132758
2025-12-26 13:45:00,1.17942,1.17962,1.17898,1.17911,611,8,0,1,1,0.0002035433504931838,0.0018997379379362567
2025-12-26 14:00:00,1.17913,1.1794,1.17902,1.1791,533,8,0,1,1,0.00019506403188868836,0.0018912730048341567
2025-12-26 14:15:00,1.1791,1.17921,1.17885,1.17887,490,8,0,1,1,0.0,0.0016965399068599606
2025-12-26 14:30:00,1.17885,1.17899,1.17848,1.17854,681,8,0,1,1,5.939552327457235e-05,0.0014170074838357955
2025-12-26 14:45:00,1.17853,1.17865,1.17808,1.17835,665,8,0,1,1,0.00022064751559377685,0.0012559935503033274
2025-12-26 15:00:00,1.17835,1.17908,1.17824,1.1789100000000001,575,8,0,1,1,3.3929646877234056e-05,0.0017304119907372417
2025-12-26 15:15:00,1.1789100000000001,1.17922,1.17872,1.17908,490,8,0,1,1,0.0001781049631914895,0.0018743427078737858
2025-12-26 15:30:00,1.1791,1.17921,1.17836,1.17853,437,8,0,1,1,6.788117400478388e-05,0.0014085343606017621
2025-12-26 15:45:00,1.17853,1.17853,1.1771099999999999,1.17769,910,8,0,1,1,5.0947193234357963e-05,0.0006962783075340887
2025-12-26 16:00:00,1.17769,1.17794,1.17704,1.1772,732,8,0,1,1,0.00029731566428820293,0.0002803261977573407
2025-12-26 16:15:00,1.17719,1.17725,1.17629,1.17636,669,8,0,1,1,8.500799075112123e-05,0.00022102077595287747
2025-12-26 16:30:00,1.17638,1.17649,1.17616,1.17632,538,8,0,1,1,5.950761697498512e-05,0.0002550326441784267
2025-12-26 16:45:00,1.17634,1.17664,1.17618,1.17648,525,8,0,1,1,1.6999864001010623e-05,0.00011899904800764058
2025-12-26 17:00:00,1.1764999999999999,1.17692,1.17634,1.17654,521,8,0,1,1,6.799598823657332e-05,6.799598823676204e-05
2025-12-26 17:15:00,1.17653,1.17678,1.17631,1.1764000000000001,582,8,0,1,1,5.100306018356764e-05,0.00018701122067314428
2025-12-26 17:30:00,1.17638,1.17682,1.17609,1.17681,444,8,0,1,1,3.3990193829114304e-05,1.6995096914651494e-05
2025-12-26 17:45:00,1.17682,1.177,1.17661,1.17696,437,8,0,1,1,9.346112017405391e-05,7.646818923321394e-05
2025-12-26 18:00:00,1.17698,1.17714,1.17686,1.17689,401,8,0,1,1,3.398788331963055e-05,1.699394165972094e-05
2025-12-26 18:15:00,1.17691,1.17734,1.1769,1.17719,381,8,0,1,1,0.00028882338450038396,0.0002718337736473092
2025-12-26 18:30:00,1.17718,1.17734,1.17708,1.17723,379,8,0,1,1,0.0003227916379977124,0.00030580260441877624
2025-12-26 18:45:00,1.17723,1.17729,1.1771,1.17714,302,8,0,1,1,0.00024635982126180696,0.00022936948876088863
2025-12-26 19:00:00,1.17713,1.17736,1.17686,1.17694,377,8,0,1,1,7.64694886741427e-05,5.9476268968693805e-05
2025-12-26 19:15:00,1.17694,1.17743,1.17689,1.17729,311,8,0,1,1,0.00037373969030569866,0.0003567515225644191
2025-12-26 19:30:00,1.17729,1.17749,1.17721,1.17748,248,8,0,1,1,0.00022930325780479708,0.0005180555083738147
2025-12-26 19:45:00,1.17747,1.17761,1.17732,1.17761,278,8,0,1,1,0.00011888486001310195,0.0006283914029262344
2025-12-26 20:00:00,1.17763,1.17787,1.17756,1.1776,280,8,0,1,1,0.0001273777173913846,0.0006199048913042607
2025-12-26 20:15:00,1.1776,1.1777,1.17748,1.17769,236,8,0,1,1,5.0947193234357963e-05,0.0006962783075340887
2025-12-26 20:30:00,1.17769,1.17812,1.17769,1.17789,252,8,0,1,1,0.00011885659951271255,0.0008659552250210298
2025-12-26 20:45:00,1.17789,1.17801,1.17721,1.17747,483,8,0,1,1,0.0002377979906070286,0.0005095671227291854
2025-12-26 21:00:00,1.17748,1.17763,1.17719,1.17732,250,8,0,1,1,0.00036523629939196864,0.0003822240342471371
2025-12-26 21:15:00,1.17732,1.1774,1.17712,1.17728,227,8,0,1,1,0.00036524870888841437,0.0003482603968469875
2025-12-26 21:30:00,1.17727,1.17729,1.17655,1.17687,314,8,0,1,1,1.699423045887058e-05,0.0
2025-12-26 21:45:00,1.17687,1.17713,1.1767400000000001,1.1771099999999999,418,8,0,1,1,0.0002208799517461639,0.00020388918622711214
2025-12-28 22:00:00,1.17723,1.17746,1.17676,1.1774499999999999,109,48,0,1,1,0.0002547878890824995,0.0004925899188923547
2025-12-28 22:15:00,1.1774499999999999,1.17747,1.17717,1.17717,150,48,0,1,1,0.0002718383920759941,0.00025484849257113835
2025-12-28 22:30:00,1.17716,1.17719,1.17692,1.17703,100,48,0,1,1,0.00015292728307695556,0.0001359353627349668
2025-12-28 22:45:00,1.17702,1.17721,1.17689,1.17703,98,20,0,1,1,0.00015292728307695556,0.0001359353627349668
2025-12-28 23:00:00,1.17706,1.17763,1.17706,1.17754,379,8,0,1,1,0.0001783378908572477,0.0005689827946396287
2025-12-28 23:15:00,1.17754,1.17774,1.17751,1.17758,240,8,0,1,1,0.00014436386487542543,0.0006029314356561663
2025-12-28 23:30:00,1.17757,1.17759,1.17729,1.1773500000000001,196,8,0,1,1,0.0003397460398351857,0.0004076952478022983
2025-12-28 23:45:00,1.1773500000000001,1.17763,1.1771099999999999,1.17724,211,8,0,1,1,0.0003312833406952809,0.0003142944514287498
2025-12-29 00:00:00,1.17725,1.17771,1.17722,1.17749,471,8,0,1,1,0.00022080866928818845,0.0005265437498406296
2025-12-29 00:15:00,1.17749,1.17787,1.17712,1.17782,406,8,0,1,1,5.9431831689064956e-05,0.0008065748586371486
2025-12-29 00:30:00,1.17781,1.17835,1.17776,1.17807,413,8,0,1,1,0.0002716307180387209,0.0010186151926454862
2025-12-29 00:45:00,1.1780599999999999,1.17817,1.1778,1.17793,391,8,0,1,1,0.0001528104386507237,0.0008998836942771123
2025-12-29 01:00:00,1.17794,1.17824,1.17783,1.17809,414,8,0,1,1,0.0002886027383306937,0.0010355745316571728
2025-12-29 01:15:00,1.17809,1.1784,1.17803,1.17816,334,8,0,1,1,0.0003480002716099863,0.0010949276838460083
2025-12-29 01:30:00,1.17816,1.17837,1.1781,1.17836,281,8,0,1,1,0.00021215927220871503,0.0012644692623646348
2025-12-29 01:45:00,1.17835,1.17861,1.1782,1.17836,270,8,0,1,1,0.00021215927220871503,0.0012644692623646348
2025-12-29 02:00:00,1.17836,1.1785,1.17815,1.17817,418,8,0,1,1,0.0003564850573345654,0.0011034061298453167
2025-12-29 02:15:00,1.17818,1.17828,1.17765,1.17776,329,8,0,1,1,8.490694199024816e-06,0.0007556717837248977
2025-12-29 02:30:00,1.17776,1.17785,1.17754,1.17765,263,8,0,1,1,8.491487283996856e-05,0.0006623360081518303
2025-12-29 02:45:00,1.17764,1.17779,1.17753,1.17753,222,8,0,1,1,0.00018683175800201184,0.0005604952740056584
2025-12-29 03:00:00,1.17752,1.17758,1.17733,1.17747,222,8,0,1,1,0.0002377979906070286,0.0005095671227291854
2025-12-29 03:15:00,1.17748,1.17756,1.17716,1.17716,175,8,0,1,1,0.0002633456794318805,0.00024635563559745615
2025-12-29 03:30:00,1.17716,1.17756,1.17709,1.1774,254,8,0,1,1,0.00029726516052324824,0.0004501443859350428
2025-12-29 03:45:00,1.1774,1.17757,1.1773,1.17732,166,8,0,1,1,0.00036523629939196864,0.0003822240342471371
2025-12-29 04:00:00,1.17732,1.17732,1.17687,1.1771099999999999,221,8,0,1,1,0.0002208799517461639,0.00020388918622711214
2025-12-29 04:15:00,1.1771099999999999,1.17716,1.17692,1.17712,167,8,0,1,1,0.0002293733858909818,0.00021238276471376025
2025-12-29 04:30:00,1.17712,1.17722,1.1767,1.17676,252,8,0,1,1,7.648118562827039e-05,5.948536659982876e-05
2025-12-29 04:45:00,1.17676,1.17676,1.17637,1.17641,284,8,0,1,1,4.250218886281613e-05,0.00017850919322348797
2025-12-29 05:00:00,1.1764000000000001,1.17641,1.17568,1.17569,392,8,0,1,1,0.00041677653122836755,1.701128698883973e-05
2025-12-29 05:15:00,1.17569,1.17572,1.17534,1.17557,298,8,0,1,1,0.00031474093418510296,4.2532558673565565e-05
2025-12-29 05:30:00,1.17557,1.17594,1.1755,1.17592,344,8,0,1,1,0.0002806313354649478,0.0002125994965644631
2025-12-29 05:45:00,1.17593,1.17595,1.17555,1.17557,234,8,0,1,1,0.00031474093418510296,4.2532558673565565e-05
2025-12-29 06:00:00,1.17559,1.17609,1.17546,1.17556,353,8,0,1,1,0.00030623702745918196,3.4026336384206645e-05
2025-12-29 06:15:00,1.17556,1.17622,1.17538,1.17621,468,8,0,1,1,3.400753266852008e-05,0.00034857720985200045
2025-12-29 06:30:00,1.1762299999999999,1.17633,1.1761,1.1763,355,8,0,1,1,4.2506163393593024e-05,0.0002720394457197127
2025-12-29 06:45:00,1.1763,1.17691,1.17615,1.17689,387,8,0,1,1,3.398788331963055e-05,1.699394165972094e-05
2025-12-29 07:00:00,1.17691,1.17721,1.17651,1.17678,665,8,0,1,1,5.9484355614485716e-05,4.2488825438999234e-05
2025-12-29 07:15:00,1.17678,1.17722,1.17662,1.17707,504,8,0,1,1,0.00018690477201874908,0.0001699134291078508
2025-12-29 07:30:00,1.17707,1.17752,1.17705,1.17752,404,8,0,1,1,0.00019532576941383122,0.0005520076092124273
2025-12-29 07:45:00,1.17752,1.17787,1.17731,1.17765,458,8,0,1,1,8.491487283996856e-05,0.0006623360081518303
2025-12-29 08:00:00,1.17763,1.17782,1.17708,1.17734,666,8,0,1,1,0.00034824264868264174,0.0003992049875142019
2025-12-29 08:15:00,1.17734,1.1778,1.17723,1.1775,502,8,0,1,1,0.00021231422505314947,0.0005350318471336802
2025-12-29 08:30:00,1.17749,1.17786,1.17734,1.17777,592,8,0,1,1,1.6981244215686406e-05,0.0007641559897092818
2025-12-29 08:45:00,1.17778,1.17883,1.17778,1.17834,658,8,0,1,1,0.0002291359030500471,0.0012475176943835058
2025-12-29 09:00:00,1.17836,1.17864,1.17715,1.17751,937,8,0,1,1,0.0002038199250961928,0.0005435198002564513
2025-12-29 09:15:00,1.17751,1.17787,1.17726,1.17779,559,8,0,1,1,3.396191171585594e-05,0.00078112396946808
2025-12-29 09:30:00,1.17778,1.17887,1.17764,1.17785,718,8,0,1,1,8.49004542174207e-05,0.0008320244513307984
2025-12-29 09:45:00,1.17785,1.17785,1.17741,1.17758,597,8,0,1,1,0.00014436386487542543,0.0006029314356561663
2025-12-29 10:00:00,1.17756,1.17788,1.1773,1.17766,639,8,0,1,1,7.642273661340754e-05,0.0006708217991609178
2025-12-29 10:15:00,1.17766,1.17799,1.17748,1.17756,558,8,0,1,1,0.00016135058935437218,0.0005859574034442894
2025-12-29 10:30:00,1.17756,1.17788,1.17739,1.17744,500,8,0,1,1,0.000263283054762903,0.0004841011006929945
2025-12-29 10:45:00,1.17744,1.17775,1.1764999999999999,1.17656,642,8,0,1,1,8.499354049091333e-05,5.099612429451025e-05
2025-12-29 11:00:00,1.17654,1.1767,1.17583,1.17584,728,8,0,1,1,0.00034868689617636875,0.00014457749353653855
2025-12-29 11:15:00,1.17584,1.17639,1.17575,1.1763,471,8,0,1,1,4.2506163393593024e-05,0.0002720394457197127
2025-12-29 11:30:00,1.1763,1.17695,1.17621,1.17695,460,8,0,1,1,8.496537660902246e-05,6.797230128710478e-05
2025-12-29 11:45:00,1.17692,1.17708,1.17648,1.17656,578,8,0,1,1,8.499354049091333e-05,5.099612429451025e-05
2025-12-29 12:00:00,1.17654,1.17686,1.1761,1.17612,631,8,0,1,1,0.00011053293881573604,0.00038261401897770757
2025-12-29 12:15:00,1.17612,1.17624,1.17566,1.17622,593,8,0,1,1,2.5505432657134285e-05,0.00034007243542870884
2025-12-29 12:30:00,1.17622,1.17624,1.17566,1.17566,430,8,0,1,1,0.0003912695847438077,8.505860537966344e-06
2025-12-29 12:45:00,1.17565,1.1762,1.1755200000000001,1.17614,578,8,0,1,1,9.3526280884975e-05,0.000399612291053761
2025-12-29 13:00:00,1.1761300000000001,1.17665,1.17598,1.17665,653,8,0,1,1,0.0001614753750052373,2.5496111842922274e-05
2025-12-29 13:15:00,1.17667,1.17677,1.176,1.1762,565,8,0,1,1,4.2509777248856926e-05,0.0003570821288897186
2025-12-29 13:30:00,1.17622,1.17692,1.1761300000000001,1.17685,603,8,0,1,1,0.0,1.699451926745888e-05
2025-12-29 13:45:00,1.17687,1.17734,1.17666,1.17692,715,8,0,1,1,5.947727967917488e-05,4.2483771199302816e-05
2025-12-29 14:00:00,1.17694,1.17725,1.17666,1.17719,675,8,0,1,1,0.00028882338450038396,0.0002718337736473092
2025-12-29 14:15:00,1.1772,1.17775,1.17705,1.17774,517,8,0,1,1,8.490838385437798e-06,0.0007387029395281865
2025-12-29 14:30:00,1.17776,1.17849,1.1777,1.1784,892,8,0,1,1,0.00017820773930757257,0.001298370672097598
2025-12-29 14:45:00,1.1784,1.17884,1.17804,1.17826,830,8,0,1,1,0.00029704818970333405,0.0011797056676794615
2025-12-29 15:00:00,1.17825,1.17859,1.1780599999999999,1.17808,831,8,0,1,1,0.00028011680021725304,0.0010270949341300534
2025-12-29 15:15:00,1.17808,1.17848,1.17771,1.17844,690,8,0,1,1,0.00014425851125216685,0.0013322697803875034
2025-12-29 15:30:00,1.17843,1.17854,1.17725,1.17802,907,8,0,1,1,0.00022919814604165672,0.0009762143257329963
2025-12-29 15:45:00,1.17802,1.1786,1.17661,1.17675,1591,8,0,1,1,8.497981729338346e-05,6.798385383478224e-05
2025-12-29 16:00:00,1.17672,1.17676,1.17617,1.17641,1067,8,0,1,1,4.250218886281613e-05,0.00017850919322348797
2025-12-29 16:15:00,1.17641,1.17654,1.17571,1.17575,720,8,0,1,1,0.0004252604720390771,6.804167552632788e-05
2025-12-29 16:30:00,1.17575,1.176,1.17523,1.176,844,8,0,1,1,0.00021258503401367645,0.0002806122448979094
2025-12-29 16:45:00,1.17599,1.17608,1.17551,1.17559,650,8,0,1,1,0.000331748313612646,5.954456910980227e-05
2025-12-29 17:00:00,1.17557,1.17567,1.17502,1.17541,625,8,0,1,1,0.00017866106294828484,5.9553687649428275e-05
2025-12-29 17:15:00,1.17541,1.17549,1.17492,1.17527,502,8,0,1,1,5.956078177781658e-05,5.956078177781658e-05
2025-12-29 17:30:00,1.17527,1.17543,1.17507,1.17525,397,8,0,1,1,4.254413954467856e-05,7.65794511807237e-05
2025-12-29 17:45:00,1.17525,1.17533,1.17492,1.17519,373,8,0,1,1,8.509262332104181e-06,4.2546311660143015e-05
2025-12-29 18:00:00,1.1751800000000001,1.1756,1.17503,1.17555,375,8,0,1,1,0.0002977329760538237,2.5519969376015047e-05
2025-12-29 18:15:00,1.17555,1.17578,1.1755,1.17573,389,8,0,1,1,0.00044227841426184244,5.1032124722469435e-05
2025-12-29 18:30:00,1.17573,1.17584,1.17554,1.1756,346,8,0,1,1,0.0003402517863218407,5.9544062606341014e-05
2025-12-29 18:45:00,1.1756,1.17587,1.17559,1.17569,273,8,0,1,1,0.00041677653122836755,1.701128698883973e-05
2025-12-29 19:00:00,1.17569,1.17591,1.17564,1.17585,283,8,0,1,1,0.00034017944465701913,0.00015308075009573413
2025-12-29 19:15:00,1.17585,1.17615,1.17575,1.17611,252,8,0,1,1,0.00011903648468257985,0.00037411466614517005
2025-12-29 19:30:00,1.17611,1.17644,1.17608,1.17638,230,8,0,1,1,6.800523640327106e-05,0.00020401570920962442
2025-12-29 19:45:00,1.17638,1.17678,1.17624,1.17668,307,8,0,1,1,0.00014447428357752617,5.099092361555307e-05
2025-12-29 20:00:00,1.17667,1.17689,1.17667,1.17683,297,8,0,1,1,1.6994808086052344e-05,0.0
2025-12-29 20:15:00,1.1768399999999999,1.17688,1.17653,1.17672,237,8,0,1,1,0.00011047657896522833,8.498198381942093e-05
2025-12-29 20:30:00,1.1767400000000001,1.17688,1.17658,1.17659,238,8,0,1,1,0.00011048878538825205,2.5497412012659033e-05
2025-12-29 20:45:00,1.17662,1.177,1.1764000000000001,1.17699,426,8,0,1,1,0.00011894748468553598,0.00010195498687320876
2025-12-29 21:00:00,1.1770100000000001,1.17733,1.17697,1.17724,214,8,0,1,1,0.0003312833406952809,0.0003142944514287498
2025-12-29 21:15:00,1.17724,1.17736,1.17718,1.17724,137,8,0,1,1,0.0003312833406952809,0.0003142944514287498
2025-12-29 21:30:00,1.17723,1.17733,1.17707,1.17732,122,8,0,1,1,0.00036523629939196864,0.0003822240342471371
2025-12-29 21:45:00,1.17731,1.1774499999999999,1.17699,1.17699,194,8,0,1,1,0.00011894748468553598,0.00010195498687320876
2025-12-29 22:00:00,1.17699,1.17723,1.17697,1.1770100000000001,104,20,0,1,1,0.00013593767257725933,0.00011894546350500759
2025-12-29 22:15:00,1.177,1.17722,1.17694,1.17697,54,20,0,1,1,0.00010195671937272828,8.496393281051257e-05
2025-12-29 22:30:00,1.17697,1.17717,1.17694,1.17699,157,20,0,1,1,0.00011894748468553598,0.00010195498687320876
2025-12-29 22:45:00,1.17698,1.17717,1.17663,1.17666,175,20,0,1,1,0.00016147400268549323,3.3994526881206125e-05
2025-12-29 23:00:00,1.17675,1.1774499999999999,1.17657,1.17734,310,8,0,1,1,0.00034824264868264174,0.0003992049875142019
2025-12-29 23:15:00,1.17734,1.17739,1.17712,1.17713,167,8,0,1,1,0.00023786667572830357,0.0002208761988904598
2025-12-29 23:30:00,1.17714,1.17721,1.1771,1.17714,112,8,0,1,1,0.00024635982126180696,0.00022936948876088863
2025-12-29 23:45:00,1.17714,1.17723,1.17709,1.17721,113,8,0,1,1,0.00030580779979794424,0.00028881847758684256
2025-12-30 00:00:00,1.17721,1.17744,1.17712,1.17732,265,8,0,1,1,0.00036523629939196864,0.0003822240342471371
2025-12-30 00:15:00,1.17731,1.17744,1.17727,1.17741,147,8,0,1,1,0.0002887694176200363,0.0004586337809259178
2025-12-30 00:30:00,1.17741,1.1774499999999999,1.1771099999999999,1.1772,223,8,0,1,1,0.00029731566428820293,0.0002803261977573407
2025-12-30 00:45:00,1.1772,1.17749,1.17712,1.17725,390,8,0,1,1,0.0003397748991292894,0.0003227861541727118
2025-12-30 01:00:00,1.17724,1.17732,1.17694,1.17712,264,8,0,1,1,0.0002293733858909818,0.00021238276471376025
2025-12-30 01:15:00,1.17712,1.17732,1.17695,1.17703,244,8,0,1,1,0.00015292728307695556,0.0001359353627349668
2025-12-30 01:30:00,1.17703,1.17726,1.17696,1.17725,232,8,0,1,1,0.0003397748991292894,0.0003227861541727118
2025-12-30 01:45:00,1.17725,1.17747,1.17725,1.17747,218,8,0,1,1,0.0002377979906070286,0.0005095671227291854
2025-12-30 02:00:00,1.17748,1.17761,1.17713,1.17728,316,8,0,1,1,0.00036524870888841437,0.0003482603968469875
2025-12-30 02:15:00,1.17727,1.17749,1.17713,1.17719,257,8,0,1,1,0.00028882338450038396,0.0002718337736473092
2025-12-30 02:30:00,1.17719,1.17742,1.17719,1.17731,201,8,0,1,1,0.0003737333412610068,0.0003737333412610068
2025-12-30 02:45:00,1.17732,1.17744,1.17727,1.17728,196,8,0,1,1,0.00036524870888841437,0.0003482603968469875
2025-12-30 03:00:00,1.17728,1.17738,1.1770100000000001,1.17713,206,8,0,1,1,0.00023786667572830357,0.0002208761988904598
2025-12-30 03:15:00,1.17713,1.1774,1.17708,1.1774,126,8,0,1,1,0.00029726516052324824,0.0004501443859350428
2025-12-30 03:30:00,1.17742,1.17754,1.17732,1.17733,197,8,0,1,1,0.00035673940186701006,0.00039071458299703987
2025-12-30 03:45:00,1.17733,1.17747,1.17722,1.17723,152,8,0,1,1,0.0003227916379977124,0.00030580260441877624
2025-12-30 04:00:00,1.17723,1.1773500000000001,1.17714,1.17729,158,8,0,1,1,0.00037373969030569866,0.0003567515225644191
2025-12-30 04:15:00,1.17729,1.17736,1.17716,1.17733,85,8,0,1,1,0.00035673940186701006,0.00039071458299703987
2025-12-30 04:30:00,1.17733,1.17767,1.17727,1.1776200000000001,157,8,0,1,1,0.00011039214687247453,0.0006368777704183254
2025-12-30 04:45:00,1.17761,1.17774,1.17749,1.17768,240,8,0,1,1,5.943889681408744e-05,0.0006877929488485644
2025-12-30 05:00:00,1.17769,1.17786,1.1776,1.17777,207,8,0,1,1,1.6981244215686406e-05,0.0007641559897092818
2025-12-30 05:15:00,1.17777,1.17777,1.17759,1.17767,195,8,0,1,1,6.793074460594225e-05,0.0006793074460586683
2025-12-30 05:30:00,1.17767,1.17769,1.17738,1.17738,226,8,0,1,1,0.00031425707927770254,0.0004331651633287557
2025-12-30 05:45:00,1.17739,1.17757,1.17724,1.17748,283,8,0,1,1,0.00022930325780479708,0.0005180555083738147
2025-12-30 06:00:00,1.17748,1.17769,1.17734,1.17768,254,8,0,1,1,5.943889681408744e-05,0.0006877929488485644
2025-12-30 06:15:00,1.17769,1.17795,1.17757,1.17758,280,8,0,1,1,0.00014436386487542543,0.0006029314356561663
2025-12-30 06:30:00,1.17758,1.17792,1.17743,1.17791,328,8,0,1,1,0.00013583380733667085,0.0008829197476886433
2025-12-30 06:45:00,1.17791,1.17792,1.1777,1.17781,258,8,0,1,1,5.0942002530076146e-05,0.0007980913729718213
2025-12-30 07:00:00,1.17781,1.17781,1.17717,1.1773500000000001,417,8,0,1,1,0.0003397460398351857,0.0004076952478022983
2025-12-30 07:15:00,1.17734,1.17744,1.17663,1.17702,445,8,0,1,1,0.00014443254999915337,0.00012744048529325964
2025-12-30 07:30:00,1.17705,1.1771099999999999,1.17659,1.1766,402,8,0,1,1,0.00011898691143976626,1.6998130205600014e-05
2025-12-30 07:45:00,1.1766,1.17706,1.1766,1.1770100000000001,399,8,0,1,1,0.00013593767257725933,0.00011894546350500759
2025-12-30 08:00:00,1.17702,1.17722,1.17656,1.17666,612,8,0,1,1,0.00016147400268549323,3.3994526881206125e-05
2025-12-30 08:15:00,1.17666,1.1773,1.17666,1.17693,511,8,0,1,1,6.797345636535734e-05,5.098009227392367e-05
2025-12-30 08:30:00,1.17691,1.17748,1.1768,1.17709,482,8,0,1,1,0.00020389265051951676,0.000186901596309447
2025-12-30 08:45:00,1.17708,1.17718,1.17666,1.17666,462,8,0,1,1,0.00016147400268549323,3.3994526881206125e-05
2025-12-30 09:00:00,1.17669,1.1772,1.17638,1.17681,514,8,0,1,1,3.3990193829114304e-05,1.6995096914651494e-05
2025-12-30 09:15:00,1.17681,1.17749,1.17681,1.17748,439,8,0,1,1,0.00022930325780479708,0.0005180555083738147
2025-12-30 09:30:00,1.17748,1.1777,1.17731,1.17753,470,8,0,1,1,0.00018683175800201184,0.0005604952740056584
2025-12-30 09:45:00,1.17753,1.17775,1.1768399999999999,1.17687,590,8,0,1,1,1.699423045887058e-05,0.0
2025-12-30 10:00:00,1.17685,1.1777,1.17685,1.17743,519,8,0,1,1,0.00027177836474363484,0.00047561213830112526
2025-12-30 10:15:00,1.17743,1.17752,1.17717,1.17721,357,8,0,1,1,0.00030580779979794424,0.00028881847758684256
2025-12-30 10:30:00,1.17722,1.17764,1.17718,1.17753,391,8,0,1,1,0.00018683175800201184,0.0005604952740056584
2025-12-30 10:45:00,1.17754,1.17757,1.1772,1.1773500000000001,311,8,0,1,1,0.0003397460398351857,0.0004076952478022983
2025-12-30 11:00:00,1.1773500000000001,1.17763,1.17703,1.17738,398,8,0,1,1,0.00031425707927770254,0.0004331651633287557
2025-12-30 11:15:00,1.17738,1.17743,1.17707,1.17715,302,8,0,1,1,0.0002548528224949811,0.00023786263432853583
2025-12-30 11:30:00,1.17717,1.17728,1.17676,1.17687,313,8,0,1,1,1.699423045887058e-05,0.0
2025-12-30 11:45:00,1.17687,1.1770100000000001,1.17658,1.17665,389,8,0,1,1,0.0001614753750052373,2.5496111842922274e-05
2025-12-30 12:00:00,1.17665,1.17665,1.1762,1.17654,405,8,0,1,1,6.799598823657332e-05,6.799598823676204e-05
2025-12-30 12:15:00,1.17654,1.17656,1.17618,1.17642,344,8,0,1,1,3.4001462062902705e-05,0.0001700073103143248
2025-12-30 12:30:00,1.17642,1.17677,1.17617,1.17617,341,8,0,1,1,6.80173784402595e-05,0.0003825977537261293
2025-12-30 12:45:00,1.17615,1.17637,1.17602,1.17614,389,8,0,1,1,9.3526280884975e-05,0.000399612291053761
2025-12-30 13:00:00,1.17615,1.17617,1.1755,1.17577,520,8,0,1,1,0.0004082431087713039,8.505064766067258e-05
2025-12-30 13:15:00,1.1757900000000001,1.17659,1.17566,1.176,796,8,0,1,1,0.00021258503401367645,0.0002806122448979094
2025-12-30 13:30:00,1.17599,1.1764000000000001,1.17569,1.1761,939,8,0,1,1,0.00012754017515525425,0.000365615168778106
2025-12-30 13:45:00,1.17611,1.1767400000000001,1.17572,1.17631,1020,8,0,1,1,5.100696245033111e-05,0.00026353597266029575
2025-12-30 14:00:00,1.17632,1.17636,1.17568,1.17574,726,8,0,1,1,0.0004337693707792628,5.953697245990992e-05
2025-12-30 14:15:00,1.17575,1.17604,1.17561,1.17597,547,8,0,1,1,0.0002381013121083514,0.0002551085486874384
2025-12-30 14:30:00,1.17595,1.17627,1.17564,1.17598,589,8,0,1,1,0.00022959574142416748,0.00026360992533889393
2025-12-30 14:45:00,1.17598,1.1764000000000001,1.17587,1.17628,757,8,0,1,1,2.5504131669308745e-05,0.0002890468255857508
2025-12-30 15:00:00,1.17629,1.17657,1.17568,1.17573,777,8,0,1,1,0.00044227841426184244,5.1032124722469435e-05
2025-12-30 15:15:00,1.17575,1.1757900000000001,1.17496,1.17507,737,8,0,1,1,0.00011063170704720866,5.9570919179295267e-05
2025-12-30 15:30:00,1.17508,1.17526,1.17449,1.17471,640,8,0,1,1,0.00012769108971565107,0.00017876752560210053
2025-12-30 15:45:00,1.17472,1.17596,1.1746,1.17593,785,8,0,1,1,0.00027212504145663263,0.0002211015961833842
2025-12-30 16:00:00,1.17592,1.17594,1.1754,1.17558,776,8,0,1,1,0.00032324469623508986,5.103863624759606e-05
2025-12-30 16:15:00,1.17556,1.17632,1.17555,1.17605,595,8,0,1,1,0.00017006079673481396,0.00032311551379622205
2025-12-30 16:30:00,1.17605,1.17642,1.17585,1.17624,553,8,0,1,1,8.50166632665571e-06,0.00032306332041084044
2025-12-30 16:45:00,1.17626,1.17661,1.1762299999999999,1.17642,458,8,0,1,1,3.4001462062902705e-05,0.0001700073103143248
2025-12-30 17:00:00,1.17644,1.17663,1.17601,1.17603,473,8,0,1,1,0.00018707005773671505,0.00030611463993258334
2025-12-30 17:15:00,1.17601,1.17615,1.17573,1.17576,363,8,0,1,1,0.00041675171803778107,7.65462339252258e-05
2025-12-30 17:30:00,1.17576,1.17581,1.17551,1.17561,271,8,0,1,1,0.0003487551143661771,5.1037333809638384e-05
2025-12-30 17:45:00,1.17561,1.17568,1.17548,1.17555,246,8,0,1,1,0.0002977329760538237,2.5519969376015047e-05
2025-12-30 18:00:00,1.17555,1.17591,1.17554,1.1757900000000001,336,8,0,1,1,0.0003912263244286011,0.0001020590411554104
2025-12-30 18:15:00,1.17581,1.17584,1.17556,1.17563,256,8,0,1,1,0.0003657613364748522,3.402431036979322e-05
2025-12-30 18:30:00,1.17561,1.17567,1.17527,1.17535,300,8,0,1,1,0.00012762155953534903,8.508103968897323e-06
2025-12-30 18:45:00,1.17536,1.17536,1.1748,1.17502,332,8,0,1,1,7.659444094562091e-05,8.510493438408622e-05
2025-12-30 19:00:00,1.17498,1.17512,1.17472,1.17507,320,8,0,1,1,0.00011063170704720866,5.9570919179295267e-05
2025-12-30 19:15:00,1.17507,1.17526,1.17499,1.17519,280,8,0,1,1,8.509262332104181e-06,4.2546311660143015e-05
2025-12-30 19:30:00,1.17519,1.17524,1.17487,1.17502,260,8,0,1,1,7.659444094562091e-05,8.510493438408622e-05
2025-12-30 19:45:00,1.17502,1.17522,1.17449,1.17465,448,8,0,1,1,7.66185672327276e-05,0.00022985570169837183
2025-12-30 20:00:00,1.17465,1.17481,1.17445,1.17471,320,8,0,1,1,0.00012769108971565107,0.00017876752560210053
2025-12-30 20:15:00,1.1747,1.17499,1.1746699999999999,1.1749,291,8,0,1,1,2.5534088007468287e-05,1.7022725338249194e-05
2025-12-30 20:30:00,1.17488,1.17498,1.1746,1.17465,236,8,0,1,1,7.66185672327276e-05,0.00022985570169837183
2025-12-30 20:45:00,1.17465,1.17474,1.17429,1.17436,330,8,0,1,1,9.366804046463988e-05,0.0004768554787287492
2025-12-30 21:00:00,1.17437,1.17481,1.17437,1.1747,215,8,0,1,1,0.00011917936494426576,0.00018728185919799687
2025-12-30 21:15:00,1.1747,1.17472,1.17445,1.1745,83,8,0,1,1,5.10855683269042e-05,0.00035759897828851843
2025-12-30 21:30:00,1.17449,1.1746699999999999,1.17445,1.17463,79,8,0,1,1,5.9593233614001425e-05,0.00024688625354358514
2025-12-30 21:45:00,1.17462,1.17477,1.17455,1.17468,177,8,0,1,1,0.00010215548064144956,0.00020431096128308815
2025-12-30 22:00:00,1.17468,1.17469,1.17447,1.17456,64,20,0,1,1,0.0,0.00030649775234974455
2025-12-30 22:15:00,1.17456,1.1747,1.17454,1.1746,114,20,0,1,1,3.405414609232079e-05,0.00027243316873818823
2025-12-30 22:30:00,1.1746,1.17476,1.17445,1.17448,135,20,0,1,1,6.811525100476807e-05,0.0003746338805258463
2025-12-30 22:45:00,1.17448,1.1746,1.17442,1.17458,77,20,0,1,1,1.7027362972218987e-05,0.0002894651705290461
2025-12-30 23:00:00,1.17461,1.17488,1.17454,1.17488,159,8,0,1,1,4.255753779118337e-05,3.40460302329089e-05
2025-12-30 23:15:00,1.17488,1.17488,1.1746699999999999,1.17472,125,8,0,1,1,0.00013620266957227082,0.00017025333696538578
2025-12-30 23:30:00,1.17472,1.17476,1.17455,1.1746,77,8,0,1,1,3.405414609232079e-05,0.00027243316873818823
2025-12-30 23:45:00,1.1746,1.1746699999999999,1.17452,1.17453,86,8,0,1,1,2.5542131746293827e-05,0.0003320477127020088
2025-12-31 00:00:00,1.17453,1.17473,1.17444,1.17468,125,8,0,1,1,0.00010215548064144956,0.00020431096128308815
2025-12-31 00:15:00,1.17468,1.17473,1.17455,1.17469,104,8,0,1,1,0.00011066749525403595,0.00019579633775715504
2025-12-31 00:30:00,1.17469,1.17469,1.17446,1.17448,135,8,0,1,1,6.811525100476807e-05,0.0003746338805258463
2025-12-31 00:45:00,1.17449,1.17476,1.17438,1.1746699999999999,262,8,0,1,1,9.364332110280543e-05,0.0002128257297794985
2025-12-31 01:00:00,1.17468,1.17477,1.1745,1.17471,273,8,0,1,1,0.00012769108971565107,0.00017876752560210053
2025-12-31 01:15:00,1.17471,1.17487,1.17458,1.17469,190,8,0,1,1,0.00011066749525403595,0.00019579633775715504
2025-12-31 01:30:00,1.17468,1.17475,1.17445,1.17449,225,8,0,1,1,5.960033716763403e-05,0.0003661163568867597
2025-12-31 01:45:00,1.17449,1.17474,1.17415,1.17422,403,8,0,1,1,0.0,0.0005961404166169226
2025-12-31 02:00:00,1.17421,1.17423,1.17386,1.17403,408,8,0,1,1,0.00016183572821830322,0.0007495549517473932
2025-12-31 02:15:00,1.17402,1.17423,1.17386,1.17405,283,8,0,1,1,0.00014479792172395,0.0007410246582342544
2025-12-31 02:30:00,1.17405,1.17423,1.17398,1.17399,214,8,0,1,1,0.00019591308273490612,0.0007155086499886488
2025-12-31 02:45:00,1.17399,1.17409,1.17395,1.1739600000000001,269,8,0,1,1,0.0001873999114110438,0.0006899724011041257
2025-12-31 03:00:00,1.1739600000000001,1.17427,1.17395,1.17414,229,8,0,1,1,6.813497538630828e-05,0.0006643160100158439
2025-12-31 03:15:00,1.17415,1.17415,1.17391,1.17413,152,8,0,1,1,7.665250014917048e-05,0.0006728386124194667
2025-12-31 03:30:00,1.17413,1.17429,1.1741,1.17418,182,8,0,1,1,3.406632713897359e-05,0.0006302270520703495
2025-12-31 03:45:00,1.17418,1.17433,1.17417,1.17424,106,8,0,1,1,8.516146614035897e-06,0.0005790979697506591
2025-12-31 04:00:00,1.17424,1.17424,1.17394,1.17395,161,8,0,1,1,0.0001788832573789714,0.0006814600281103402
2025-12-31 04:15:00,1.17395,1.174,1.17385,1.17389,134,8,0,1,1,0.00012778028605754755,0.0006303827445503283
2025-12-31 04:30:00,1.17388,1.174,1.17358,1.17366,158,8,0,1,1,6.816284102728219e-05,0.00043453811154849824
2025-12-31 04:45:00,1.17366,1.17367,1.17327,1.17341,260,8,0,1,1,0.00028123162406996823,0.00022157643108559582
2025-12-31 05:00:00,1.17342,1.17364,1.17341,1.17359,209,8,0,1,1,0.00012781295000817536,0.00037491798669040804
2025-12-31 05:15:00,1.17359,1.17374,1.17339,1.1736900000000001,175,8,0,1,1,4.260068672297069e-05,0.000460087416609332
2025-12-31 05:30:00,1.1736900000000001,1.1736900000000001,1.1734499999999999,1.17365,235,8,0,1,1,7.668384952918116e-05,0.00042602138627373317
2025-12-31 05:45:00,1.17365,1.1739,1.1735,1.1738,308,8,0,1,1,5.1116033395765025e-05,0.0005537570284546256
2025-12-31 06:00:00,1.17379,1.1738,1.17328,1.1734,294,8,0,1,1,0.0002897562638486509,0.00021305607635936893
2025-12-31 06:15:00,1.17339,1.17364,1.17327,1.1736,253,8,0,1,1,0.00011929107021134032,0.00038343558282213827
2025-12-31 06:30:00,1.17361,1.17392,1.17355,1.17391,180,8,0,1,1,0.00014481519026160735,0.0006474090858754879
2025-12-31 06:45:00,1.17391,1.17393,1.17368,1.17372,196,8,0,1,1,1.7039839143840932e-05,0.0004856354156018313
2025-12-31 07:00:00,1.1737,1.17383,1.1733,1.17338,447,8,0,1,1,0.0003068059793075695,0.00019601493122447502
2025-12-31 07:15:00,1.17338,1.17347,1.17297,1.17313,355,8,0,1,1,0.0005199764731956385,1.704840895715648e-05
2025-12-31 07:30:00,1.17313,1.1738,1.17294,1.17359,431,8,0,1,1,0.00012781295000817536,0.00037491798669040804
2025-12-31 07:45:00,1.1736,1.17372,1.1734,1.17367,324,8,0,1,1,5.964197772799381e-05,0.0004430546916936413
2025-12-31 08:00:00,1.17367,1.17395,1.17348,1.1736,507,8,0,1,1,0.00011929107021134032,0.00038343558282213827
2025-12-31 08:15:00,1.1736,1.17368,1.1727400000000001,1.17291,425,8,0,1,1,0.0004348159705346433,6.820642675043947e-05
2025-12-31 08:30:00,1.17291,1.17301,1.17246,1.1729,506,8,0,1,1,0.0004262938016880765,5.968113223634964e-05
2025-12-31 08:45:00,1.17289,1.17292,1.17198,1.17228,621,8,0,1,1,0.0001023646227864674,0.00023885078650156787
2025-12-31 09:00:00,1.17227,1.17263,1.17197,1.17256,565,8,0,1,1,0.0001364535716721856,2.5585044688522966e-05
2025-12-31 09:15:00,1.17257,1.1734,1.17253,1.17311,512,8,0,1,1,0.0005370340377286941,3.409739922071925e-05
2025-12-31 09:30:00,1.1731,1.17378,1.17303,1.17368,489,8,0,1,1,5.112125962779376e-05,0.0004515711267126827
2025-12-31 09:45:00,1.17368,1.17384,1.17341,1.1734499999999999,484,8,0,1,1,0.0002471345178747484,0.00025565639780132687
2025-12-31 10:00:00,1.17347,1.1735,1.1728399999999999,1.17291,427,8,0,1,1,0.0004348159705346433,6.820642675043947e-05
2025-12-31 10:15:00,1.17292,1.17353,1.17292,1.17348,331,8,0,1,1,0.00022156321368913567,0.0002812148481441213
2025-12-31 10:30:00,1.17348,1.17382,1.17348,1.17366,436,8,0,1,1,6.816284102728219e-05,0.00043453811154849824
2025-12-31 10:45:00,1.17366,1.17433,1.17365,1.17389,625,8,0,1,1,0.00012778028605754755,0.0006303827445503283
2025-12-31 11:00:00,1.1739,1.17413,1.1736,1.17405,519,8,0,1,1,0.00014479792172395,0.0007410246582342544
2025-12-31 11:15:00,1.17408,1.17415,1.17383,1.1740599999999999,365,8,0,1,1,0.00013627923615501766,0.000732500894332558
2025-12-31 11:30:00,1.1740599999999999,1.17459,1.17391,1.17455,411,8,0,1,1,8.513898940075359e-06,0.00031501426078070873
2025-12-31 11:45:00,1.17455,1.17474,1.17422,1.1746699999999999,467,8,0,1,1,9.364332110280543e-05,0.0002128257297794985
2025-12-31 12:00:00,1.17468,1.17507,1.17468,1.17498,527,8,0,1,1,4.2553915811233784e-05,5.1064698973556136e-05
2025-12-31 12:15:00,1.17497,1.1755200000000001,1.17497,1.17535,468,8,0,1,1,0.00012762155953534903,8.508103968897323e-06
2025-12-31 12:30:00,1.17535,1.17555,1.1751,1.17539,411,8,0,1,1,0.00016164847412340795,4.253907213765939e-05
2025-12-31 12:45:00,1.17539,1.1758899999999999,1.17517,1.17548,565,8,0,1,1,0.00023820056487567457,3.402865212512335e-05
2025-12-31 13:00:00,1.17551,1.1758899999999999,1.17492,1.17502,675,8,0,1,1,7.659444094562091e-05,8.510493438408622e-05
2025-12-31 13:15:00,1.17504,1.17574,1.17499,1.17549,512,8,0,1,1,0.00024670562914180593,2.552127198036269e-05
2025-12-31 13:30:00,1.17547,1.17547,1.17427,1.1745,793,8,0,1,1,5.10855683269042e-05,0.00035759897828851843
2025-12-31 13:45:00,1.17451,1.17473,1.17411,1.17416,789,8,0,1,1,5.110036110917505e-05,0.0006472712407166586
2025-12-31 14:00:00,1.17416,1.17423,1.17359,1.17386,766,8,0,1,1,0.0001022268413608931,0.000604842144719122
2025-12-31 14:15:00,1.17386,1.17398,1.1735,1.17356,641,8,0,1,1,0.00015337946078604334,0.00034936432734587194
2025-12-31 14:30:00,1.17358,1.17402,1.17319,1.17341,727,8,0,1,1,0.00028123162406996823,0.00022157643108559582
2025-12-31 14:45:00,1.17341,1.17344,1.1727,1.17301,766,8,0,1,1,0.0005200296672662632,0.00011935107117569921
2025-12-31 15:00:00,1.17301,1.17301,1.17201,1.17212,779,8,0,1,1,0.00023888339077915058,0.00010237859604828858
2025-12-31 15:15:00,1.17212,1.17259,1.172,1.1724999999999999,709,8,0,1,1,8.528784648167757e-05,7.675906183381281e-05
2025-12-31 15:30:00,1.1724999999999999,1.17376,1.1724999999999999,1.17354,791,8,0,1,1,0.00017042452749797875,0.00033232782862119097
2025-12-31 15:45:00,1.17355,1.1745700000000001,1.17246,1.17436,1599,8,0,1,1,9.366804046463988e-05,0.0004768554787287492
2025-12-31 16:00:00,1.17438,1.17485,1.17418,1.17453,1228,8,0,1,1,2.5542131746293827e-05,0.0003320477127020088
2025-12-31 16:15:00,1.17452,1.17471,1.17387,1.17411,701,8,0,1,1,9.368798494183211e-05,0.0006898842527531299
2025-12-31 16:30:00,1.17412,1.17414,1.17307,1.17309,621,8,0,1,1,0.0005540921838904428,5.114697082060966e-05
2025-12-31 16:45:00,1.17309,1.17346,1.17283,1.17346,576,8,0,1,1,0.00023861060453705962,0.0002641760264517176
2025-12-31 17:00:00,1.1734499999999999,1.17378,1.1731,1.17343,602,8,0,1,1,0.000264182780395961,0.00023861670487379562
2025-12-31 17:15:00,1.17344,1.17375,1.17333,1.17348,451,8,0,1,1,0.00022156321368913567,0.0002812148481441213
2025-12-31 17:30:00,1.17346,1.17363,1.17324,1.17328,412,8,0,1,1,0.00039206327560335546,0.00011080049093156409
2025-12-31 17:45:00,1.17328,1.17386,1.17316,1.17354,659,8,0,1,1,0.00017042452749797875,0.00033232782862119097
2025-12-31 18:00:00,1.1734499999999999,1.17374,1.17304,1.17339,497,20,0,1,1,0.00029828104892667615,0.0002045355764068366
2025-12-31 18:15:00,1.17339,1.1735,1.17297,1.17339,366,20,0,1,1,0.00029828104892667615,0.0002045355764068366
2025-12-31 18:30:00,1.17339,1.17377,1.17319,1.17351,323,20,0,1,1,0.00019599321693036486,0.0003067719917172738
2025-12-31 18:45:00,1.17349,1.17362,1.17325,1.17352,299,20,0,1,1,0.00018747017519949298,0.0003152907491989753
2025-12-31 19:00:00,1.17356,1.17402,1.17354,1.17398,273,20,0,1,1,0.00020443278420417552,0.0007069967120394798
2025-12-31 19:15:00,1.17398,1.17404,1.1738,1.17402,214,20,0,1,1,0.0001703548491507623,0.000741043593806024
2025-12-31 19:30:00,1.17404,1.17411,1.17367,1.17409,296,20,0,1,1,0.00011072405011537742,0.0007069304738136653
2025-12-31 19:45:00,1.17407,1.17422,1.17386,1.17399,329,20,0,1,1,0.00019591308273490612,0.0007155086499886488
2025-12-31 20:00:00,1.17398,1.17429,1.17389,1.17428,241,20,0,1,1,2.5547569574526084e-05,0.0005450148175903311
2025-12-31 20:15:00,1.17426,1.1747,1.17424,1.1746,257,20,0,1,1,3.405414609232079e-05,0.00027243316873818823
2025-12-31 20:30:00,1.17461,1.17484,1.17449,1.1747,245,20,0,1,1,0.00011917936494426576,0.00018728185919799687
2025-12-31 20:45:00,1.1747,1.17519,1.17441,1.17508,277,20,0,1,1,0.00010212070667539233,5.106035333779065e-05
2025-12-31 21:00:00,1.17512,1.17519,1.17466,1.17474,239,8,0,1,1,0.00015322539455526072,0.00015322539455544972
2025-12-31 21:15:00,1.17474,1.17482,1.1745700000000001,1.17464,154,8,0,1,1,6.810597289370188e-05,0.00023837090512842914
2025-12-31 21:30:00,1.17464,1.17474,1.17461,1.17469,78,8,0,1,1,0.00011066749525403595,0.00019579633775715504
2025-12-31 21:45:00,1.17469,1.17475,1.17448,1.17455,165,8,0,1,1,8.513898940075359e-06,0.00031501426078070873
2026-01-01 22:00:00,1.1743999999999999,1.17485,1.1743999999999999,1.1747,100,48,0,1,1,0.00011917936494426576,0.00018728185919799687
2026-01-01 22:15:00,1.1747,1.17487,1.17463,1.17465,118,20,0,1,1,7.66185672327276e-05,0.00022985570169837183
2026-01-01 22:30:00,1.17466,1.17484,1.17458,1.17477,58,20,0,1,1,0.00013619687257926058,0.00012768456804299774
2026-01-01 22:45:00,1.17478,1.1748,1.17451,1.17476,113,20,0,1,1,0.00014471040893459386,0.0001361980319383857
2026-01-01 23:00:00,1.17482,1.17492,1.17445,1.17461,295,8,0,1,1,4.256732021682386e-05,0.0002639173853449507
2026-01-01 23:15:00,1.17461,1.1749,1.17456,1.17469,154,8,0,1,1,0.00011066749525403595,0.00019579633775715504
2026-01-01 23:30:00,1.17469,1.17494,1.17461,1.17494,156,8,0,1,1,8.51107290590627e-06,1.702214581181254e-05
2026-01-01 23:45:00,1.17494,1.17504,1.17481,1.17504,166,8,0,1,1,9.361383442270433e-05,8.510348583877058e-05
2026-01-02 00:00:00,1.17504,1.1753,1.17495,1.17524,243,8,0,1,1,3.403560123892992e-05,8.508900309723034e-05
2026-01-02 00:15:00,1.17525,1.17525,1.17509,1.17514,161,8,0,1,1,5.105774631103441e-05,0.0
2026-01-02 00:30:00,1.17514,1.17526,1.17508,1.17521,196,8,0,1,1,8.509117519477805e-06,5.956382263596676e-05
2026-01-02 00:45:00,1.17521,1.17559,1.17517,1.17557,236,8,0,1,1,0.00031474093418510296,4.2532558673565565e-05
2026-01-02 01:00:00,1.17558,1.17602,1.17558,1.17563,417,8,0,1,1,0.0003657613364748522,3.402431036979322e-05
2026-01-02 01:15:00,1.17565,1.17601,1.17564,1.176,266,8,0,1,1,0.00021258503401367645,0.0002806122448979094
2026-01-02 01:30:00,1.176,1.1761300000000001,1.17577,1.17596,260,8,0,1,1,0.0002466070274500183,0.0002466070274498295
2026-01-02 01:45:00,1.17597,1.17624,1.17587,1.17603,235,8,0,1,1,0.00018707005773671505,0.00030611463993258334
2026-01-02 02:00:00,1.17604,1.17633,1.17596,1.17629,211,8,0,1,1,3.40052198012735e-05,0.000280543063360176
2026-01-02 02:15:00,1.17629,1.17631,1.17603,1.17607,205,8,0,1,1,0.00015305211424495907,0.00034011580943307454
2026-01-02 02:30:00,1.17607,1.17607,1.1757900000000001,1.176,225,8,0,1,1,0.00021258503401367645,0.0002806122448979094
2026-01-02 02:45:00,1.176,1.176,1.17577,1.17588,180,8,0,1,1,0.00031465795829504833,0.00017858965200534364
2026-01-02 03:00:00,1.17588,1.1762,1.17587,1.1761300000000001,186,8,0,1,1,0.00010202953755103428,0.00039111322727940526
2026-01-02 03:15:00,1.1761300000000001,1.1763,1.17607,1.17626,160,8,0,1,1,8.501521772452954e-06,0.0003060547838062298
2026-01-02 03:30:00,1.17626,1.17633,1.17614,1.17633,200,8,0,1,1,6.800812697124106e-05,0.0002465294602704185
2026-01-02 03:45:00,1.17633,1.17646,1.17628,1.17639,162,8,0,1,1,5.950407602922032e-05,0.0001955133926673573
2026-01-02 04:00:00,1.1764000000000001,1.17645,1.17602,1.17607,178,8,0,1,1,0.00015305211424495907,0.00034011580943307454
2026-01-02 04:15:00,1.17607,1.17612,1.17577,1.1758,246,8,0,1,1,0.000382718149345179,0.00011056302092189444
2026-01-02 04:30:00,1.1758,1.17583,1.1755,1.17556,198,8,0,1,1,0.00030623702745918196,3.4026336384206645e-05
2026-01-02 04:45:00,1.17556,1.1757,1.17548,1.17554,146,8,0,1,1,0.00028922877996495817,1.7013457644919764e-05
2026-01-02 05:00:00,1.17554,1.17557,1.17545,1.17555,144,8,0,1,1,0.0002977329760538237,2.5519969376015047e-05
2026-01-02 05:15:00,1.17555,1.17567,1.17551,1.17566,157,8,0,1,1,0.0003912695847438077,8.505860537966344e-06
2026-01-02 05:30:00,1.17565,1.17576,1.17551,1.17558,160,8,0,1,1,0.00032324469623508986,5.103863624759606e-05
2026-01-02 05:45:00,1.17558,1.17563,1.17506,1.17509,249,8,0,1,1,9.360985116038304e-05,4.2549932345697366e-05
2026-01-02 06:00:00,1.17509,1.17511,1.17468,1.17469,237,8,0,1,1,0.00011066749525403595,0.00019579633775715504
2026-01-02 06:15:00,1.1747,1.1747,1.1743000000000001,1.17435,366,8,0,1,1,8.515348916420913e-05,0.0004853748882360109
2026-01-02 06:30:00,1.17434,1.1743999999999999,1.17413,1.17428,236,8,0,1,1,2.5547569574526084e-05,0.0005450148175903311
2026-01-02 06:45:00,1.17428,1.17452,1.17418,1.17436,261,8,0,1,1,9.366804046463988e-05,0.0004768554787287492
2026-01-02 07:00:00,1.17434,1.1745700000000001,1.17417,1.17448,404,8,0,1,1,6.811525100476807e-05,0.0003746338805258463
2026-01-02 07:15:00,1.17448,1.17468,1.17411,1.17411,366,8,0,1,1,9.368798494183211e-05,0.0006898842527531299
2026-01-02 07:30:00,1.17411,1.17412,1.17319,1.17353,571,8,0,1,1,0.00017894727872320561,0.00032380936149910695
2026-01-02 07:45:00,1.17353,1.17389,1.17319,1.1734499999999999,556,8,0,1,1,0.0002471345178747484,0.00025565639780132687
2026-01-02 08:00:00,1.1734499999999999,1.17379,1.17301,1.1734499999999999,912,8,0,1,1,0.0002471345178747484,0.00025565639780132687
2026-01-02 08:15:00,1.1734499999999999,1.1734499999999999,1.17237,1.17259,766,8,0,1,1,0.0001620344707015346,0.0
2026-01-02 08:30:00,1.17259,1.17301,1.17241,1.17279,708,8,0,1,1,0.0003325403524926802,3.4106702819805766e-05
2026-01-02 08:45:00,1.17277,1.17305,1.17254,1.17285,645,8,0,1,1,0.0003836807775929057,1.7052479004057622e-05
2026-01-02 09:00:00,1.1728399999999999,1.17361,1.17268,1.1731,615,8,0,1,1,0.0005455630381041462,4.262211235178882e-05
2026-01-02 09:15:00,1.1731,1.1737,1.17291,1.17317,633,8,0,1,1,0.00048586308889586285,1.7047827680669486e-05
2026-01-02 09:30:00,1.17319,1.1732,1.17236,1.1728399999999999,584,8,0,1,1,0.00037515773677549704,8.526312199314031e-06
2026-01-02 09:45:00,1.17283,1.17293,1.17204,1.1721300000000001,550,8,0,1,1,0.0002303498758670049,0.00011090919949168224
2026-01-02 10:00:00,1.17214,1.1722,1.17151,1.17155,549,8,0,1,1,0.00014510690964961246,0.0
2026-01-02 10:15:00,1.17155,1.17176,1.17129,1.17133,510,8,0,1,1,0.000332954846200569,5.976112624112291e-05
2026-01-02 10:30:00,1.17133,1.17183,1.17129,1.17167,547,8,0,1,1,4.267413179487869e-05,2.560447907685141e-05
2026-01-02 10:45:00,1.17168,1.17232,1.17158,1.17208,508,8,0,1,1,0.0002730189065593628,6.825472663988807e-05
2026-01-02 11:00:00,1.17206,1.17218,1.17171,1.17181,338,8,0,1,1,7.680426007622693e-05,9.38718734266259e-05
2026-01-02 11:15:00,1.1718,1.17196,1.17155,1.17196,405,8,0,1,1,0.00020478514625055116,8.532714427169454e-06
2026-01-02 11:30:00,1.17195,1.17221,1.17147,1.17193,541,8,0,1,1,0.0001791915899412264,8.532932854217801e-06
2026-01-02 11:45:00,1.17193,1.1722,1.17171,1.17215,466,8,0,1,1,0.00021328328285636096,0.00012796996971385446
2026-01-02 12:00:00,1.1721300000000001,1.1724700000000001,1.17204,1.17236,442,8,0,1,1,3.411921252860896e-05,0.00019618547203926478
2026-01-02 12:15:00,1.17236,1.17254,1.17222,1.1724999999999999,343,8,0,1,1,8.528784648167757e-05,7.675906183381281e-05
2026-01-02 12:30:00,1.17249,1.17267,1.17217,1.17265,391,8,0,1,1,0.0002131923421309525,5.116616211141345e-05
2026-01-02 12:45:00,1.17267,1.17267,1.17207,1.17234,406,8,0,1,1,5.117969189840066e-05,0.00021324871624279945
2026-01-02 13:00:00,1.17236,1.17258,1.17199,1.17243,636,8,0,1,1,2.5587881579262293e-05,0.00013646870175612868
2026-01-02 13:15:00,1.17243,1.17285,1.1721,1.17212,639,8,0,1,1,0.00023888339077915058,0.00010237859604828858
2026-01-02 13:30:00,1.17209,1.17226,1.1718,1.17193,661,8,0,1,1,0.0001791915899412264,8.532932854217801e-06
2026-01-02 13:45:00,1.17193,1.17231,1.17179,1.17212,651,8,0,1,1,0.00023888339077915058,0.00010237859604828858
2026-01-02 14:00:00,1.17215,1.17232,1.17187,1.17199,582,8,0,1,1,0.00023037739229856265,8.532496010924552e-06
2026-01-02 14:15:00,1.172,1.1727,1.17155,1.17262,607,8,0,1,1,0.00018761406082097094,2.5583735566487432e-05
2026-01-02 14:30:00,1.17262,1.17287,1.17244,1.17257,748,8,0,1,1,0.00014498068345581198,1.705655099493508e-05
2026-01-02 14:45:00,1.17257,1.17299,1.1724700000000001,1.17281,695,8,0,1,1,0.00034958774225987113,1.7053060598162553e-05
2026-01-02 15:00:00,1.17281,1.17365,1.17278,1.17336,739,8,0,1,1,0.00032385627599376747,0.00017897320515446538
2026-01-02 15:15:00,1.17336,1.17372,1.17313,1.17347,640,8,0,1,1,0.00023008683647642673,0.00027269550989807834
2026-01-02 15:30:00,1.17346,1.17417,1.17326,1.17384,830,8,0,1,1,8.519048592652234e-05,0.0005878143528931366
2026-01-02 15:45:00,1.17385,1.17517,1.17375,1.17503,1307,8,0,1,1,8.510421010526453e-05,9.361463111584768e-05
2026-01-02 16:00:00,1.1750099999999999,1.1754,1.1743999999999999,1.1743999999999999,983,8,0,1,1,0.00012772479564021838,0.0004427792915531982
2026-01-02 16:15:00,1.1743999999999999,1.17458,1.17413,1.17441,639,8,0,1,1,0.0001277237080747733,0.0004342606074539645
2026-01-02 16:30:00,1.17441,1.17459,1.1737,1.17374,544,8,0,1,1,0.0,0.0005026666893861422
2026-01-02 16:45:00,1.17374,1.17378,1.17338,1.17371,540,8,0,1,1,2.55599764847999e-05,0.0004771195610501026
2026-01-02 17:00:00,1.17371,1.17374,1.17316,1.17339,527,8,0,1,1,0.00029828104892667615,0.0002045355764068366
2026-01-02 17:15:00,1.17338,1.1736,1.1730800000000001,1.17334,450,8,0,1,1,0.0003409071539365878,0.00016193089812001167
2026-01-02 17:30:00,1.1733500000000001,1.17365,1.17323,1.1733500000000001,433,8,0,1,1,0.00033238164230612384,0.00017045212425976903
2026-01-02 17:45:00,1.17336,1.17353,1.17281,1.17305,508,8,0,1,1,0.0005541110779590106,8.524785814755466e-05
2026-01-02 18:00:00,1.17305,1.1731,1.17243,1.1724999999999999,389,8,0,1,1,8.528784648167757e-05,7.675906183381281e-05
2026-01-02 18:15:00,1.1724999999999999,1.17266,1.17226,1.17231,430,8,0,1,1,7.677150241842646e-05,0.00023884467419032338
2026-01-02 18:30:00,1.17231,1.17231,1.17163,1.17168,544,8,0,1,1,3.413901406530793e-05,1.7069507032559214e-05
2026-01-02 18:45:00,1.17168,1.17196,1.17148,1.17188,477,8,0,1,1,0.00013653275079354368,3.413318769843329e-05
2026-01-02 19:00:00,1.1718899999999999,1.1718899999999999,1.17143,1.17167,494,8,0,1,1,4.267413179487869e-05,2.560447907685141e-05
2026-01-02 19:15:00,1.17168,1.17181,1.17146,1.17163,345,8,0,1,1,7.681605967766746e-05,5.121070645165196e-05
2026-01-02 19:30:00,1.17163,1.17173,1.17139,1.17168,363,8,0,1,1,3.413901406530793e-05,1.7069507032559214e-05
2026-01-02 19:45:00,1.1717,1.17238,1.17169,1.17227,388,8,0,1,1,0.00011089595400392873,0.00023032236600782456
2026-01-02 20:00:00,1.17229,1.17234,1.17149,1.1718,518,8,0,1,1,6.827103601285029e-05,8.533879501620497e-05
2026-01-02 20:15:00,1.1718,1.17211,1.17179,1.17207,372,8,0,1,1,0.0002815531495560534,5.9723395360357744e-05
2026-01-02 20:30:00,1.17207,1.17218,1.17178,1.17181,330,8,0,1,1,7.680426007622693e-05,9.38718734266259e-05
2026-01-02 20:45:00,1.17181,1.1718899999999999,1.1715200000000001,1.17174,312,8,0,1,1,1.7068632973107498e-05,3.4137265946404495e-05
2026-01-02 21:00:00,1.17172,1.17224,1.17167,1.17207,221,8,0,1,1,0.0002815531495560534,5.9723395360357744e-05
2026-01-02 21:15:00,1.17208,1.17215,1.17197,1.17209,156,8,0,1,1,0.0002644848091870355,7.678591234473933e-05
2026-01-02 21:30:00,1.17212,1.17228,1.17182,1.17187,236,8,0,1,1,0.0001280005461355547,4.266684871197788e-05
2026-01-02 21:45:00,1.17187,1.1721300000000001,1.17172,1.17196,302,8,0,1,1,0.00020478514625055116,8.532714427169454e-06
2026-01-04 22:00:00,1.17224,1.1724,1.1718899999999999,1.17207,56,48,0,1,1,0.0002815531495560534,5.9723395360357744e-05
2026-01-04 22:15:00,1.17207,1.17218,1.17203,1.17211,66,48,0,1,1,0.0002474170513007512,9.384784704511906e-05
2026-01-04 22:30:00,1.17211,1.17211,1.17181,1.1718899999999999,127,48,0,1,1,0.00014506480983691425,2.559967232436196e-05
2026-01-04 22:45:00,1.1718899999999999,1.17196,1.17093,1.17118,183,48,0,1,1,0.00046107344729246137,6.830717737654156e-05
2026-01-04 23:00:00,1.17119,1.17126,1.16985,1.17114,555,8,0,1,1,0.0004952439503390072,8.538688798947092e-05
2026-01-04 23:15:00,1.17115,1.1712500000000001,1.17083,1.17087,312,8,0,1,1,0.0005893053883010747,0.00010248789361766891
2026-01-04 23:30:00,1.17087,1.17087,1.17025,1.17039,341,8,0,1,1,0.00017942737036376205,0.00017942737036376205
2026-01-04 23:45:00,1.17038,1.17078,1.17011,1.17048,448,8,0,1,1,0.00025630510559767526,0.0002135875879981576
2026-01-05 00:00:00,1.1705,1.17098,1.17039,1.17078,766,8,0,1,1,0.0005124788602469584,2.5623943012328956e-05
2026-01-05 00:15:00,1.17078,1.17107,1.17053,1.17072,507,8,0,1,1,0.0004612546125461126,8.541752084243468e-06
2026-01-05 00:30:00,1.17072,1.17099,1.17047,1.1706699999999999,416,8,0,1,1,0.00041856372846308477,5.125270144461807e-05
2026-01-05 00:45:00,1.17068,1.17081,1.17032,1.17047,417,8,0,1,1,0.00024776371884789995,0.0002221329893121131
2026-01-05 01:00:00,1.17045,1.17063,1.17,1.17032,690,8,0,1,1,0.00011962540159958728,0.00011962540159958728
2026-01-05 01:15:00,1.17032,1.17069,1.17012,1.17018,517,8,0,1,1,0.0,0.0
2026-01-05 01:30:00,1.17018,1.17054,1.17012,1.17052,428,8,0,1,1,0.0002904691931791058,0.00017940744284595178
2026-01-05 01:45:00,1.17052,1.17056,1.16992,1.17002,454,8,0,1,1,6.837489957443463e-05,5.982803712758285e-05
2026-01-05 02:00:00,1.17002,1.17015,1.1694,1.1697,507,8,0,1,1,0.00010259040779697359,0.0003334188253399269
2026-01-05 02:15:00,1.16972,1.16985,1.16907,1.16926,418,8,0,1,1,0.00015394351983311582,0.00047893539503608603
2026-01-05 02:30:00,1.16926,1.16939,1.16839,1.16851,541,8,0,1,1,0.00047068488930351513,0.00010269488493904204
2026-01-05 02:45:00,1.16851,1.16887,1.16836,1.16885,443,8,0,1,1,0.00017966377208370919,0.0001283312657739423
2026-01-05 03:00:00,1.16883,1.16904,1.16821,1.16825,507,8,0,1,1,0.0004279905842071003,5.1358870104814024e-05
2026-01-05 03:15:00,1.16826,1.16834,1.1672,1.16734,512,8,0,1,1,0.0,0.00034265937944382606
2026-01-05 03:30:00,1.16732,1.1676,1.16719,1.16751,450,8,0,1,1,0.00014560903118603137,0.0004882185163295898
2026-01-05 03:45:00,1.16751,1.16779,1.16741,1.16747,248,8,0,1,1,0.00011135189769327133,0.00045397312136493393
2026-01-05 04:00:00,1.16748,1.16777,1.16739,1.16755,363,8,0,1,1,0.0001456040426534225,0.0005224615648152108
2026-01-05 04:15:00,1.16755,1.1678,1.16738,1.16738,247,8,0,1,1,3.4264763830149564e-05,0.00037691240213126484
2026-01-05 04:30:00,1.16738,1.16794,1.16728,1.1678600000000001,337,8,0,1,1,9.418937201381543e-05,0.00028256811604125616
2026-01-05 04:45:00,1.1678600000000001,1.16827,1.1678600000000001,1.16816,328,8,0,1,1,0.00035097931790167565,2.5681413504977475e-05
2026-01-05 05:00:00,1.16816,1.16822,1.168,1.16818,234,8,0,1,1,0.0003680939581228325,8.560324607565197e-06
2026-01-05 05:15:00,1.16818,1.16834,1.16809,1.16833,228,8,0,1,1,0.0004964350825537519,3.4236902244929046e-05
2026-01-05 05:30:00,1.16832,1.16846,1.16828,1.16844,210,8,0,1,1,0.0005306220259491843,5.990893841362372e-05
2026-01-05 05:45:00,1.16845,1.16855,1.16834,1.16849,269,8,0,1,1,0.00048780905270901713,0.00010269664267569256
2026-01-05 06:00:00,1.16849,1.16858,1.16778,1.16839,432,8,0,1,1,0.0005477623053945805,1.711757204369348e-05
2026-01-05 06:15:00,1.16838,1.16873,1.16833,1.16869,301,8,0,1,1,0.00031659379305032256,8.556589001416553e-06
2026-01-05 06:30:00,1.1687,1.16898,1.16866,1.16897,316,8,0,1,1,7.699085519724499e-05,0.0002309725655919249
2026-01-05 06:45:00,1.16897,1.16914,1.16885,1.16906,339,8,0,1,1,0.0,0.00030793971224737476
2026-01-05 07:00:00,1.16906,1.16912,1.16849,1.16855,596,8,0,1,1,0.00043643832099611525,6.846091309749691e-05
2026-01-05 07:15:00,1.16855,1.1691799999999999,1.1684,1.16898,451,8,0,1,1,6.843573029485536e-05,0.00023952505603161385
2026-01-05 07:30:00,1.16898,1.16898,1.16841,1.1687400000000001,652,8,0,1,1,0.0002737991341101322,3.422489176381402e-05
2026-01-05 07:45:00,1.1687400000000001,1.16905,1.1683,1.16861,607,8,0,1,1,0.0003850728643431611,1.71143495264725e-05
2026-01-05 08:00:00,1.16859,1.1689,1.16826,1.16868,806,8,0,1,1,0.00032515316425372814,1.711332443451674e-05
2026-01-05 08:15:00,1.16869,1.16941,1.1685699999999999,1.16938,666,8,0,1,1,5.1309240794223414e-05,0.0005815047290017051
2026-01-05 08:30:00,1.16938,1.16944,1.1682,1.16831,711,8,0,1,1,0.0004793248367298867,5.135623250673964e-05
2026-01-05 08:45:00,1.16831,1.16841,1.16806,1.1683,607,8,0,1,1,0.0004707694941366331,5.9916117435602584e-05
2026-01-05 09:00:00,1.1683,1.1685699999999999,1.1676199999999999,1.16792,591,8,0,1,1,0.0001455579149256828,0.0002311802178231321
2026-01-05 09:15:00,1.16792,1.1687,1.16792,1.16817,523,8,0,1,1,0.00035953671126622407,1.7120795774699766e-05
2026-01-05 09:30:00,1.1682,1.1682,1.16746,1.16753,532,8,0,1,1,0.0001627367176859802,0.0005053403338671113
2026-01-05 09:45:00,1.16756,1.16826,1.16733,1.16821,593,8,0,1,1,0.00039376481968131155,1.7120209551286993e-05
2026-01-05 10:00:00,1.16821,1.16869,1.16795,1.1685,618,8,0,1,1,0.00047924689773204437,0.00011125374411635726
2026-01-05 10:15:00,1.1685,1.16882,1.16819,1.16819,521,8,0,1,1,0.00037665105847507334,0.0
2026-01-05 10:30:00,1.1682,1.16862,1.16805,1.1685,467,8,0,1,1,0.00047924689773204437,0.00011125374411635726
2026-01-05 10:45:00,1.16851,1.16896,1.16836,1.16895,575,8,0,1,1,9.410154412083878e-05,0.00021386714572895458
2026-01-05 11:00:00,1.16894,1.16906,1.16805,1.16805,568,8,0,1,1,0.0002568383202773571,0.00011985788279613799
2026-01-05 11:15:00,1.16805,1.16875,1.16805,1.16816,633,8,0,1,1,0.00035097931790167565,2.5681413504977475e-05
2026-01-05 11:30:00,1.16817,1.16864,1.16811,1.16848,500,8,0,1,1,0.0004963713542380058,9.413939476931954e-05
2026-01-05 11:45:00,1.16849,1.16849,1.16798,1.16814,506,8,0,1,1,0.00033386409163275847,4.280308867096882e-05
2026-01-05 12:00:00,1.16812,1.16817,1.16773,1.16802,537,8,0,1,1,0.00023116042533517615,0.00014554545298882165
2026-01-05 12:15:00,1.16801,1.16825,1.1678600000000001,1.16811,458,8,0,1,1,0.0003081901533245293,6.848670073886878e-05
2026-01-05 12:30:00,1.16811,1.16849,1.16766,1.1679,468,8,0,1,1,0.00012843565373736832,0.00024830893055922894
2026-01-05 12:45:00,1.16789,1.1679599999999999,1.16696,1.16705,693,8,0,1,1,0.00024848978192890066,9.425474486939931e-05
2026-01-05 13:00:00,1.16705,1.16714,1.16604,1.16652,1058,8,0,1,1,0.000342900250317145,0.0003600452628331164
2026-01-05 13:15:00,1.16652,1.16676,1.16612,1.16625,792,8,0,1,1,0.00011146838156481327,0.0003258306538049706
2026-01-05 13:30:00,1.16623,1.16654,1.16587,1.16601,841,8,0,1,1,1.715251155661703e-05,0.00012006758089555749
2026-01-05 13:45:00,1.16601,1.16747,1.16596,1.16742,746,8,0,1,1,6.852717959248425e-05,0.0004111630775554761
2026-01-05 14:00:00,1.16745,1.16825,1.16726,1.16802,736,8,0,1,1,0.00023116042533517615,0.00014554545298882165
2026-01-05 14:15:00,1.16802,1.16821,1.16771,1.16782,677,8,0,1,1,5.9940744292797254e-05,0.000316829648404704
2026-01-05 14:30:00,1.16783,1.16795,1.16741,1.16778,1025,8,0,1,1,2.5689770333431376e-05,0.0003510935278905457
2026-01-05 14:45:00,1.16777,1.16869,1.16754,1.16851,944,8,0,1,1,0.00047068488930351513,0.00010269488493904204
2026-01-05 15:00:00,1.16849,1.16951,1.16849,1.1694,1136,8,0,1,1,3.420557550884214e-05,0.0005900461775270048
2026-01-05 15:15:00,1.16939,1.16981,1.16915,1.16956,944,8,0,1,1,0.00010260268819034335,0.0004531618728411894
2026-01-05 15:30:00,1.16954,1.16998,1.1693500000000001,1.16959,857,8,0,1,1,0.00012825007053742977,0.0004275002351252721
2026-01-05 15:45:00,1.16962,1.17042,1.1691799999999999,1.17041,869,8,0,1,1,0.00019651233328487664,0.00019651233328487664
2026-01-05 16:00:00,1.17042,1.17118,1.17036,1.17094,729,8,0,1,1,0.0006490511896425896,8.540147232137341e-05
2026-01-05 16:15:00,1.17093,1.17109,1.17063,1.17097,719,8,0,1,1,0.0006404946326550026,5.977949904781036e-05
2026-01-05 16:30:00,1.17098,1.17181,1.17089,1.17138,849,8,0,1,1,0.00029025593744131447,0.00010244327203802178
2026-01-05 16:45:00,1.17139,1.17156,1.17116,1.17144,682,8,0,1,1,0.00023902205832143173,5.12190124973955e-05
2026-01-05 17:00:00,1.17143,1.17161,1.17096,1.1711,713,8,0,1,1,0.0005294167876356118,5.123388267436511e-05
2026-01-05 17:15:00,1.17112,1.17194,1.17106,1.17171,634,8,0,1,1,8.534534995916663e-06,8.534534995916663e-06
2026-01-05 17:30:00,1.17171,1.17178,1.17108,1.17113,637,8,0,1,1,0.0005037869408179199,7.68488553789276e-05
2026-01-05 17:45:00,1.17115,1.17151,1.17109,1.17139,371,8,0,1,1,0.0002817165931074736,9.390553103582454e-05
2026-01-05 18:00:00,1.17139,1.17196,1.1712799999999999,1.17181,401,8,0,1,1,7.680426007622693e-05,9.38718734266259e-05
2026-01-05 18:15:00,1.17181,1.17201,1.17177,1.1718899999999999,390,8,0,1,1,0.00014506480983691425,2.559967232436196e-05
2026-01-05 18:30:00,1.17188,1.17242,1.17188,1.17222,296,8,0,1,1,0.00015355479346886163,0.00018767808090640748
2026-01-05 18:45:00,1.17222,1.17251,1.17195,1.17246,408,8,0,1,1,5.1174453712663104e-05,0.00011087798304416651
2026-01-05 19:00:00,1.17248,1.17267,1.17226,1.17233,491,8,0,1,1,5.971014987248854e-05,0.00022178055666913492
2026-01-05 19:15:00,1.17233,1.17263,1.17217,1.17251,454,8,0,1,1,9.381583099490193e-05,6.822969526919175e-05
2026-01-05 19:30:00,1.17249,1.1728399999999999,1.17243,1.17252,364,8,0,1,1,0.00010234367004392076,5.970047419235023e-05
2026-01-05 19:45:00,1.17252,1.1728399999999999,1.17251,1.17267,376,8,0,1,1,0.00023024380260430678,6.822038595690177e-05
2026-01-05 20:00:00,1.17264,1.17285,1.17258,1.17271,274,8,0,1,1,0.0002643449787243312,0.00010232708853842636
2026-01-05 20:15:00,1.17271,1.1727400000000001,1.1724,1.17246,240,8,0,1,1,5.1174453712663104e-05,0.00011087798304416651
2026-01-05 20:30:00,1.1724700000000001,1.17273,1.17246,1.17263,231,8,0,1,1,0.00019614030000934007,3.4111356523404656e-05
2026-01-05 20:45:00,1.17263,1.17263,1.17233,1.17243,318,8,0,1,1,2.5587881579262293e-05,0.00013646870175612868
2026-01-05 21:00:00,1.17243,1.17249,1.17226,1.17241,220,8,0,1,1,8.529439359817356e-06,0.00015352990847917452
2026-01-05 21:15:00,1.17242,1.1726,1.17211,1.17224,207,8,0,1,1,0.00013649082099242478,0.00020473623148844775
2026-01-05 21:30:00,1.17226,1.17233,1.17202,1.17204,154,8,0,1,1,0.0002730282242925804,3.412852803661991e-05
2026-01-05 21:45:00,1.17202,1.17215,1.1718899999999999,1.17198,166,8,0,1,1,0.00022184678919429253,8.532568815223393e-06
2026-01-05 22:00:00,1.1721,1.17214,1.17188,1.17206,85,8,0,1,1,0.00029008753818064514,5.119191850261166e-05
2026-01-05 22:15:00,1.17205,1.17209,1.1718899999999999,1.1718899999999999,57,20,0,1,1,0.00014506480983691425,2.559967232436196e-05
2026-01-05 22:30:00,1.1718899999999999,1.17206,1.17184,1.17188,75,20,0,1,1,0.00013653275079354368,3.413318769843329e-05
2026-01-05 22:45:00,1.1718899999999999,1.17199,1.17182,1.17187,66,20,0,1,1,0.0001280005461355547,4.266684871197788e-05
2026-01-05 23:00:00,1.1719,1.17215,1.17175,1.1718899999999999,223,8,0,1,1,0.00014506480983691425,2.559967232436196e-05
2026-01-05 23:15:00,1.1718899999999999,1.17193,1.17174,1.17176,149,8,0,1,1,3.413668327969717e-05,5.1205024919735256e-05
2026-01-05 23:30:00,1.17176,1.17178,1.17159,1.17167,123,8,0,1,1,4.267413179487869e-05,2.560447907685141e-05
2026-01-05 23:45:00,1.17167,1.17167,1.1712500000000001,1.17142,167,8,0,1,1,0.0002560994348740751,6.829318263311197e-05
2026-01-06 00:00:00,1.17143,1.17167,1.17136,1.17146,214,8,0,1,1,0.0002219452648832645,3.414542536667066e-05
2026-01-06 00:15:00,1.17146,1.17165,1.17121,1.17124,243,8,0,1,1,0.0004098220689184419,1.7075919538189423e-05
2026-01-06 00:30:00,1.17124,1.17135,1.17104,1.17124,215,8,0,1,1,0.0004098220689184419,1.7075919538189423e-05
2026-01-06 00:45:00,1.17124,1.17168,1.17112,1.17163,362,8,0,1,1,7.681605967766746e-05,5.121070645165196e-05
2026-01-06 01:00:00,1.17164,1.17201,1.17121,1.17134,534,8,0,1,1,0.0003244147728243268,6.829784691044446e-05
2026-01-06 01:15:00,1.17134,1.1716199999999999,1.17117,1.17148,352,8,0,1,1,0.0002048690545293287,1.7072421210698416e-05
2026-01-06 01:30:00,1.17148,1.17208,1.17143,1.172,360,8,0,1,1,0.00023890784982921157,0.0
2026-01-06 01:45:00,1.172,1.1724999999999999,1.17199,1.1724999999999999,418,8,0,1,1,8.528784648167757e-05,7.675906183381281e-05
2026-01-06 02:00:00,1.1724999999999999,1.17276,1.17224,1.17229,365,8,0,1,1,9.383343711884815e-05,0.0002473790614951279
2026-01-06 02:15:00,1.17229,1.1724700000000001,1.17217,1.17233,268,8,0,1,1,5.971014987248854e-05,0.00022178055666913492
2026-01-06 02:30:00,1.17233,1.17279,1.17232,1.17273,291,8,0,1,1,0.00028139469443089324,8.527111952451884e-05
2026-01-06 02:45:00,1.1727400000000001,1.17375,1.17272,1.1736900000000001,474,8,0,1,1,4.260068672297069e-05,0.000460087416609332
2026-01-06 03:00:00,1.17367,1.17378,1.17321,1.17325,335,8,0,1,1,0.00041764329852981164,8.523332623054677e-05
2026-01-06 03:15:00,1.17325,1.17366,1.17325,1.17344,315,8,0,1,1,0.0002556585764930179,0.00024713662394338314
2026-01-06 03:30:00,1.17344,1.17377,1.1733500000000001,1.17365,267,8,0,1,1,7.668384952918116e-05,0.00042602138627373317
2026-01-06 03:45:00,1.17365,1.17372,1.17338,1.17342,232,8,0,1,1,0.0002727071295871027,0.000230096640589041
2026-01-06 04:00:00,1.17344,1.1734499999999999,1.17323,1.17331,222,8,0,1,1,0.00036648456077245607,0.00013636634819456068
2026-01-06 04:15:00,1.17331,1.17346,1.17316,1.17323,190,8,0,1,1,0.00043469737391646176,6.818782335951179e-05
2026-01-06 04:30:00,1.17323,1.17354,1.17317,1.17329,183,8,0,1,1,0.0003835368919875406,0.00011932258861835437
2026-01-06 04:45:00,1.17329,1.17338,1.1731,1.17334,219,8,0,1,1,0.0003409071539365878,0.00016193089812001167
2026-01-06 05:00:00,1.17332,1.17364,1.17326,1.17363,242,8,0,1,1,9.372630215660345e-05,0.00040898750031955215
2026-01-06 05:15:00,1.17363,1.17366,1.17348,1.1736,206,8,0,1,1,0.00011929107021134032,0.00038343558282213827
2026-01-06 05:30:00,1.17362,1.17367,1.17325,1.17325,228,8,0,1,1,0.00041764329852981164,8.523332623054677e-05
2026-01-06 05:45:00,1.17325,1.17333,1.17271,1.1728399999999999,384,8,0,1,1,0.00037515773677549704,8.526312199314031e-06
2026-01-06 06:00:00,1.17285,1.17323,1.17285,1.17316,366,8,0,1,1,0.0004943912168843337,8.52398649806123e-06
2026-01-06 06:15:00,1.17316,1.17349,1.17307,1.17346,343,8,0,1,1,0.00023861060453705962,0.0002641760264517176
2026-01-06 06:30:00,1.17347,1.17362,1.17336,1.17339,299,8,0,1,1,0.00029828104892667615,0.0002045355764068366
2026-01-06 06:45:00,1.17339,1.17368,1.17338,1.1736,275,8,0,1,1,0.00011929107021134032,0.00038343558282213827
2026-01-06 07:00:00,1.17359,1.17425,1.17359,1.17373,568,8,0,1,1,8.519846983603991e-06,0.0004941511250458155
2026-01-06 07:15:00,1.17375,1.17378,1.17325,1.17343,430,8,0,1,1,0.000264182780395961,0.00023861670487379562
2026-01-06 07:30:00,1.17342,1.17389,1.1733500000000001,1.1736,411,8,0,1,1,0.00011929107021134032,0.00038343558282213827
2026-01-06 07:45:00,1.17352,1.17365,1.17257,1.17289,614,8,0,1,1,0.00041777148752217123,5.1155692349622715e-05
2026-01-06 08:00:00,1.17287,1.17348,1.17268,1.17331,757,8,0,1,1,0.00036648456077245607,0.00013636634819456068
2026-01-06 08:15:00,1.17333,1.17386,1.17271,1.17277,856,8,0,1,1,0.0003154923812853172,5.116092669487536e-05
2026-01-06 08:30:00,1.17277,1.173,1.17255,1.17268,613,8,0,1,1,0.00023876931473192683,7.67472797352419e-05
2026-01-06 08:45:00,1.17268,1.17324,1.17259,1.17281,538,8,0,1,1,0.00034958774225987113,1.7053060598162553e-05
2026-01-06 09:00:00,1.1728,1.17287,1.1717,1.17179,878,8,0,1,1,5.9737666305408384e-05,7.680557096420477e-05
2026-01-06 09:15:00,1.17178,1.1718600000000001,1.1709100000000001,1.17115,695,8,0,1,1,0.0004867011057509128,9.392477479386283e-05
2026-01-06 09:30:00,1.17115,1.17142,1.17075,1.17133,586,8,0,1,1,0.000332954846200569,5.976112624112291e-05
2026-01-06 09:45:00,1.17134,1.17182,1.17126,1.17126,694,8,0,1,1,0.00039273944299312446,0.0
2026-01-06 10:00:00,1.17131,1.17155,1.17095,1.17106,566,8,0,1,1,0.0005635919594214685,1.7078544224812546e-05
2026-01-06 10:15:00,1.17108,1.17158,1.17078,1.17143,548,8,0,1,1,0.0002475606737066009,5.975602468778715e-05
2026-01-06 10:30:00,1.17143,1.17168,1.17117,1.17119,463,8,0,1,1,0.0004525311862295114,5.976826987936586e-05
2026-01-06 10:45:00,1.1712,1.17141,1.17104,1.1712500000000001,400,8,0,1,1,0.0004012806830309246,8.537886872865285e-06
2026-01-06 11:00:00,1.17123,1.1712799999999999,1.17048,1.1707,479,8,0,1,1,0.0004441786965064286,2.56256940291915e-05
2026-01-06 11:15:00,1.1707,1.17098,1.17046,1.17085,484,8,0,1,1,0.000572233847204978,8.540803689626254e-05
2026-01-06 11:30:00,1.17086,1.17107,1.17069,1.17084,381,8,0,1,1,0.0005636978579482294,7.686788972032516e-05
2026-01-06 11:45:00,1.17084,1.17095,1.17047,1.17059,418,8,0,1,1,0.0003502507282652521,0.000119597809651568
2026-01-06 12:00:00,1.17058,1.17117,1.17058,1.17116,393,8,0,1,1,0.00047815840704952013,8.538542983024436e-05
2026-01-06 12:15:00,1.17115,1.1712,1.17058,1.1706,460,8,0,1,1,0.00035879036391601483,0.00011105416025966468
2026-01-06 12:30:00,1.17058,1.17073,1.16987,1.1702,572,8,0,1,1,1.7091095539146282e-05,1.7091095539146282e-05
2026-01-06 12:45:00,1.1702,1.17043,1.1696900000000001,1.17013,545,8,0,1,1,4.273029492458575e-05,3.418423593944089e-05
2026-01-06 13:00:00,1.17014,1.1709,1.1697,1.1707,862,8,0,1,1,0.0004441786965064286,2.56256940291915e-05
2026-01-06 13:15:00,1.17071,1.17086,1.17033,1.17066,743,8,0,1,1,0.00041002511403826554,5.9795329130588295e-05
2026-01-06 13:30:00,1.17066,1.17131,1.17055,1.1710099999999999,649,8,0,1,1,0.0006063142073937973,2.561891017172914e-05
2026-01-06 13:45:00,1.1710099999999999,1.17121,1.17045,1.17105,681,8,0,1,1,0.0005721361171599595,8.53934503210236e-06
2026-01-06 14:00:00,1.17105,1.17172,1.17105,1.17135,608,8,0,1,1,0.00031587484526418536,7.683442182091048e-05
2026-01-06 14:15:00,1.17135,1.17137,1.17021,1.17052,759,8,0,1,1,0.0002904691931791058,0.00017940744284595178
2026-01-06 14:30:00,1.17052,1.17093,1.16988,1.17078,786,8,0,1,1,0.0005124788602469584,2.5623943012328956e-05
2026-01-06 14:45:00,1.17084,1.17139,1.17061,1.17087,965,8,0,1,1,0.0005893053883010747,0.00010248789361766891
2026-01-06 15:00:00,1.17084,1.17087,1.16948,1.16959,1124,8,0,1,1,0.00012825007053742977,0.0004275002351252721
2026-01-06 15:15:00,1.16957,1.16975,1.16875,1.16893,1133,8,0,1,1,0.00011121281856053269,0.00019676114053018782
2026-01-06 15:30:00,1.16892,1.16913,1.16836,1.1691,1014,8,0,1,1,3.42143529210846e-05,0.00034214352921046613
2026-01-06 15:45:00,1.1691,1.16959,1.1687,1.16949,987,8,0,1,1,4.275367895397436e-05,0.0005130441474490214
2026-01-06 16:00:00,1.16949,1.16978,1.16855,1.16914,729,8,0,1,1,6.842636467837898e-05,0.0003763450057307046
2026-01-06 16:15:00,1.16916,1.16928,1.16865,1.1687,668,8,0,1,1,0.0003080345683237066,0.0
2026-01-06 16:30:00,1.16869,1.1691,1.16858,1.16882,693,8,0,1,1,0.00020533529542617168,0.00010266764771299085
2026-01-06 16:45:00,1.16882,1.16913,1.16856,1.1688,538,8,0,1,1,0.00022245037645442074,8.555783709786873e-05
2026-01-06 17:00:00,1.16877,1.1693,1.16867,1.16921,541,8,0,1,1,0.0001282917525509485,0.000436191958672959
2026-01-06 17:15:00,1.16923,1.16957,1.16913,1.16936,462,8,0,1,1,6.841349114052132e-05,0.0005644113019086362
2026-01-06 17:30:00,1.16936,1.16958,1.1692,1.16954,370,8,0,1,1,8.550370231030061e-05,0.0004702703627067483
2026-01-06 17:45:00,1.16954,1.17004,1.16948,1.17002,412,8,0,1,1,6.837489957443463e-05,5.982803712758285e-05
2026-01-06 18:00:00,1.17002,1.17018,1.16951,1.16989,466,8,0,1,1,4.273906093725347e-05,0.0001709562437493935
2026-01-06 18:15:00,1.16989,1.17009,1.16932,1.16946,453,8,0,1,1,1.7101910283300822e-05,0.0005387101739265392
2026-01-06 18:30:00,1.16946,1.16946,1.16906,1.16933,452,8,0,1,1,9.407096371431034e-05,0.0005387700649088867
2026-01-06 18:45:00,1.16934,1.16939,1.16866,1.16877,580,8,0,1,1,0.00024812409627206504,5.989202323811741e-05
2026-01-06 19:00:00,1.16877,1.16901,1.16838,1.16862,572,8,0,1,1,0.0003765124676969382,8.557101538622916e-06
2026-01-06 19:15:00,1.16863,1.16879,1.16844,1.16848,371,8,0,1,1,0.0004963713542380058,9.413939476931954e-05
2026-01-06 19:30:00,1.16848,1.1687,1.16835,1.16855,386,8,0,1,1,0.00043643832099611525,6.846091309749691e-05
2026-01-06 19:45:00,1.1685699999999999,1.16906,1.16838,1.16893,480,8,0,1,1,0.00011121281856053269,0.00019676114053018782
2026-01-06 20:00:00,1.16892,1.1692,1.16891,1.16893,314,8,0,1,1,0.00011121281856053269,0.00019676114053018782
2026-01-06 20:15:00,1.16894,1.16912,1.16883,1.16894,248,8,0,1,1,0.00010265710814917614,0.00020531421629854223
2026-01-06 20:30:00,1.16893,1.16928,1.16885,1.16925,306,8,0,1,1,0.00016249732734651483,0.0004703870002136656
2026-01-06 20:45:00,1.16925,1.16928,1.16863,1.16867,325,8,0,1,1,0.0003337126819374934,2.567020630286949e-05
2026-01-06 21:00:00,1.16867,1.1688,1.16851,1.16867,228,8,0,1,1,0.0003337126819374934,2.567020630286949e-05
2026-01-06 21:15:00,1.16866,1.16885,1.16842,1.16848,202,8,0,1,1,0.0004963713542380058,9.413939476931954e-05
2026-01-06 21:30:00,1.16849,1.1687400000000001,1.16846,1.16869,165,8,0,1,1,0.00031659379305032256,8.556589001416553e-06
2026-01-06 21:45:00,1.16869,1.16882,1.16862,1.16875,231,8,0,1,1,0.00026524064171125773,4.27807486630019e-05
2026-01-06 22:00:00,1.1687400000000001,1.1687400000000001,1.16839,1.1685699999999999,80,20,0,1,1,0.00041931591603421405,5.134480604514152e-05
2026-01-06 22:15:00,1.16855,1.16861,1.16846,1.16858,94,48,0,1,1,0.00041075493333792804,4.2786972222787926e-05
2026-01-06 22:30:00,1.16855,1.16866,1.1685,1.1685,97,48,0,1,1,0.00047924689773204437,0.00011125374411635726
2026-01-06 22:45:00,1.1685,1.1688,1.1685,1.1688,184,8,0,1,1,0.00022245037645442074,8.555783709786873e-05
2026-01-06 23:00:00,1.16881,1.16895,1.16871,1.1688,127,8,0,1,1,0.00022245037645442074,8.555783709786873e-05
2026-01-06 23:15:00,1.1688,1.16901,1.16876,1.16894,95,8,0,1,1,0.00010265710814917614,0.00020531421629854223
2026-01-06 23:30:00,1.16894,1.16898,1.1688399999999999,1.16885,103,8,0,1,1,0.00017966377208370919,0.0001283312657739423
2026-01-06 23:45:00,1.16885,1.16885,1.16864,1.16869,143,8,0,1,1,0.00031659379305032256,8.556589001416553e-06
2026-01-07 00:00:00,1.1687,1.16893,1.16849,1.16864,291,8,0,1,1,0.00035939211391026066,8.556955092965728e-06
2026-01-07 00:15:00,1.16865,1.16883,1.16858,1.16864,255,8,0,1,1,0.00035939211391026066,8.556955092965728e-06
2026-01-07 00:30:00,1.16864,1.16937,1.16856,1.16906,493,8,0,1,1,0.0,0.00030793971224737476
2026-01-07 00:45:00,1.16906,1.16917,1.16891,1.16915,336,8,0,1,1,7.697900183887737e-05,0.0003848950091945768
2026-01-07 01:00:00,1.16913,1.16941,1.16904,1.16915,354,8,0,1,1,7.697900183887737e-05,0.0003848950091945768
2026-01-07 01:15:00,1.16916,1.1692,1.16895,1.1690800000000001,254,8,0,1,1,1.710746912113031e-05,0.0003250419132993866
2026-01-07 01:30:00,1.1691,1.1698,1.16905,1.16976,330,8,0,1,1,5.1292572835599636e-05,0.00028210915059513365
2026-01-07 01:45:00,1.16976,1.17001,1.16943,1.16955,417,8,0,1,1,9.405326835112179e-05,0.00046171604463253804
2026-01-07 02:00:00,1.16955,1.17023,1.16949,1.16998,450,8,0,1,1,3.41886186088993e-05,9.401870117442563e-05
2026-01-07 02:15:00,1.17,1.17011,1.16959,1.1697,237,8,0,1,1,0.00010259040779697359,0.0003334188253399269
2026-01-07 02:30:00,1.1697,1.16985,1.16951,1.16974,207,8,0,1,1,6.839126643534462e-05,0.0002992117906543954
2026-01-07 02:45:00,1.16975,1.16978,1.16949,1.1696,259,8,0,1,1,0.0001367989056087021,0.00041894664842689937
2026-01-07 03:00:00,1.1696,1.16994,1.16957,1.16977,257,8,0,1,1,4.2743445292754574e-05,0.00027355804987313576
2026-01-07 03:15:00,1.16977,1.16998,1.1696900000000001,1.16981,238,8,0,1,1,8.54839674824588e-06,0.00023935510894936612
2026-01-07 03:30:00,1.16981,1.16995,1.16976,1.16978,186,8,0,1,1,3.419446391632615e-05,0.0002650070953512904
2026-01-07 03:45:00,1.16978,1.16992,1.16973,1.16981,223,8,0,1,1,8.54839674824588e-06,0.00023935510894936612
2026-01-07 04:00:00,1.16981,1.17018,1.16981,1.16994,318,8,0,1,1,0.0,0.0001282117031643456
2026-01-07 04:15:00,1.16994,1.16996,1.16943,1.1694499999999999,349,8,0,1,1,8.551028261014553e-06,0.0005472658087136654
2026-01-07 04:30:00,1.1694499999999999,1.16967,1.16932,1.16963,250,8,0,1,1,0.00016244453374136478,0.000393286765900436
2026-01-07 04:45:00,1.16963,1.16965,1.16905,1.16909,241,8,0,1,1,2.5660984184258262e-05,0.00033359279439554735
2026-01-07 05:00:00,1.16909,1.16937,1.16904,1.16919,307,8,0,1,1,0.00011118808747933482,0.0004190935604990459
2026-01-07 05:15:00,1.1691799999999999,1.16936,1.16916,1.16922,204,8,0,1,1,0.00013684336566252542,0.0004447409384032551
2026-01-07 05:30:00,1.16922,1.16931,1.16907,1.16911,248,8,0,1,1,4.27675753351742e-05,0.00035069411774770674
2026-01-07 05:45:00,1.16911,1.1694,1.16906,1.16926,240,8,0,1,1,0.00015394351983311582,0.00047893539503608603
2026-01-07 06:00:00,1.16925,1.16936,1.16916,1.16925,193,8,0,1,1,0.00016249732734651483,0.0004703870002136656
2026-01-07 06:15:00,1.16925,1.16951,1.16922,1.16949,222,8,0,1,1,4.275367895397436e-05,0.0005130441474490214
2026-01-07 06:30:00,1.1695,1.16957,1.16926,1.16936,294,8,0,1,1,6.841349114052132e-05,0.0005644113019086362
2026-01-07 06:45:00,1.16936,1.16994,1.16933,1.16972,339,8,0,1,1,8.54905447457417e-05,0.00031631501555926325
2026-01-07 07:00:00,1.1697,1.16986,1.16942,1.16942,480,8,0,1,1,1.710249525416961e-05,0.0005729335910110743
2026-01-07 07:15:00,1.16942,1.16942,1.16902,1.16907,458,8,0,1,1,8.553807727565938e-06,0.0003164908859178505
2026-01-07 07:30:00,1.16906,1.16907,1.16814,1.16868,647,8,0,1,1,0.00032515316425372814,1.711332443451674e-05
2026-01-07 07:45:00,1.16864,1.16872,1.16782,1.1682299999999999,684,8,0,1,1,0.00041087799491522554,3.423983290945958e-05
2026-01-07 08:00:00,1.16822,1.1684,1.1676,1.16765,739,8,0,1,1,5.994947116003468e-05,0.00046246734894873025
2026-01-07 08:15:00,1.16765,1.168,1.1672500000000001,1.16749,645,8,0,1,1,0.0001284807578650545,0.00047109611217212007
2026-01-07 08:30:00,1.16751,1.16839,1.1675,1.16808,598,8,0,1,1,0.00028251489623993344,9.417163208004118e-05
2026-01-07 08:45:00,1.16808,1.16869,1.16803,1.16854,505,8,0,1,1,0.00044499974326944394,7.701918633520935e-05
2026-01-07 09:00:00,1.16853,1.16867,1.16816,1.16835,553,8,0,1,1,0.0005135447425856412,1.7118158086112022e-05
2026-01-07 09:15:00,1.16835,1.16841,1.1681,1.1684,373,8,0,1,1,0.0005563163300239981,2.5676138308966564e-05
2026-01-07 09:30:00,1.16842,1.16866,1.1681,1.16853,402,8,0,1,1,0.000453561312075787,8.557760605203887e-05
2026-01-07 09:45:00,1.16852,1.16865,1.16826,1.1684,481,8,0,1,1,0.0005563163300239981,2.5676138308966564e-05
2026-01-07 10:00:00,1.16839,1.1689,1.16829,1.16879,581,8,0,1,1,0.00023100813661991674,7.700271220657558e-05
2026-01-07 10:15:00,1.16883,1.16924,1.16867,1.16913,467,8,0,1,1,5.987358120997194e-05,0.00036779485600397767
2026-01-07 10:30:00,1.16915,1.16934,1.16902,1.1690800000000001,481,8,0,1,1,1.710746912113031e-05,0.0003250419132993866
2026-01-07 10:45:00,1.1690800000000001,1.16928,1.16869,1.16882,417,8,0,1,1,0.00020533529542617168,0.00010266764771299085
2026-01-07 11:00:00,1.16882,1.16913,1.1684700000000001,1.16881,433,8,0,1,1,0.0002138927627245519,9.411281559862806e-05
2026-01-07 11:15:00,1.1688,1.16921,1.16877,1.16893,373,8,0,1,1,0.00011121281856053269,0.00019676114053018782
2026-01-07 11:30:00,1.16893,1.16911,1.16846,1.16859,339,8,0,1,1,0.00040219409715979977,3.4229284864700195e-05
2026-01-07 11:45:00,1.16858,1.16895,1.16851,1.16889,392,8,0,1,1,0.0001454371241092006,0.00016254737400432244
2026-01-07 12:00:00,1.16889,1.16911,1.16808,1.1683,464,8,0,1,1,0.0004707694941366331,5.9916117435602584e-05
2026-01-07 12:15:00,1.1683,1.1686,1.16814,1.16848,511,8,0,1,1,0.0004963713542380058,9.413939476931954e-05
2026-01-07 12:30:00,1.1685,1.1687400000000001,1.16827,1.16837,429,8,0,1,1,0.0005306538168558273,0.0
2026-01-07 12:45:00,1.16837,1.16878,1.16836,1.1687400000000001,401,8,0,1,1,0.0002737991341101322,3.422489176381402e-05
2026-01-07 13:00:00,1.1687400000000001,1.1688,1.16821,1.1683,588,8,0,1,1,0.0004707694941366331,5.9916117435602584e-05
2026-01-07 13:15:00,1.16835,1.16883,1.1682299999999999,1.16868,724,8,0,1,1,0.00032515316425372814,1.711332443451674e-05
2026-01-07 13:30:00,1.1687,1.1693,1.16832,1.16912,779,8,0,1,1,5.132065143009185e-05,0.0003592445600108329
2026-01-07 13:45:00,1.16911,1.1694499999999999,1.16898,1.16912,607,8,0,1,1,5.132065143009185e-05,0.0003592445600108329
2026-01-07 14:00:00,1.16911,1.16937,1.16887,1.1691,724,8,0,1,1,3.42143529210846e-05,0.00034214352921046613
2026-01-07 14:15:00,1.1691,1.1691799999999999,1.16866,1.16891,601,8,0,1,1,0.0001283246785467611,0.00017965454996519959
2026-01-07 14:30:00,1.16891,1.1693500000000001,1.16885,1.16913,728,8,0,1,1,5.987358120997194e-05,0.00036779485600397767
2026-01-07 14:45:00,1.16914,1.1697899999999999,1.16901,1.16967,869,8,0,1,1,0.00012824129882795532,0.00035907563671812304
2026-01-07 15:00:00,1.16966,1.16983,1.1684700000000001,1.16886,1856,8,0,1,1,0.00017110689047446055,0.00013688551237953046
2026-01-07 15:15:00,1.16887,1.16892,1.16795,1.16864,1124,8,0,1,1,0.00035939211391026066,8.556955092965728e-06
2026-01-07 15:30:00,1.16864,1.16961,1.16864,1.16949,1068,8,0,1,1,4.275367895397436e-05,0.0005130441474490214
2026-01-07 15:45:00,1.16948,1.16951,1.16828,1.16896,971,8,0,1,1,8.554612647138395e-05,0.0002224199288255603
2026-01-07 16:00:00,1.16896,1.16927,1.1682,1.16826,784,8,0,1,1,0.00043654665913410575,5.9918168900770795e-05
2026-01-07 16:15:00,1.16826,1.16875,1.16818,1.16853,559,8,0,1,1,0.000453561312075787,8.557760605203887e-05
2026-01-07 16:30:00,1.16853,1.16904,1.16841,1.16888,579,8,0,1,1,0.00015399356649105898,0.000153993566490869
2026-01-07 16:45:00,1.16888,1.16889,1.16839,1.16888,468,8,0,1,1,0.00015399356649105898,0.000153993566490869
2026-01-07 17:00:00,1.16888,1.16944,1.16869,1.16877,526,8,0,1,1,0.00024812409627206504,5.989202323811741e-05
2026-01-07 17:15:00,1.16876,1.16897,1.16859,1.16893,434,8,0,1,1,0.00011121281856053269,0.00019676114053018782
2026-01-07 17:30:00,1.16892,1.16909,1.1687,1.16898,386,8,0,1,1,6.843573029485536e-05,0.00023952505603161385
2026-01-07 17:45:00,1.16899,1.16913,1.1686,1.16876,418,8,0,1,1,0.00025668229576642507,5.133645915324702e-05
2026-01-07 18:00:00,1.16876,1.169,1.16853,1.16886,378,8,0,1,1,0.00017110689047446055,0.00013688551237953046
2026-01-07 18:15:00,1.16886,1.16889,1.16866,1.16869,315,8,0,1,1,0.00031659379305032256,8.556589001416553e-06
2026-01-07 18:30:00,1.16869,1.16894,1.16868,1.16883,248,8,0,1,1,0.00019677797455571166,0.00011122233344452442
2026-01-07 18:45:00,1.16883,1.16883,1.16822,1.16829,414,8,0,1,1,0.00046221400508434117,6.84761489012642e-05
2026-01-07 19:00:00,1.16827,1.16849,1.16795,1.16814,476,8,0,1,1,0.00033386409163275847,4.280308867096882e-05
2026-01-07 19:15:00,1.16814,1.16815,1.16783,1.16795,347,8,0,1,1,0.00017124020720063184,0.00020548824864079625
2026-01-07 19:30:00,1.1679599999999999,1.16826,1.16789,1.16811,284,8,0,1,1,0.0003081901533245293,6.848670073886878e-05
2026-01-07 19:45:00,1.1681,1.16834,1.16805,1.16822,350,8,0,1,1,0.0004023214805430231,2.5680094502725935e-05
2026-01-07 20:00:00,1.16824,1.16836,1.168,1.16811,284,8,0,1,1,0.0003081901533245293,6.848670073886878e-05
2026-01-07 20:15:00,1.16811,1.1683,1.16792,1.16805,249,8,0,1,1,0.0002568383202773571,0.00011985788279613799
2026-01-07 20:30:00,1.16805,1.16824,1.16799,1.16809,246,8,0,1,1,0.0002910734618051751,8.560984170739325e-05
2026-01-07 20:45:00,1.16809,1.16814,1.16785,1.16785,287,8,0,1,1,8.562743503017424e-05,0.00029113327910263044
2026-01-07 21:00:00,1.16787,1.16791,1.16763,1.16776,159,8,0,1,1,8.563403438928777e-06,0.0003682263478798319
2026-01-07 21:15:00,1.16776,1.16776,1.16748,1.16755,143,8,0,1,1,0.0001456040426534225,0.0005224615648152108
2026-01-07 21:30:00,1.16755,1.1676199999999999,1.16734,1.16761,201,8,0,1,1,9.420953914411018e-05,0.0004967412063959926
2026-01-07 21:45:00,1.16761,1.16766,1.16727,1.16742,108,8,0,1,1,6.852717959248425e-05,0.0004111630775554761
2026-01-07 22:00:00,1.16727,1.16754,1.16727,1.16737,83,20,0,1,1,2.5698793013332955e-05,0.0003683493665246926
2026-01-07 22:15:00,1.16738,1.16754,1.16736,1.16749,125,20,0,1,1,0.0001284807578650545,0.00047109611217212007
2026-01-07 22:30:00,1.16748,1.16756,1.16744,1.16751,103,48,0,1,1,0.00014560903118603137,0.0004882185163295898
2026-01-07 22:45:00,1.1675200000000001,1.16768,1.16748,1.16765,68,20,0,1,1,5.994947116003468e-05,0.00046246734894873025
2026-01-07 23:00:00,1.16771,1.16774,1.16754,1.1676199999999999,130,8,0,1,1,8.564430208476306e-05,0.00048817252188227463
2026-01-07 23:15:00,1.1676199999999999,1.16771,1.16761,1.1676199999999999,75,8,0,1,1,8.564430208476306e-05,0.00048817252188227463
2026-01-07 23:30:00,1.1676199999999999,1.1676199999999999,1.16747,1.16757,99,8,0,1,1,0.0001284719545723978,0.0005310174122322987
2026-01-07 23:45:00,1.16758,1.16766,1.16755,1.16766,51,8,0,1,1,5.138482092404555e-05,0.0004538992514945631
2026-01-08 00:00:00,1.16766,1.16776,1.16761,1.16768,153,8,0,1,1,3.425596053716772e-05,0.00043676349684846055
2026-01-08 00:15:00,1.16768,1.16776,1.16755,1.16766,156,8,0,1,1,5.138482092404555e-05,0.0004538992514945631
2026-01-08 00:30:00,1.16766,1.16777,1.16761,1.16761,198,8,0,1,1,9.420953914411018e-05,0.0004967412063959926
2026-01-08 00:45:00,1.16761,1.16775,1.16755,1.16755,213,8,0,1,1,0.0001456040426534225,0.0005224615648152108
2026-01-08 01:00:00,1.16753,1.16777,1.16746,1.16766,241,8,0,1,1,5.138482092404555e-05,0.0004538992514945631
2026-01-08 01:15:00,1.16766,1.16779,1.16754,1.16756,235,8,0,1,1,0.00013703792524594882,0.0005310219603273861
2026-01-08 01:30:00,1.16756,1.1676,1.16724,1.16731,294,8,0,1,1,2.5700113937149935e-05,0.0003169680718917695
2026-01-08 01:45:00,1.16731,1.1675200000000001,1.16728,1.16744,243,8,0,1,1,8.565750702390613e-05,0.0004282875351195307
2026-01-08 02:00:00,1.16745,1.16756,1.16731,1.16745,310,8,0,1,1,9.422245064033105e-05,0.00043684954387769104
2026-01-08 02:15:00,1.16746,1.16753,1.16723,1.1674,260,8,0,1,1,5.139626520468476e-05,0.00039403803323617004
2026-01-08 02:30:00,1.16741,1.16799,1.16739,1.16792,326,8,0,1,1,0.0001455579149256828,0.0002311802178231321
2026-01-08 02:45:00,1.16792,1.16804,1.16778,1.16798,264,8,0,1,1,0.00019692118015715378,0.0001797975992739974
2026-01-08 03:00:00,1.1679599999999999,1.16816,1.1679599999999999,1.16799,261,8,0,1,1,0.00020548121131175605,0.00017123434275976502
2026-01-08 03:15:00,1.16799,1.16816,1.1679599999999999,1.16814,255,8,0,1,1,0.00033386409163275847,4.280308867096882e-05
2026-01-08 03:30:00,1.16814,1.16824,1.16797,1.16801,186,8,0,1,1,0.00022260083389690752,0.00015410826962103835
2026-01-08 03:45:00,1.16801,1.16803,1.16784,1.1679599999999999,170,8,0,1,1,0.0001798006781052617,0.00019692455221084157
2026-01-08 04:00:00,1.1679599999999999,1.16797,1.16775,1.16797,215,8,0,1,1,0.00018836100242291065,0.00018836100242310076
2026-01-08 04:15:00,1.16797,1.16809,1.16785,1.16785,124,8,0,1,1,8.562743503017424e-05,0.00029113327910263044
2026-01-08 04:30:00,1.16785,1.1679599999999999,1.16777,1.1679599999999999,139,8,0,1,1,0.0001798006781052617,0.00019692455221084157
2026-01-08 04:45:00,1.1679599999999999,1.16808,1.16784,1.16801,213,8,0,1,1,0.00022260083389690752,0.00015410826962103835
2026-01-08 05:00:00,1.16801,1.16806,1.16784,1.16788,236,8,0,1,1,0.00011131280611018553,0.00026543822995516017
2026-01-08 05:15:00,1.16788,1.16793,1.1677,1.16779,292,8,0,1,1,3.4252733796350374e-05,0.00034252733796312344
2026-01-08 05:30:00,1.16781,1.16824,1.16776,1.1681,279,8,0,1,1,0.00029963188083199254,7.704819792838414e-05
2026-01-08 05:45:00,1.1681,1.16825,1.16799,1.1682,264,8,0,1,1,0.000385208012326519,8.560178051569481e-06
2026-01-08 06:00:00,1.16819,1.16827,1.1679,1.16811,337,8,0,1,1,0.0003081901533245293,6.848670073886878e-05
2026-01-08 06:15:00,1.16811,1.1681300000000001,1.16746,1.16756,364,8,0,1,1,0.00013703792524594882,0.0005310219603273861
2026-01-08 06:30:00,1.16756,1.1681,1.16754,1.1679599999999999,411,8,0,1,1,0.0001798006781052617,0.00019692455221084157
2026-01-08 06:45:00,1.1679599999999999,1.16824,1.1678,1.1681,351,8,0,1,1,0.00029963188083199254,7.704819792838414e-05
2026-01-08 07:00:00,1.16808,1.1682299999999999,1.16772,1.1678,555,8,0,1,1,4.2815550607881035e-05,0.0003339612947423467
2026-01-08 07:15:00,1.1678,1.16809,1.1677,1.1679,426,8,0,1,1,0.00012843565373736832,0.00024830893055922894
2026-01-08 07:30:00,1.16792,1.16827,1.16781,1.16815,413,8,0,1,1,0.00034242177802504465,3.424217780254249e-05
2026-01-08 07:45:00,1.16814,1.16817,1.16765,1.16774,458,8,0,1,1,8.563550105387769e-06,0.0003853597547399776
2026-01-08 08:00:00,1.16777,1.16785,1.16741,1.16763,566,8,0,1,1,7.707921173671927e-05,0.00047960398413891044
2026-01-08 08:15:00,1.16763,1.16767,1.16715,1.16746,463,8,0,1,1,0.00010278724752873586,0.00044541140595810903
2026-01-08 08:30:00,1.16744,1.16758,1.1669,1.16713,543,8,0,1,1,0.00017992854266452192,0.0001627924909820778
2026-01-08 08:45:00,1.16714,1.16726,1.16684,1.16712,515,8,0,1,1,0.0001884981835630518,0.00015422578655138028
2026-01-08 09:00:00,1.1671,1.16741,1.1669100000000001,1.1670099999999999,458,8,0,1,1,0.00028277392653033265,5.998234805168118e-05
2026-01-08 09:15:00,1.167,1.1675,1.167,1.1672500000000001,443,8,0,1,1,7.710430499029639e-05,0.0002655814949668301
2026-01-08 09:30:00,1.16726,1.16743,1.16695,1.16709,432,8,0,1,1,0.00021420798738750526,0.00012852479243235094
2026-01-08 09:45:00,1.16708,1.16767,1.16693,1.16764,452,8,0,1,1,6.851426809639957e-05,0.00047103559316231925
2026-01-08 10:00:00,1.16766,1.16815,1.1676199999999999,1.16794,480,8,0,1,1,0.00016267958970487566,0.00021405209171711175
2026-01-08 10:15:00,1.16794,1.16804,1.1675200000000001,1.16771,453,8,0,1,1,8.563770114211158e-06,0.0004110609654794734
2026-01-08 10:30:00,1.16771,1.16795,1.16767,1.1678,319,8,0,1,1,4.2815550607881035e-05,0.0003339612947423467
2026-01-08 10:45:00,1.1678,1.168,1.16756,1.16794,354,8,0,1,1,0.00016267958970487566,0.00021405209171711175
2026-01-08 11:00:00,1.16794,1.168,1.1676199999999999,1.1676199999999999,306,8,0,1,1,8.564430208476306e-05,0.00048817252188227463
2026-01-08 11:15:00,1.16763,1.16778,1.16756,1.16756,297,8,0,1,1,0.00013703792524594882,0.0005310219603273861
2026-01-08 11:30:00,1.16756,1.16779,1.16749,1.16776,261,8,0,1,1,8.563403438928777e-06,0.0003682263478798319
2026-01-08 11:45:00,1.16775,1.1679,1.16755,1.16773,314,8,0,1,1,8.563623440216033e-06,0.0003939266782562125
2026-01-08 12:00:00,1.16773,1.16775,1.16716,1.16721,373,8,0,1,1,0.00011137670170745921,0.00023132084200785843
2026-01-08 12:15:00,1.16721,1.16738,1.16705,1.16723,370,8,0,1,1,9.424020972734979e-05,0.0002484514620082601
2026-01-08 12:30:00,1.16722,1.16733,1.16702,1.16723,311,8,0,1,1,9.424020972734979e-05,0.0002484514620082601
2026-01-08 12:45:00,1.16723,1.1674,1.16694,1.16731,402,8,0,1,1,2.5700113937149935e-05,0.0003169680718917695
2026-01-08 13:00:00,1.16729,1.16763,1.1672500000000001,1.1673499999999999,528,8,0,1,1,8.566411101934698e-06,0.0003512228551846485
2026-01-08 13:15:00,1.1673499999999999,1.16775,1.16711,1.16738,508,8,0,1,1,3.4264763830149564e-05,0.00037691240213126484
2026-01-08 13:30:00,1.16745,1.16748,1.16665,1.16669,714,8,0,1,1,0.0004885616573382471,0.0002142814286572127
2026-01-08 13:45:00,1.16669,1.16669,1.1657899999999999,1.16625,870,8,0,1,1,0.00011146838156481327,0.0003258306538049706
2026-01-08 14:00:00,1.16626,1.16662,1.16597,1.16599,768,8,0,1,1,3.430561154044203e-05,0.00010291683462132609
2026-01-08 14:15:00,1.16599,1.16608,1.16558,1.16587,636,8,0,1,1,0.00013723657011515867,0.0
2026-01-08 14:30:00,1.16589,1.16624,1.16572,1.16617,752,8,0,1,1,4.28753955254238e-05,0.000257252373153114
2026-01-08 14:45:00,1.16617,1.16643,1.16576,1.16642,627,8,0,1,1,0.00025719723598700893,0.00044580854237759635
2026-01-08 15:00:00,1.16643,1.16676,1.1660300000000001,1.16658,626,8,0,1,1,0.00039431500625752624,0.0003085943527234635
2026-01-08 15:15:00,1.16658,1.16734,1.16651,1.16699,646,8,0,1,1,0.00029991688017898396,4.284526859688898e-05
2026-01-08 15:30:00,1.16697,1.16714,1.16632,1.16676,605,8,0,1,1,0.0004971030888957669,0.00015427337241598015
2026-01-08 15:45:00,1.16677,1.16699,1.16637,1.16662,874,8,0,1,1,0.00042858857211426594,0.0002742966861532444
2026-01-08 16:00:00,1.16663,1.1667399999999999,1.16576,1.16578,621,8,0,1,1,0.00021444869529420945,7.720153030582397e-05
2026-01-08 16:15:00,1.1657899999999999,1.16592,1.1652,1.16567,602,8,0,1,1,0.0003088352621240471,0.00017157514562438596
2026-01-08 16:30:00,1.16568,1.1656900000000001,1.16522,1.16564,519,8,0,1,1,0.00033458014481324637,0.0001973164956589963
2026-01-08 16:45:00,1.16564,1.1657899999999999,1.16539,1.16543,561,8,0,1,1,0.000514831435607592,0.0001458689067554495
2026-01-08 17:00:00,1.16543,1.16554,1.16497,1.16515,572,8,0,1,1,0.0007552675621166493,9.4408445264605e-05
2026-01-08 17:15:00,1.16514,1.16526,1.16469,1.16469,502,8,0,1,1,0.0004808146373712266,4.292987833681539e-05
2026-01-08 17:30:00,1.16469,1.16477,1.16433,1.16462,450,8,0,1,1,0.0004207380948291111,1.7172983462338772e-05
2026-01-08 17:45:00,1.16462,1.16509,1.16452,1.16504,358,8,0,1,1,0.0007810890613197541,0.00018883471812116917
2026-01-08 18:00:00,1.16502,1.16528,1.16471,1.16495,413,8,0,1,1,0.0007038928709385132,0.00026610584145245073
2026-01-08 18:15:00,1.16495,1.1651,1.16474,1.16491,360,8,0,1,1,0.000669579624176787,0.0002317775622151003
2026-01-08 18:30:00,1.16492,1.16515,1.1648,1.165,302,8,0,1,1,0.0007467811158797652,0.00022317596566517336
2026-01-08 18:45:00,1.165,1.16502,1.16444,1.1645,293,8,0,1,1,0.0003177329325890781,0.00012022327179030222
2026-01-08 19:00:00,1.16448,1.16468,1.1642299999999999,1.1646,387,8,0,1,1,0.00040357204190277383,3.4346556757528724e-05
2026-01-08 19:15:00,1.1646,1.16468,1.16448,1.16455,282,8,0,1,1,0.00036065432999859596,7.728307071394399e-05
2026-01-08 19:30:00,1.1645699999999999,1.16485,1.16449,1.16464,290,8,0,1,1,0.00043790355818088716,0.0
2026-01-08 19:45:00,1.16463,1.16503,1.16461,1.16497,308,8,0,1,1,0.0007210486106937963,0.00024893344892993073
2026-01-08 20:00:00,1.16497,1.16525,1.16494,1.16502,272,8,0,1,1,0.0007639353830834109,0.00020600504712366997
2026-01-08 20:15:00,1.16502,1.1653,1.16496,1.16527,265,8,0,1,1,0.0006522093592043852,8.5817020948497e-06
2026-01-08 20:30:00,1.16527,1.1654200000000001,1.16514,1.1652,265,8,0,1,1,0.0007123240645383697,5.149330587019308e-05
2026-01-08 20:45:00,1.1652,1.1654,1.16502,1.16511,285,8,0,1,1,0.0007896250139472083,0.00012874320879562655
2026-01-08 21:00:00,1.1650800000000001,1.1652,1.16502,1.16519,192,8,0,1,1,0.0007209124692111792,6.0076039100931605e-05
2026-01-08 21:15:00,1.1652,1.16539,1.16511,1.16536,163,8,0,1,1,0.0005749296354775953,8.58103933548337e-05
2026-01-08 21:30:00,1.16536,1.16602,1.16533,1.16592,323,8,0,1,1,9.434609578706472e-05,4.288458899418958e-05
2026-01-08 21:45:00,1.16594,1.16621,1.16556,1.16574,373,8,0,1,1,0.00024876902225206605,0.00011151714790601976
2026-01-08 22:00:00,1.16562,1.1657899999999999,1.16553,1.16563,67,20,0,1,1,0.0003431620668652814,0.00020589724011909266
2026-01-08 22:15:00,1.16563,1.1657899999999999,1.16555,1.16558,191,20,0,1,1,0.0003860738859624062,0.00024880317095343215
2026-01-08 22:30:00,1.16559,1.16582,1.16555,1.1658,135,20,0,1,1,0.00019728941499414524,6.004460456340238e-05
2026-01-08 22:45:00,1.1658,1.16584,1.16562,1.16584,86,8,0,1,1,0.00016297262059985463,2.5732519042042213e-05
2026-01-08 23:00:00,1.16584,1.16617,1.16581,1.16592,192,8,0,1,1,9.434609578706472e-05,4.288458899418958e-05
2026-01-08 23:15:00,1.16592,1.16594,1.16576,1.16577,101,8,0,1,1,0.00022302855623334707,8.57802139358441e-05
2026-01-08 23:30:00,1.1657899999999999,1.16585,1.16566,1.16566,131,8,0,1,1,0.000317416742446514,0.00018015544841552724
2026-01-08 23:45:00,1.16566,1.16575,1.1656,1.16575,104,8,0,1,1,0.000240188719708392,0.00010293802273205915
2026-01-09 00:00:00,1.16577,1.16577,1.16545,1.16546,179,8,0,1,1,0.0004890772742094808,0.0001716060611260601
2026-01-09 00:15:00,1.16546,1.16573,1.16539,1.16556,187,8,0,1,1,0.0004032396444629127,0.0002573870071038531
2026-01-09 00:30:00,1.16556,1.16559,1.16536,1.16548,182,8,0,1,1,0.0004719085698596719,0.00018876342794394498
2026-01-09 00:45:00,1.16547,1.16559,1.16532,1.16532,269,8,0,1,1,0.0006092747056604285,5.1488003295188435e-05
2026-01-09 01:00:00,1.16531,1.16544,1.16513,1.16532,307,8,0,1,1,0.0006092747056604285,5.1488003295188435e-05
2026-01-09 01:15:00,1.16531,1.1656900000000001,1.16505,1.16517,348,8,0,1,1,0.000738089720813343,7.724194752690464e-05
2026-01-09 01:30:00,1.16517,1.16526,1.1648399999999999,1.16486,310,8,0,1,1,0.0006266847518155808,0.0001888638978075554
2026-01-09 01:45:00,1.16486,1.1651799999999999,1.16477,1.16488,406,8,0,1,1,0.0006438431426411359,0.00020602980564523213
2026-01-09 02:00:00,1.1649,1.16506,1.1645699999999999,1.16459,330,8,0,1,1,0.0003949887943395572,4.2933564602034596e-05
2026-01-09 02:15:00,1.16459,1.16502,1.16459,1.16496,235,8,0,1,1,0.0007124708144484672,0.0002575195714874047
2026-01-09 02:30:00,1.16496,1.16524,1.16492,1.16517,294,8,0,1,1,0.000738089720813343,7.724194752690464e-05
2026-01-09 02:45:00,1.16517,1.16543,1.16514,1.16538,275,8,0,1,1,0.0005577579845201045,0.00010297070483457757
2026-01-09 03:00:00,1.1654,1.16584,1.16531,1.16572,250,8,0,1,1,0.000265930068970278,0.00012867583982420516
2026-01-09 03:15:00,1.16572,1.16587,1.16554,1.16563,253,8,0,1,1,0.0003431620668652814,0.00020589724011909266
2026-01-09 03:30:00,1.16563,1.16578,1.16547,1.16568,264,8,0,1,1,0.0003002539290371907,0.00016299499004865183
2026-01-09 03:45:00,1.16568,1.16568,1.16547,1.16559,191,8,0,1,1,0.000377491227618818,0.0002402216903028149
2026-01-09 04:00:00,1.1656,1.16565,1.1653,1.16531,251,8,0,1,1,0.0006178613416172983,4.2907037612399714e-05
2026-01-09 04:15:00,1.16531,1.16546,1.16516,1.16545,184,8,0,1,1,0.0004976618473551203,0.00016302715689230296
2026-01-09 04:30:00,1.16545,1.16557,1.16538,1.1654200000000001,157,8,0,1,1,0.0005234164507216277,0.00013728956084515454
2026-01-09 04:45:00,1.1654200000000001,1.16549,1.1653,1.1654,207,8,0,1,1,0.0005405869229450236,0.00012013042732111635
2026-01-09 05:00:00,1.16538,1.1656,1.16528,1.16537,269,8,0,1,1,0.000566343736324176,9.439062272072775e-05
2026-01-09 05:15:00,1.16537,1.16554,1.16522,1.16526,200,8,0,1,1,0.0006607967320599347,0.0
2026-01-09 05:30:00,1.16526,1.16536,1.16498,1.16506,242,8,0,1,1,0.0007982421506187452,0.00017166497862769126
2026-01-09 05:45:00,1.16506,1.1651799999999999,1.16497,1.16509,230,8,0,1,1,0.0008068046245355835,0.00014591147465003003
2026-01-09 06:00:00,1.16509,1.16524,1.1648100000000001,1.16491,345,8,0,1,1,0.000669579624176787,0.0002317775622151003
2026-01-09 06:15:00,1.16491,1.16513,1.16482,1.16505,251,8,0,1,1,0.000789665679584404,0.00018024977468781897
2026-01-09 06:30:00,1.16505,1.16523,1.16505,1.16512,224,8,0,1,1,0.0007810354298271323,0.0001201592968964819
2026-01-09 06:45:00,1.16513,1.16524,1.1648100000000001,1.16486,285,8,0,1,1,0.0006266847518155808,0.0001888638978075554
2026-01-09 07:00:00,1.1648399999999999,1.16494,1.16446,1.16448,375,8,0,1,1,0.000300563341577228,0.00013740038472102395
2026-01-09 07:15:00,1.1644700000000001,1.16469,1.16426,1.1644700000000001,451,8,0,1,1,0.0002919783249031808,0.0001459891624513997
2026-01-09 07:30:00,1.1644700000000001,1.16454,1.1639599999999999,1.1642000000000001,441,8,0,1,1,6.0127125923393304e-05,0.0003779419343753426
2026-01-09 07:45:00,1.16421,1.16504,1.16407,1.16502,514,8,0,1,1,0.0007639353830834109,0.00020600504712366997
2026-01-09 08:00:00,1.16505,1.16526,1.1643,1.16435,646,8,0,1,1,0.0001889466225790243,0.0002490660024905754
2026-01-09 08:15:00,1.16435,1.16474,1.16424,1.16453,564,8,0,1,1,0.00034348621332207495,9.445870866343713e-05
2026-01-09 08:30:00,1.16455,1.1645699999999999,1.16408,1.16424,531,8,0,1,1,9.448223733923628e-05,0.0003435717721431629
2026-01-09 08:45:00,1.16424,1.16493,1.16418,1.16483,570,8,0,1,1,0.0006009460607985052,0.00016311393078829916
2026-01-09 09:00:00,1.1648399999999999,1.16499,1.1646,1.16478,475,8,0,1,1,0.0005580452961072627,0.00012019437146931524
2026-01-09 09:15:00,1.16476,1.16486,1.16422,1.1642299999999999,378,8,0,1,1,8.589368080170323e-05,0.00035216409128782243
2026-01-09 09:30:00,1.16424,1.16452,1.1642299999999999,1.1643,370,8,0,1,1,0.00014601047839885034,0.0002920209567980821
2026-01-09 09:45:00,1.1643,1.16445,1.16418,1.16421,348,8,0,1,1,6.871612509758374e-05,0.0003693491724001086
2026-01-09 10:00:00,1.16421,1.16446,1.164,1.16434,308,8,0,1,1,0.0001803596887505552,0.00025765669821526955
2026-01-09 10:15:00,1.16434,1.1644,1.16365,1.16422,438,8,0,1,1,7.730497672254683e-05,0.0003607565580387426
2026-01-09 10:30:00,1.16422,1.16444,1.16403,1.16425,382,8,0,1,1,0.0001030706463387571,0.00033497960060115134
2026-01-09 10:45:00,1.16425,1.16464,1.1642299999999999,1.16463,349,8,0,1,1,0.0004293209002000162,8.586418003866865e-06
2026-01-09 11:00:00,1.16463,1.16465,1.16413,1.16439,407,8,0,1,1,0.00022329288296870202,0.0002147046951621548
2026-01-09 11:15:00,1.16439,1.16456,1.16429,1.16445,322,8,0,1,1,0.0002748078491990862,0.00016316716046194552
2026-01-09 11:30:00,1.16445,1.1645699999999999,1.16419,1.16453,321,8,0,1,1,0.00034348621332207495,9.445870866343713e-05
2026-01-09 11:45:00,1.16453,1.16462,1.16438,1.1645699999999999,299,8,0,1,1,0.00037782185699423304,6.0108022703671314e-05
2026-01-09 12:00:00,1.16458,1.16458,1.16422,1.16435,462,8,0,1,1,0.0001889466225790243,0.0002490660024905754
2026-01-09 12:15:00,1.16435,1.16445,1.1639599999999999,1.16431,404,8,0,1,1,0.00015459800225012837,0.0002834296707920927
2026-01-09 12:30:00,1.16432,1.16437,1.16393,1.16411,424,8,0,1,1,1.7180506996874027e-05,0.0004552834354141099
2026-01-09 12:45:00,1.1641,1.16442,1.1639599999999999,1.16412,481,8,0,1,1,8.590179706615737e-06,0.00044668934474096646
2026-01-09 13:00:00,1.16413,1.16435,1.16405,1.16432,540,8,0,1,1,0.00016318537859000314,0.00027483853236213063
2026-01-09 13:15:00,1.16434,1.16456,1.16406,1.16433,612,8,0,1,1,0.00017177260742227542,0.0002662475415043934
2026-01-09 13:30:00,1.16434,1.1660300000000001,1.16253,1.16564,3463,8,0,1,1,0.00033458014481324637,0.0001973164956589963
2026-01-09 13:45:00,1.16562,1.16578,1.16415,1.16449,1862,8,0,1,1,0.0003091482108046578,0.0001288117545018613
2026-01-09 14:00:00,1.16449,1.16522,1.16398,1.16424,1697,8,0,1,1,9.448223733923628e-05,0.0003435717721431629
2026-01-09 14:15:00,1.16424,1.16461,1.16343,1.16377,1608,8,0,1,1,0.0002405973688959657,0.0004640092114421105
2026-01-09 14:30:00,1.16379,1.16441,1.16326,1.16337,1254,8,0,1,1,0.0005759130801034481,0.00012034004658881438
2026-01-09 14:45:00,1.16337,1.16374,1.16296,1.16364,1187,8,0,1,1,0.00035234264892924054,0.00035234264892924054
2026-01-09 15:00:00,1.1636199999999999,1.1639,1.16212,1.16256,1499,8,0,1,1,0.00012042389210021761,0.0001376273052573097
2026-01-09 15:15:00,1.16258,1.1628,1.16178,1.16261,1157,8,0,1,1,7.741202982956067e-05,9.461470312491249e-05
2026-01-09 15:30:00,1.16259,1.16379,1.16249,1.1634,1000,8,0,1,1,0.0005587072374076324,0.00014612343132199026
2026-01-09 15:45:00,1.16342,1.16404,1.16322,1.16402,1021,8,0,1,1,2.57727530454584e-05,0.0005326368962731249
2026-01-09 16:00:00,1.16403,1.1643,1.1636,1.1638,787,8,0,1,1,0.0002148135418457497,0.0004897748754081109
2026-01-09 16:15:00,1.1638,1.16403,1.16297,1.1629800000000001,642,8,0,1,1,0.00024076080414113567,6.019020103528392e-05
2026-01-09 16:30:00,1.16296,1.16354,1.16279,1.16342,679,8,0,1,1,0.0005415069364461076,0.00016331161575347894
2026-01-09 16:45:00,1.16342,1.16349,1.16319,1.1633,515,8,0,1,1,0.0005157740909481079,6.0173643943965006e-05
2026-01-09 17:00:00,1.16328,1.16344,1.16283,1.1631,565,8,0,1,1,0.0003439085203335534,0.00011177026910838576
2026-01-09 17:15:00,1.16309,1.16309,1.16272,1.16303,530,8,0,1,1,0.0002837416059774395,0.00010317876580990858
2026-01-09 17:30:00,1.16305,1.1632,1.16283,1.16305,399,8,0,1,1,0.0003009328919649632,0.00012037315678587074
2026-01-09 17:45:00,1.16305,1.16327,1.1629800000000001,1.16311,359,8,0,1,1,0.00035250320262057884,0.00010317166905958849
2026-01-09 18:00:00,1.16313,1.16341,1.16308,1.16315,415,8,0,1,1,0.0003868804539395946,6.877874736713237e-05
2026-01-09 18:15:00,1.16315,1.16338,1.16307,1.1633,306,8,0,1,1,0.0005157740909481079,6.0173643943965006e-05
2026-01-09 18:30:00,1.16329,1.16395,1.16327,1.16376,392,8,0,1,1,0.0002491922733210658,0.00045542036158651225
2026-01-09 18:45:00,1.16377,1.16382,1.16331,1.16336,363,8,0,1,1,0.0005673222390316694,0.00011174528950622635
2026-01-09 19:00:00,1.16336,1.1637,1.16326,1.16354,352,8,0,1,1,0.00043831754817196694,0.0002664283135947475
2026-01-09 19:15:00,1.16355,1.16384,1.16354,1.16373,259,8,0,1,1,0.0002749778728743764,0.00042965292636603416
2026-01-09 19:30:00,1.1637,1.16373,1.16339,1.16352,294,8,0,1,1,0.00045551430143007373,0.00024924367436754283
2026-01-09 19:45:00,1.16351,1.16355,1.16336,1.16344,263,8,0,1,1,0.0005243072268445295,0.00018049920924159688
2026-01-09 20:00:00,1.16344,1.16354,1.16338,1.16353,248,8,0,1,1,0.0004469158509020618,0.0002578360678280465
2026-01-09 20:15:00,1.16354,1.16375,1.16344,1.16363,194,8,0,1,1,0.0003609394738878226,0.00034375187989305533
2026-01-09 20:30:00,1.16363,1.16367,1.16341,1.16349,233,8,0,1,1,0.0004813105398414391,0.00022346560778341626
2026-01-09 20:45:00,1.16349,1.1635900000000001,1.16336,1.16341,223,8,0,1,1,0.0005501070130048512,0.00015471759740768
2026-01-09 21:00:00,1.16341,1.16365,1.1633499999999999,1.16348,190,8,0,1,1,0.0004899095815999926,0.00021487262350885575
2026-01-09 21:15:00,1.16349,1.16357,1.16332,1.16339,167,8,0,1,1,0.0005673076096580725,0.0001375291174927909
2026-01-09 21:30:00,1.16338,1.16338,1.16302,1.16304,145,8,0,1,1,0.0002923373228779809,0.00011177603521801784
2026-01-09 21:45:00,1.16304,1.1633,1.16291,1.16328,235,8,0,1,1,0.0004985901932467032,4.2981913211011545e-05
2026-01-11 22:00:00,1.16318,1.16331,1.16311,1.16328,65,48,0,1,1,0.0004985901932467032,4.2981913211011545e-05
2026-01-11 22:15:00,1.16327,1.16333,1.16319,1.16332,97,48,0,1,1,0.0005329573977923899,7.736478355046202e-05
2026-01-11 22:30:00,1.16332,1.16332,1.16302,1.1632,105,48,0,1,1,0.00042984869325992514,2.579092159557642e-05
2026-01-11 22:45:00,1.16319,1.16331,1.16311,1.1632,107,48,0,1,1,0.00042984869325992514,2.579092159557642e-05
2026-01-11 23:00:00,1.16342,1.16346,1.163,1.16309,206,8,0,1,1,0.00033531369025603387,0.00012036901701504527
2026-01-11 23:15:00,1.16309,1.1632500000000001,1.16251,1.16255,204,8,0,1,1,0.00012902670852874674,0.0001462302696658238
2026-01-11 23:30:00,1.16255,1.1626,1.16233,1.1625,180,8,0,1,1,0.00017204301075266921,0.00018924731182785973
2026-01-11 23:45:00,1.1625,1.1625,1.16228,1.16236,115,8,0,1,1,6.022230634228164e-05,0.000197873292267606
2026-01-12 00:00:00,1.16234,1.16444,1.1621299999999999,1.16433,893,8,0,1,1,0.00017177260742227542,0.0002662475415043934
2026-01-12 00:15:00,1.16435,1.16455,1.16378,1.16426,599,8,0,1,1,0.00011165890780406736,0.00032638757665798436
2026-01-12 00:30:00,1.16424,1.16589,1.16417,1.16583,1209,8,0,1,1,0.00017155159843218996,3.4310319686437995e-05
2026-01-12 00:45:00,1.16585,1.16646,1.16557,1.16642,826,8,0,1,1,0.00025719723598700893,0.00044580854237759635
2026-01-12 01:00:00,1.16642,1.16681,1.16596,1.16654,871,8,0,1,1,0.00036003908995822255,0.00034289437138904625
2026-01-12 01:15:00,1.16654,1.16709,1.16638,1.16654,799,8,0,1,1,0.00036003908995822255,0.00034289437138904625
2026-01-12 01:30:00,1.16654,1.16656,1.16581,1.16582,591,8,0,1,1,0.00018013072343933323,4.2888267485446695e-05
2026-01-12 01:45:00,1.16581,1.16586,1.16553,1.16557,373,8,0,1,1,0.00039465669157590446,0.00025738479885375137
2026-01-12 02:00:00,1.16557,1.1662,1.16552,1.16593,426,8,0,1,1,8.576844235949931e-05,5.1461065415547234e-05
2026-01-12 02:15:00,1.16593,1.16601,1.16562,1.16564,318,8,0,1,1,0.00033458014481324637,0.0001973164956589963
2026-01-12 02:30:00,1.16562,1.16641,1.16545,1.16608,521,8,0,1,1,3.4302963776104555e-05,0.00018009055982440612
2026-01-12 02:45:00,1.1661,1.16617,1.16536,1.16545,385,8,0,1,1,0.0004976618473551203,0.00016302715689230296
2026-01-12 03:00:00,1.16545,1.16591,1.16545,1.1657899999999999,349,8,0,1,1,0.00020586898154919845,6.862299384973281e-05
2026-01-12 03:15:00,1.1658,1.16587,1.16564,1.16574,242,8,0,1,1,0.00024876902225206605,0.00011151714790601976
2026-01-12 03:30:00,1.16575,1.16587,1.16548,1.16557,250,8,0,1,1,0.00039465669157590446,0.00025738479885375137
2026-01-12 03:45:00,1.16557,1.16574,1.16548,1.1655,262,8,0,1,1,0.0004547404547405761,0.00020592020592022134
2026-01-12 04:00:00,1.16548,1.16561,1.16535,1.16561,204,8,0,1,1,0.0003603263527252571,0.00022305917073457414
2026-01-12 04:15:00,1.16561,1.16581,1.16548,1.16557,184,8,0,1,1,0.00039465669157590446,0.00025738479885375137
2026-01-12 04:30:00,1.16555,1.16557,1.16526,1.16536,188,8,0,1,1,0.0005749296354775953,8.58103933548337e-05
2026-01-12 04:45:00,1.16536,1.16555,1.16536,1.16555,179,8,0,1,1,0.00041182274462703094,0.0002488095748789185
2026-01-12 05:00:00,1.16555,1.16605,1.16554,1.16599,296,8,0,1,1,3.430561154044203e-05,0.00010291683462132609
2026-01-12 05:15:00,1.166,1.16656,1.16593,1.16653,277,8,0,1,1,0.0003514697435985542,0.0003514697435985542
2026-01-12 05:30:00,1.16653,1.1669100000000001,1.1665,1.16685,372,8,0,1,1,0.000419934010369886,7.713073659865923e-05
2026-01-12 05:45:00,1.16684,1.16708,1.16676,1.16687,459,8,0,1,1,0.00040278694284707844,5.9989544679368304e-05
2026-01-12 06:00:00,1.16685,1.16687,1.1663999999999999,1.16644,391,8,0,1,1,0.0002743390144369843,0.0004286547100580973
2026-01-12 06:15:00,1.16643,1.1669,1.16639,1.16675,381,8,0,1,1,0.0005056781658453743,0.00016284551103504135
2026-01-12 06:30:00,1.16675,1.16703,1.16654,1.16667,426,8,0,1,1,0.0004714272244936875,0.00023142791020596437
2026-01-12 06:45:00,1.16667,1.1672500000000001,1.16653,1.16695,404,8,0,1,1,0.00033420455032358927,8.569347444057988e-06
2026-01-12 07:00:00,1.16695,1.16776,1.1668,1.1675200000000001,689,8,0,1,1,0.00015417294778682076,0.0004967794984240311
2026-01-12 07:15:00,1.16754,1.16841,1.16754,1.16809,913,8,0,1,1,0.0002910734618051751,8.560984170739325e-05
2026-01-12 07:30:00,1.1681300000000001,1.1681300000000001,1.16758,1.1677,624,8,0,1,1,1.712768690599557e-05,0.00041962832919422924
2026-01-12 07:45:00,1.1677,1.16873,1.16755,1.16844,726,8,0,1,1,0.0005306220259491843,5.990893841362372e-05
2026-01-12 08:00:00,1.16842,1.16889,1.16779,1.16785,883,8,0,1,1,8.562743503017424e-05,0.00029113327910263044
2026-01-12 08:15:00,1.16785,1.16816,1.16756,1.16778,614,8,0,1,1,2.5689770333431376e-05,0.0003510935278905457
2026-01-12 08:30:00,1.16779,1.1685,1.16779,1.16828,672,8,0,1,1,0.00045365836956887,7.703632690786753e-05
2026-01-12 08:45:00,1.16828,1.16914,1.1681300000000001,1.16876,770,8,0,1,1,0.00025668229576642507,5.133645915324702e-05
2026-01-12 09:00:00,1.1687400000000001,1.16933,1.16844,1.16892,714,8,0,1,1,0.00011976867535847534,0.00018820791842032557
2026-01-12 09:15:00,1.16891,1.16954,1.16888,1.16949,628,8,0,1,1,4.275367895397436e-05,0.0005130441474490214
2026-01-12 09:30:00,1.1695,1.1695,1.16868,1.16873,460,8,0,1,1,0.0002823577729671878,2.566888845154526e-05
2026-01-12 09:45:00,1.16873,1.1687400000000001,1.16809,1.16816,523,8,0,1,1,0.00035097931790167565,2.5681413504977475e-05
2026-01-12 10:00:00,1.16814,1.16846,1.1681,1.16839,426,8,0,1,1,0.0005477623053945805,1.711757204369348e-05
2026-01-12 10:15:00,1.16839,1.16846,1.16756,1.16798,536,8,0,1,1,0.00019692118015715378,0.0001797975992739974
2026-01-12 10:30:00,1.168,1.16825,1.16772,1.16807,487,8,0,1,1,0.00027395618413269407,0.00010273356904990284
2026-01-12 10:45:00,1.16808,1.16852,1.16805,1.16852,440,8,0,1,1,0.0004621230274192867,9.413617225212619e-05
2026-01-12 11:00:00,1.16852,1.16881,1.1683,1.16865,428,8,0,1,1,0.0003508321567620943,1.7113763744413622e-05
2026-01-12 11:15:00,1.16866,1.16892,1.1684700000000001,1.16863,447,8,0,1,1,0.00036795221755382836,0.0
2026-01-12 11:30:00,1.16863,1.1687400000000001,1.16794,1.16815,475,8,0,1,1,0.00034242177802504465,3.424217780254249e-05
2026-01-12 11:45:00,1.16815,1.16816,1.16753,1.16782,494,8,0,1,1,5.9940744292797254e-05,0.000316829648404704
2026-01-12 12:00:00,1.1678,1.16844,1.16765,1.16837,599,8,0,1,1,0.0005306538168558273,0.0
2026-01-12 12:15:00,1.16836,1.16843,1.16805,1.16816,462,8,0,1,1,0.00035097931790167565,2.5681413504977475e-05
2026-01-12 12:30:00,1.16818,1.16871,1.16816,1.16864,427,8,0,1,1,0.00035939211391026066,8.556955092965728e-06
2026-01-12 12:45:00,1.16865,1.16871,1.16781,1.16809,646,8,0,1,1,0.0002910734618051751,8.560984170739325e-05
2026-01-12 13:00:00,1.16811,1.1693500000000001,1.16774,1.1691799999999999,875,8,0,1,1,0.00010263603551198102,0.00041054414204811404
2026-01-12 13:15:00,1.1691799999999999,1.16953,1.1688,1.1689,706,8,0,1,1,0.0001368808281289571,0.00017110103516124387
2026-01-12 13:30:00,1.16889,1.1693,1.1687400000000001,1.16919,637,8,0,1,1,0.00011118808747933482,0.0004190935604990459
2026-01-12 13:45:00,1.16917,1.16982,1.16906,1.16924,861,8,0,1,1,0.00015394615305674538,0.0004618384591700463
2026-01-12 14:00:00,1.16925,1.16925,1.16815,1.1683,900,8,0,1,1,0.0004707694941366331,5.9916117435602584e-05
2026-01-12 14:15:00,1.16828,1.16839,1.1675,1.16753,788,8,0,1,1,0.0001627367176859802,0.0005053403338671113
2026-01-12 14:30:00,1.16755,1.1679,1.16737,1.1676199999999999,918,8,0,1,1,8.564430208476306e-05,0.00048817252188227463
2026-01-12 14:45:00,1.16764,1.16789,1.16745,1.16766,816,8,0,1,1,5.138482092404555e-05,0.0004538992514945631
2026-01-12 15:00:00,1.16769,1.16789,1.1672500000000001,1.1677,696,8,0,1,1,1.712768690599557e-05,0.00041962832919422924
2026-01-12 15:15:00,1.1677,1.16795,1.16753,1.1676,617,8,0,1,1,0.0001027749229189106,0.0005053100376842159
2026-01-12 15:30:00,1.16759,1.16843,1.16758,1.1681300000000001,638,8,0,1,1,0.00032530625872124417,5.1364146113830634e-05
2026-01-12 15:45:00,1.16814,1.16855,1.16799,1.16807,712,8,0,1,1,0.00027395618413269407,0.00010273356904990284
2026-01-12 16:00:00,1.16807,1.16818,1.1672500000000001,1.1675200000000001,612,8,0,1,1,0.00015417294778682076,0.0004967794984240311
2026-01-12 16:15:00,1.16751,1.1679,1.16751,1.16771,504,8,0,1,1,8.563770114211158e-06,0.0004110609654794734
2026-01-12 16:30:00,1.16774,1.16792,1.16753,1.1678,530,8,0,1,1,4.2815550607881035e-05,0.0003339612947423467
2026-01-12 16:45:00,1.16781,1.16787,1.1671,1.16715,470,8,0,1,1,0.00016278970140953136,0.00017992545945235956
2026-01-12 17:00:00,1.16713,1.16754,1.16703,1.16727,535,8,0,1,1,5.996898746649404e-05,0.0002827109409133632
2026-01-12 17:15:00,1.16726,1.16727,1.16663,1.16687,570,8,0,1,1,0.00040278694284707844,5.9989544679368304e-05
2026-01-12 17:30:00,1.16689,1.16711,1.16663,1.16699,520,8,0,1,1,0.00029991688017898396,4.284526859688898e-05
2026-01-12 17:45:00,1.167,1.1671,1.16658,1.16683,400,8,0,1,1,0.0004370816657096667,9.42725161335023e-05
2026-01-12 18:00:00,1.16683,1.1669,1.16648,1.16678,413,8,0,1,1,0.0004799533759578635,0.00013712953598806976
2026-01-12 18:15:00,1.16678,1.16713,1.16675,1.16695,315,8,0,1,1,0.00033420455032358927,8.569347444057988e-06
2026-01-12 18:30:00,1.16697,1.16712,1.16679,1.1668,282,8,0,1,1,0.00046280425094273646,0.00011998628728147839
2026-01-12 18:45:00,1.1668,1.167,1.16676,1.16687,292,8,0,1,1,0.00040278694284707844,5.9989544679368304e-05
2026-01-12 19:00:00,1.16687,1.16719,1.16673,1.16716,239,8,0,1,1,0.0001542205010453314,0.00018849172349968038
2026-01-12 19:15:00,1.16716,1.16736,1.16705,1.16721,256,8,0,1,1,0.00011137670170745921,0.00023132084200785843
2026-01-12 19:30:00,1.16721,1.16731,1.1669100000000001,1.16696,282,8,0,1,1,0.00032563241242205984,1.713854802213356e-05
2026-01-12 19:45:00,1.16696,1.16731,1.16696,1.16717,238,8,0,1,1,0.00014565144751835934,0.00019705784076008847
2026-01-12 20:00:00,1.16718,1.16727,1.16699,1.16714,221,8,0,1,1,0.00017135904861454321,0.00017135904861454321
2026-01-12 20:15:00,1.16715,1.16715,1.16698,1.16707,224,8,0,1,1,0.00023134859091570554,0.00011139006229271892
2026-01-12 20:30:00,1.16708,1.16718,1.16658,1.16663,271,8,0,1,1,0.0004371565963501799,0.0002657226369971906
2026-01-12 20:45:00,1.16665,1.16676,1.16625,1.16649,404,8,0,1,1,0.0003171908889060184,0.000385772702723608
2026-01-12 21:00:00,1.16646,1.16666,1.16639,1.16663,211,8,0,1,1,0.0004371565963501799,0.0002657226369971906
2026-01-12 21:15:00,1.16663,1.16672,1.1666,1.16666,136,8,0,1,1,0.0004628597877702029,0.0002400013714364579
2026-01-12 21:30:00,1.16666,1.16679,1.16659,1.1667,130,8,0,1,1,0.0004971286534670652,0.00020570840833120593
2026-01-12 21:45:00,1.16671,1.16684,1.16641,1.16656,220,8,0,1,1,0.0003771773419284014,0.0003257440680291172
2026-01-12 22:00:00,1.16646,1.16657,1.16634,1.16649,57,20,0,1,1,0.0003171908889060184,0.000385772702723608
2026-01-12 22:15:00,1.16647,1.16653,1.16641,1.16644,114,63,0,1,1,0.0002743390144369843,0.0004286547100580973
2026-01-12 22:30:00,1.16644,1.16683,1.16644,1.16669,117,20,0,1,1,0.0004885616573382471,0.0002142814286572127
2026-01-12 22:45:00,1.16671,1.16683,1.16643,1.16678,218,20,0,1,1,0.0004799533759578635,0.00013712953598806976
2026-01-12 23:00:00,1.16686,1.16688,1.16652,1.16655,211,8,0,1,1,0.000368608289400309,0.00033431914620043074
2026-01-12 23:15:00,1.16653,1.16703,1.1665,1.16672,243,8,0,1,1,0.000514262205156279,0.00018856280855741652
2026-01-12 23:30:00,1.16672,1.16681,1.16652,1.16672,169,8,0,1,1,0.000514262205156279,0.00018856280855741652
2026-01-12 23:45:00,1.16673,1.16681,1.16651,1.16672,176,8,0,1,1,0.000514262205156279,0.00018856280855741652
2026-01-13 00:00:00,1.16672,1.16672,1.16645,1.16646,217,8,0,1,1,0.00029148020506490315,0.00041150146597400335
2026-01-13 00:15:00,1.16646,1.16646,1.16622,1.16632,182,8,0,1,1,0.00017147952534465495,0.0003858289320255688
2026-01-13 00:30:00,1.16632,1.16639,1.16602,1.16612,287,8,0,1,1,0.0,0.00021438616951950355
2026-01-13 00:45:00,1.16612,1.1663999999999999,1.16608,1.16633,331,8,0,1,1,0.00018005195785073132,0.00039439952672067676
2026-01-13 01:00:00,1.16634,1.16642,1.16598,1.1661,367,8,0,1,1,1.7151187719861955e-05,0.00019723865877707957
2026-01-13 01:15:00,1.16611,1.16616,1.1657899999999999,1.16596,329,8,0,1,1,6.003636488388495e-05,7.718961199367517e-05
2026-01-13 01:30:00,1.16596,1.16622,1.1656,1.16588,332,8,0,1,1,0.00012865818094494674,8.577212063047237e-06
2026-01-13 01:45:00,1.16588,1.1661,1.16577,1.16581,313,8,0,1,1,0.00018870999562545267,5.146636244323602e-05
2026-01-13 02:00:00,1.1657899999999999,1.1661,1.16578,1.16598,240,8,0,1,1,4.288238220218659e-05,9.434124084465814e-05
2026-01-13 02:15:00,1.16598,1.166,1.16574,1.16574,217,8,0,1,1,0.00024876902225206605,0.00011151714790601976
2026-01-13 02:30:00,1.16573,1.16598,1.16565,1.16584,217,8,0,1,1,0.00016297262059985463,2.5732519042042213e-05
2026-01-13 02:45:00,1.16584,1.16595,1.16581,1.16589,248,8,0,1,1,0.00012007993893079877,1.715427699022294e-05
2026-01-13 03:00:00,1.16589,1.16611,1.16561,1.16605,256,8,0,1,1,1.7151923159306186e-05,0.00015436730843451738
2026-01-13 03:15:00,1.16605,1.16632,1.16599,1.16611,236,8,0,1,1,8.575520319751577e-06,0.00020581248767270497
2026-01-13 03:30:00,1.16611,1.16612,1.1658,1.1658,211,8,0,1,1,0.00019728941499414524,6.004460456340238e-05
2026-01-13 03:45:00,1.1658,1.16599,1.16573,1.16584,208,8,0,1,1,0.00016297262059985463,2.5732519042042213e-05
2026-01-13 04:00:00,1.16584,1.16605,1.16582,1.16604,153,8,0,1,1,8.57603512730564e-06,0.00014579259716648098
2026-01-13 04:15:00,1.16604,1.16651,1.16592,1.16643,370,8,0,1,1,0.0002657681986917624,0.000437231552686411
2026-01-13 04:30:00,1.16643,1.16653,1.1661,1.16621,232,8,0,1,1,7.717306488533238e-05,0.00029154268956706506
2026-01-13 04:45:00,1.16619,1.16655,1.1661299999999999,1.16652,231,8,0,1,1,0.000342900250317145,0.0003600452628331164
2026-01-13 05:00:00,1.16653,1.16657,1.16623,1.16643,246,8,0,1,1,0.0002657681986917624,0.000437231552686411
2026-01-13 05:15:00,1.16643,1.1667,1.16635,1.16661,230,8,0,1,1,0.00042002040099080193,0.0002828708823001376
2026-01-13 05:30:00,1.16661,1.16668,1.16627,1.16628,262,8,0,1,1,0.00013718832527346604,0.0003515450835134114
2026-01-13 05:45:00,1.16628,1.16638,1.1661299999999999,1.16624,276,8,0,1,1,0.00010289477294544689,0.00031725888324871506
2026-01-13 06:00:00,1.16623,1.16626,1.1655,1.16573,370,8,0,1,1,0.00025734947200482876,0.00012009642026886929
2026-01-13 06:15:00,1.16574,1.16583,1.16544,1.16552,319,8,0,1,1,0.00043757292882166975,0.00022307639508539276
2026-01-13 06:30:00,1.16552,1.16571,1.16535,1.1655,337,8,0,1,1,0.0004547404547405761,0.00020592020592022134
2026-01-13 06:45:00,1.1655,1.16587,1.16538,1.16586,383,8,0,1,1,0.00014581510644522117,8.57735920270488e-06
2026-01-13 07:00:00,1.16584,1.16609,1.16568,1.1656900000000001,424,8,0,1,1,0.00029167274318215555,0.00015441498168453614
2026-01-13 07:15:00,1.1657,1.1662,1.16555,1.16608,543,8,0,1,1,3.4302963776104555e-05,0.00018009055982440612
2026-01-13 07:30:00,1.16609,1.16633,1.16595,1.16596,450,8,0,1,1,6.003636488388495e-05,7.718961199367517e-05
2026-01-13 07:45:00,1.16596,1.16644,1.16594,1.16636,438,8,0,1,1,0.00020576837340102367,0.00042011042902714553
2026-01-13 08:00:00,1.16634,1.16682,1.1661,1.16663,680,8,0,1,1,0.0004371565963501799,0.0002657226369971906
2026-01-13 08:15:00,1.16662,1.16662,1.16605,1.1661,495,8,0,1,1,1.7151187719861955e-05,0.00019723865877707957
2026-01-13 08:30:00,1.16611,1.16631,1.16581,1.1663000000000001,504,8,0,1,1,0.00015433421932613305,0.0003686873017235295
2026-01-13 08:45:00,1.1663000000000001,1.16686,1.16625,1.16686,452,8,0,1,1,0.0004113604031332259,6.856006718893441e-05
2026-01-13 09:00:00,1.16687,1.16699,1.1663000000000001,1.16649,481,8,0,1,1,0.0003171908889060184,0.000385772702723608
2026-01-13 09:15:00,1.16649,1.1669100000000001,1.16643,1.16673,384,8,0,1,1,0.0005228287607244173,0.00017999022910188602
2026-01-13 09:30:00,1.16672,1.16722,1.16662,1.16689,480,8,0,1,1,0.00038564046311139995,4.2848940345795676e-05
2026-01-13 09:45:00,1.16689,1.16717,1.16679,1.16713,350,8,0,1,1,0.00017992854266452192,0.0001627924909820778
2026-01-13 10:00:00,1.16716,1.16742,1.16704,1.16715,455,8,0,1,1,0.00016278970140953136,0.00017992545945235956
2026-01-13 10:15:00,1.16715,1.16717,1.16667,1.16672,355,8,0,1,1,0.000514262205156279,0.00018856280855741652
2026-01-13 10:30:00,1.16673,1.1670099999999999,1.16658,1.1667399999999999,455,8,0,1,1,0.0005142533897870613,0.000171417796595814
2026-01-13 10:45:00,1.16676,1.16676,1.16649,1.16661,332,8,0,1,1,0.00042002040099080193,0.0002828708823001376
2026-01-13 11:00:00,1.16662,1.16668,1.16644,1.1666400000000001,246,8,0,1,1,0.0004457244737023211,0.0002571487348281963
2026-01-13 11:15:00,1.16663,1.16684,1.16642,1.16678,273,8,0,1,1,0.0004799533759578635,0.00013712953598806976
2026-01-13 11:30:00,1.16678,1.167,1.16668,1.16678,295,8,0,1,1,0.0004799533759578635,0.00013712953598806976
2026-01-13 11:45:00,1.16678,1.16685,1.16656,1.16683,264,8,0,1,1,0.0004370816657096667,9.42725161335023e-05
2026-01-13 12:00:00,1.16683,1.16689,1.16632,1.16655,361,8,0,1,1,0.000368608289400309,0.00033431914620043074
2026-01-13 12:15:00,1.16655,1.16682,1.16651,1.16661,282,8,0,1,1,0.00042002040099080193,0.0002828708823001376
2026-01-13 12:30:00,1.16661,1.16662,1.16592,1.16606,352,8,0,1,1,2.5727664099595637e-05,0.00016294187263102627
2026-01-13 12:45:00,1.16606,1.16626,1.16524,1.16548,739,8,0,1,1,0.0004719085698596719,0.00018876342794394498
2026-01-13 13:00:00,1.16547,1.1658,1.16528,1.16549,587,8,0,1,1,0.00046332443864829985,0.00019734189053527055
2026-01-13 13:15:00,1.16551,1.16551,1.16498,1.16526,787,8,0,1,1,0.0006607967320599347,0.0
2026-01-13 13:30:00,1.16522,1.16772,1.16522,1.16665,2513,8,0,1,1,0.0004542922041742763,0.0002485749796426722
2026-01-13 13:45:00,1.16663,1.16687,1.16598,1.16681,1157,8,0,1,1,0.00045422990889702823,0.00011141488331449468
2026-01-13 14:00:00,1.16682,1.16729,1.16654,1.16675,924,8,0,1,1,0.0005056781658453743,0.00016284551103504135
2026-01-13 14:15:00,1.16673,1.16698,1.16651,1.16686,837,8,0,1,1,0.0004113604031332259,6.856006718893441e-05
2026-01-13 14:30:00,1.16688,1.16693,1.1657,1.16606,1188,8,0,1,1,2.5727664099595637e-05,0.00016294187263102627
2026-01-13 14:45:00,1.16606,1.16649,1.1659,1.16636,871,8,0,1,1,0.00020576837340102367,0.00042011042902714553
2026-01-13 15:00:00,1.16633,1.16645,1.16536,1.16548,947,8,0,1,1,0.0004719085698596719,0.00018876342794394498
2026-01-13 15:15:00,1.16547,1.16558,1.16468,1.16477,855,8,0,1,1,0.0005494647011856194,0.00011161001742849276
2026-01-13 15:30:00,1.16477,1.16487,1.16437,1.1648100000000001,784,8,0,1,1,0.0005837861968904918,0.0001459465492228136
2026-01-13 15:45:00,1.16483,1.16546,1.16475,1.1651799999999999,873,8,0,1,1,0.0007295010213016354,6.865891965196795e-05
2026-01-13 16:00:00,1.1651799999999999,1.16541,1.16366,1.16375,804,8,0,1,1,0.00025778732545647,0.00044683136412466246
2026-01-13 16:15:00,1.16374,1.16402,1.16341,1.1639,753,8,0,1,1,0.0001288770512931476,0.0005756508291089857
2026-01-13 16:30:00,1.16389,1.1644700000000001,1.16388,1.16429,549,8,0,1,1,0.00013742280703255886,0.0003006123903837106
2026-01-13 16:45:00,1.16429,1.1648100000000001,1.16429,1.16453,516,8,0,1,1,0.00034348621332207495,9.445870866343713e-05
2026-01-13 17:00:00,1.16452,1.16476,1.16425,1.1645,470,8,0,1,1,0.0003177329325890781,0.00012022327179030222
2026-01-13 17:15:00,1.1645,1.16469,1.1641,1.16431,467,8,0,1,1,0.00015459800225012837,0.0002834296707920927
2026-01-13 17:30:00,1.16432,1.16482,1.16426,1.16461,449,8,0,1,1,0.00041215514206456577,2.5759696379023445e-05
2026-01-13 17:45:00,1.16461,1.16483,1.16441,1.16458,401,8,0,1,1,0.00038640539937130934,5.152071991614916e-05
2026-01-13 18:00:00,1.1646,1.16466,1.16412,1.16455,530,8,0,1,1,0.00036065432999859596,7.728307071394399e-05
2026-01-13 18:15:00,1.16455,1.16496,1.16446,1.16482,365,8,0,1,1,0.0005923662025032687,0.00015453031369659604
2026-01-13 18:30:00,1.16482,1.1651,1.16469,1.16506,323,8,0,1,1,0.0007982421506187452,0.00017166497862769126
2026-01-13 18:45:00,1.1650800000000001,1.1654,1.16505,1.16527,299,8,0,1,1,0.0006522093592043852,8.5817020948497e-06
2026-01-13 19:00:00,1.16527,1.1653,1.16473,1.16503,324,8,0,1,1,0.0007725122958206234,0.00019741980893191803
2026-01-13 19:15:00,1.16505,1.16511,1.16464,1.16473,347,8,0,1,1,0.0005151408480934929,7.727112721415737e-05
2026-01-13 19:30:00,1.16473,1.16485,1.1645699999999999,1.1648,218,8,0,1,1,0.0005752060439559996,0.00013736263736277473
2026-01-13 19:45:00,1.1648,1.16506,1.16463,1.16489,375,8,0,1,1,0.00065242211710966,0.00021461253852302233
2026-01-13 20:00:00,1.1649,1.16496,1.16469,1.16493,256,8,0,1,1,0.0006867365421097507,0.00024894199651491803
2026-01-13 20:15:00,1.16493,1.16494,1.16458,1.1646,251,8,0,1,1,0.00040357204190277383,3.4346556757528724e-05
2026-01-13 20:30:00,1.1646,1.16487,1.16449,1.1648,281,8,0,1,1,0.0005752060439559996,0.00013736263736277473
2026-01-13 20:45:00,1.1648,1.1648399999999999,1.16451,1.16452,281,8,0,1,1,0.00033490193384389313,0.00010304674887498537
2026-01-13 21:00:00,1.16452,1.16462,1.16426,1.16427,195,8,0,1,1,0.00012024702173877791,0.00031779570031004964
2026-01-13 21:15:00,1.16427,1.1645699999999999,1.16425,1.16448,158,8,0,1,1,0.000300563341577228,0.00013740038472102395
2026-01-13 21:30:00,1.16448,1.16463,1.16443,1.16444,121,8,0,1,1,0.0002662223901616317,0.00017175638074952594
2026-01-13 21:45:00,1.16444,1.16444,1.16419,1.1642000000000001,148,8,0,1,1,6.0127125923393304e-05,0.0003779419343753426
2026-01-13 22:00:00,1.1642299999999999,1.16426,1.16403,1.1642000000000001,73,8,0,1,1,6.0127125923393304e-05,0.0003779419343753426
2026-01-13 22:15:00,1.16421,1.16422,1.16406,1.16414,140,48,0,1,1,8.590032126585693e-06,0.00042950160633596044
2026-01-13 22:30:00,1.16414,1.16425,1.164,1.16422,244,20,0,1,1,7.730497672254683e-05,0.0003607565580387426
2026-01-13 22:45:00,1.16422,1.16448,1.16403,1.16444,175,8,0,1,1,0.0002662223901616317,0.00017175638074952594
2026-01-13 23:00:00,1.1645,1.1645,1.16429,1.16444,193,8,0,1,1,0.0002662223901616317,0.00017175638074952594
2026-01-13 23:15:00,1.16444,1.16451,1.16442,1.16444,65,8,0,1,1,0.0002662223901616317,0.00017175638074952594
2026-01-13 23:30:00,1.16443,1.16454,1.16426,1.1643,132,8,0,1,1,0.00014601047839885034,0.0002920209567980821
2026-01-13 23:45:00,1.1643,1.16437,1.16418,1.16418,106,8,0,1,1,4.2948684911167924e-05,0.0003951279011835841
2026-01-14 00:00:00,1.16418,1.16429,1.16378,1.16382,238,8,0,1,1,0.00019762506229481573,0.000506951246756449
2026-01-14 00:15:00,1.16382,1.16412,1.16379,1.16412,205,8,0,1,1,8.590179706615737e-06,0.00044668934474096646
2026-01-14 00:30:00,1.16412,1.16434,1.16404,1.16426,226,8,0,1,1,0.00011165890780406736,0.00032638757665798436
2026-01-14 00:45:00,1.16427,1.16432,1.16406,1.16426,295,8,0,1,1,0.00011165890780406736,0.00032638757665798436
2026-01-14 01:00:00,1.16426,1.16429,1.16368,1.16373,346,8,0,1,1,0.0002749778728743764,0.00042965292636603416
2026-01-14 01:15:00,1.16373,1.1639,1.16364,1.16371,250,8,0,1,1,0.00029216901117976724,0.00041247389813616446
2026-01-14 01:30:00,1.16372,1.16391,1.16365,1.16382,266,8,0,1,1,0.00019762506229481573,0.000506951246756449
2026-01-14 01:45:00,1.16382,1.16392,1.1637,1.16378,238,8,0,1,1,0.00023200261217755285,0.0004725979136950716
2026-01-14 02:00:00,1.1638,1.16394,1.16358,1.16372,283,8,0,1,1,0.0002835733681641129,0.00042106348606202646
2026-01-14 02:15:00,1.16372,1.16393,1.16366,1.16389,209,8,0,1,1,0.00013747003582807477,0.0005670638977911185
2026-01-14 02:30:00,1.16389,1.16413,1.16383,1.16407,255,8,0,1,1,1.718109735660998e-05,0.0004896612746655781
2026-01-14 02:45:00,1.16407,1.16441,1.16401,1.16431,218,8,0,1,1,0.00015459800225012837,0.0002834296707920927
2026-01-14 03:00:00,1.16431,1.16452,1.16431,1.16449,292,8,0,1,1,0.0003091482108046578,0.0001288117545018613
2026-01-14 03:15:00,1.1644700000000001,1.1645699999999999,1.16437,1.16443,183,8,0,1,1,0.0002576367836623644,0.00018034574856352158
2026-01-14 03:30:00,1.16443,1.16474,1.16442,1.16473,225,8,0,1,1,0.0005151408480934929,7.727112721415737e-05
2026-01-14 03:45:00,1.16473,1.16485,1.1646,1.16466,181,8,0,1,1,0.0004550684319886657,1.717239366006476e-05
2026-01-14 04:00:00,1.16467,1.16477,1.16458,1.1646,165,8,0,1,1,0.00040357204190277383,3.4346556757528724e-05
2026-01-14 04:15:00,1.1646,1.16466,1.16442,1.16448,161,8,0,1,1,0.000300563341577228,0.00013740038472102395
2026-01-14 04:30:00,1.16448,1.16459,1.16436,1.16438,130,8,0,1,1,0.00021470653910223592,0.00022329480066638637
2026-01-14 04:45:00,1.16438,1.16445,1.1643,1.16437,149,8,0,1,1,0.00020612004775096915,0.000231885053720031
2026-01-14 05:00:00,1.16436,1.16448,1.16428,1.16428,171,8,0,1,1,0.00012883498814707155,0.00030920397155316244
2026-01-14 05:15:00,1.16427,1.16432,1.16417,1.16427,170,8,0,1,1,0.00012024702173877791,0.00031779570031004964
2026-01-14 05:30:00,1.16427,1.16438,1.16416,1.16416,196,8,0,1,1,2.5769653655832952e-05,0.00041231445849351794
2026-01-14 05:45:00,1.16416,1.16436,1.16413,1.16416,174,8,0,1,1,2.5769653655832952e-05,0.00041231445849351794
2026-01-14 06:00:00,1.16416,1.16455,1.16411,1.1645,213,8,0,1,1,0.0003177329325890781,0.00012022327179030222
2026-01-14 06:15:00,1.1645,1.16468,1.16446,1.16463,242,8,0,1,1,0.0004293209002000162,8.586418003866865e-06
2026-01-14 06:30:00,1.16463,1.16468,1.16448,1.16464,219,8,0,1,1,0.00043790355818088716,0.0
2026-01-14 06:45:00,1.16464,1.16497,1.16442,1.16486,324,8,0,1,1,0.0006266847518155808,0.0001888638978075554
2026-01-14 07:00:00,1.16487,1.16505,1.16471,1.1648399999999999,400,8,0,1,1,0.0006095257717796148,0.00017169740050133753
2026-01-14 07:15:00,1.1648399999999999,1.16515,1.16477,1.16482,301,8,0,1,1,0.0005923662025032687,0.00015453031369659604
2026-01-14 07:30:00,1.16482,1.16496,1.16465,1.1648399999999999,274,8,0,1,1,0.0006095257717796148,0.00017169740050133753
2026-01-14 07:45:00,1.16483,1.16492,1.16442,1.16456,355,8,0,1,1,0.00036923816720472145,6.869547296820942e-05
2026-01-14 08:00:00,1.1645699999999999,1.16502,1.16441,1.16442,482,8,0,1,1,0.0002490510296971037,0.00018893526390811473
2026-01-14 08:15:00,1.16444,1.16456,1.16405,1.16424,488,8,0,1,1,9.448223733923628e-05,0.0003435717721431629
2026-01-14 08:30:00,1.16424,1.16478,1.16417,1.16427,888,8,0,1,1,0.00012024702173877791,0.00031779570031004964
2026-01-14 08:45:00,1.16425,1.16473,1.1642000000000001,1.16472,603,8,0,1,1,0.0005065595164501927,6.868603612892369e-05
2026-01-14 09:00:00,1.16473,1.16496,1.16456,1.16491,467,8,0,1,1,0.000669579624176787,0.0002317775622151003
2026-01-14 09:15:00,1.16491,1.16509,1.16456,1.16479,490,8,0,1,1,0.000566625743696188,0.000128778578112874
2026-01-14 09:30:00,1.16479,1.16526,1.16466,1.16487,440,8,0,1,1,0.0006352640208778344,0.00019744692540813523
2026-01-14 09:45:00,1.16488,1.16533,1.16486,1.16514,384,8,0,1,1,0.0007638567039154585,0.00010299191513457435
2026-01-14 10:00:00,1.16515,1.16517,1.16465,1.16499,479,8,0,1,1,0.000738203761405558,0.00023176164602270617
2026-01-14 10:15:00,1.16499,1.16545,1.16493,1.16544,407,8,0,1,1,0.0005062465678199568,0.0001544481054366325
2026-01-14 10:30:00,1.16544,1.16567,1.1653,1.16539,481,8,0,1,1,0.0005491723800617785,0.00011155063969998325
2026-01-14 10:45:00,1.16538,1.16576,1.1653,1.16546,528,8,0,1,1,0.0004890772742094808,0.0001716060611260601
2026-01-14 11:00:00,1.16545,1.16547,1.16496,1.16502,516,8,0,1,1,0.0007639353830834109,0.00020600504712366997
2026-01-14 11:15:00,1.16502,1.16512,1.16477,1.16477,348,8,0,1,1,0.0005494647011856194,0.00011161001742849276
2026-01-14 11:30:00,1.16477,1.16492,1.16462,1.16466,288,8,0,1,1,0.0004550684319886657,1.717239366006476e-05
2026-01-14 11:45:00,1.16467,1.1648100000000001,1.16435,1.16468,390,8,0,1,1,0.00047223271628243674,3.434419754785864e-05
2026-01-14 12:00:00,1.16468,1.16533,1.16446,1.16465,809,8,0,1,1,0.0004464860687759017,8.586270553441388e-06
2026-01-14 12:15:00,1.16466,1.16473,1.16446,1.16452,387,8,0,1,1,0.00033490193384389313,0.00010304674887498537
2026-01-14 12:30:00,1.16452,1.16487,1.16449,1.16479,387,8,0,1,1,0.000566625743696188,0.000128778578112874
2026-01-14 12:45:00,1.16479,1.16596,1.16453,1.16592,666,8,0,1,1,9.434609578706472e-05,4.288458899418958e-05
2026-01-14 13:00:00,1.16592,1.16592,1.16502,1.1650800000000001,580,8,0,1,1,0.0008153946510110947,0.00015449582861249607
2026-01-14 13:15:00,1.16509,1.1652,1.16463,1.1648,510,8,0,1,1,0.0005752060439559996,0.00013736263736277473
2026-01-14 13:30:00,1.1648100000000001,1.16525,1.16445,1.16523,871,8,0,1,1,0.0006865597349880573,2.5745990062025946e-05
2026-01-14 13:45:00,1.16522,1.16533,1.16449,1.16498,601,8,0,1,1,0.0007296262596781022,0.00024034747377642363
2026-01-14 14:00:00,1.16497,1.16571,1.1648399999999999,1.16528,991,8,0,1,1,0.0006436221337361221,1.7163256899741712e-05
2026-01-14 14:15:00,1.1653,1.16584,1.16521,1.16546,811,8,0,1,1,0.0004890772742094808,0.0001716060611260601
2026-01-14 14:30:00,1.16544,1.16591,1.16519,1.16586,901,8,0,1,1,0.00014581510644522117,8.57735920270488e-06
2026-01-14 14:45:00,1.16586,1.16595,1.16543,1.16557,766,8,0,1,1,0.00039465669157590446,0.00025738479885375137
2026-01-14 15:00:00,1.16555,1.16585,1.16517,1.16531,1162,8,0,1,1,0.0006178613416172983,4.2907037612399714e-05
2026-01-14 15:15:00,1.16529,1.16556,1.16495,1.16512,767,8,0,1,1,0.0007810354298271323,0.0001201592968964819
2026-01-14 15:30:00,1.16514,1.16537,1.16491,1.16524,662,8,0,1,1,0.0006779719199478805,1.716384607455029e-05
2026-01-14 15:45:00,1.16526,1.1660300000000001,1.16523,1.16592,764,8,0,1,1,9.434609578706472e-05,4.288458899418958e-05
2026-01-14 16:00:00,1.16593,1.16612,1.16575,1.16587,505,8,0,1,1,0.00013723657011515867,0.0
2026-01-14 16:15:00,1.16588,1.16611,1.16536,1.16558,537,8,0,1,1,0.0003860738859624062,0.00024880317095343215
2026-01-14 16:30:00,1.16558,1.16575,1.16546,1.16548,639,8,0,1,1,0.0004719085698596719,0.00018876342794394498
2026-01-14 16:45:00,1.1655,1.1656900000000001,1.16524,1.1654,548,8,0,1,1,0.0005405869229450236,0.00012013042732111635
2026-01-14 17:00:00,1.1654,1.16555,1.1651799999999999,1.16533,464,8,0,1,1,0.0006006882170716835,6.0068821707168354e-05
2026-01-14 17:15:00,1.16533,1.16533,1.16498,1.16513,476,8,0,1,1,0.0007724459931510843,0.00011157553234399893
2026-01-14 17:30:00,1.16512,1.16516,1.16456,1.16464,459,8,0,1,1,0.00043790355818088716,0.0
2026-01-14 17:45:00,1.16464,1.16482,1.16452,1.16465,378,8,0,1,1,0.0004464860687759017,8.586270553441388e-06
2026-01-14 18:00:00,1.16465,1.16469,1.16433,1.16437,401,8,0,1,1,0.00020612004775096915,0.000231885053720031
2026-01-14 18:15:00,1.16437,1.16451,1.16415,1.16444,287,8,0,1,1,0.0002662223901616317,0.00017175638074952594
2026-01-14 18:30:00,1.16444,1.16474,1.16397,1.164,411,8,0,1,1,4.295532646057175e-05,0.0005498281786941357
2026-01-14 18:45:00,1.16402,1.16421,1.16378,1.16378,465,8,0,1,1,0.00023200261217755285,0.0004725979136950716
2026-01-14 19:00:00,1.16377,1.16388,1.16355,1.16366,413,8,0,1,1,0.00033514944227705046,0.00036952374404888925
2026-01-14 19:15:00,1.16366,1.16384,1.16363,1.16373,244,8,0,1,1,0.0002749778728743764,0.00042965292636603416
2026-01-14 19:30:00,1.16374,1.16389,1.16354,1.1638,255,8,0,1,1,0.0002148135418457497,0.0004897748754081109
2026-01-14 19:45:00,1.1638,1.1639,1.16348,1.16361,326,8,0,1,1,0.00037813356708862585,0.00032656989884931114
2026-01-14 20:00:00,1.1635900000000001,1.16429,1.1635900000000001,1.1642000000000001,574,8,0,1,1,6.0127125923393304e-05,0.0003779419343753426
2026-01-14 20:15:00,1.1642000000000001,1.16436,1.16413,1.16432,353,8,0,1,1,0.00016318537859000314,0.00027483853236213063
2026-01-14 20:30:00,1.16434,1.16469,1.16427,1.16427,445,8,0,1,1,0.00012024702173877791,0.00031779570031004964
2026-01-14 20:45:00,1.16427,1.16446,1.16412,1.16429,343,8,0,1,1,0.00013742280703255886,0.0003006123903837106
2026-01-14 21:00:00,1.1643,1.1646,1.16422,1.16431,248,8,0,1,1,0.00015459800225012837,0.0002834296707920927
2026-01-14 21:15:00,1.1643,1.16446,1.16418,1.16426,193,8,0,1,1,0.00011165890780406736,0.00032638757665798436
2026-01-14 21:30:00,1.16426,1.16444,1.1642299999999999,1.16444,171,8,0,1,1,0.0002662223901616317,0.00017175638074952594
2026-01-14 21:45:00,1.16444,1.16458,1.16425,1.16433,271,8,0,1,1,0.00017177260742227542,0.0002662475415043934
2026-01-14 22:00:00,1.16433,1.16449,1.16424,1.16446,79,20,0,1,1,0.00028339316077833623,0.00015457808769717032
2026-01-14 22:15:00,1.1644700000000001,1.16449,1.1642299999999999,1.16448,59,20,0,1,1,0.000300563341577228,0.00013740038472102395
2026-01-14 22:30:00,1.16437,1.16446,1.16426,1.16429,103,20,0,1,1,0.00013742280703255886,0.0003006123903837106
2026-01-14 22:45:00,1.1643,1.16444,1.16416,1.1644,104,8,0,1,1,0.00023187907935416733,0.0002061147372035348
2026-01-14 23:00:00,1.16441,1.16461,1.16439,1.16458,228,8,0,1,1,0.00038640539937130934,5.152071991614916e-05
2026-01-14 23:15:00,1.16459,1.16466,1.16443,1.16444,139,8,0,1,1,0.0002662223901616317,0.00017175638074952594
2026-01-14 23:30:00,1.16444,1.16462,1.16444,1.16452,168,8,0,1,1,0.00033490193384389313,0.00010304674887498537
2026-01-14 23:45:00,1.16452,1.16466,1.16446,1.16446,140,8,0,1,1,0.00028339316077833623,0.00015457808769717032
2026-01-15 00:00:00,1.1644700000000001,1.1644700000000001,1.16421,1.16428,166,8,0,1,1,0.00012883498814707155,0.00030920397155316244
2026-01-15 00:15:00,1.16428,1.16453,1.1641,1.16413,210,8,0,1,1,0.0,0.00043809540171612136
2026-01-15 00:30:00,1.16413,1.1643,1.1637,1.16384,365,8,0,1,1,0.0001804371734946758,0.0005241270277701397
2026-01-15 00:45:00,1.16385,1.16408,1.16354,1.16374,452,8,0,1,1,0.0002663825253063678,0.00043824221905237464
2026-01-15 01:00:00,1.16374,1.16394,1.16368,1.16388,414,8,0,1,1,0.00014606316802419792,0.0005584768189160733
2026-01-15 01:15:00,1.1638600000000001,1.16414,1.16382,1.1639599999999999,448,8,0,1,1,7.732224475080375e-05,0.000584212515894029
2026-01-15 01:30:00,1.1639599999999999,1.16399,1.16328,1.16391,556,8,0,1,1,0.00012028421441522883,0.0005842376128738596
2026-01-15 01:45:00,1.16392,1.16408,1.16371,1.16384,399,8,0,1,1,0.0001804371734946758,0.0005241270277701397
2026-01-15 02:00:00,1.16384,1.16405,1.16371,1.16404,313,8,0,1,1,8.590770076685949e-06,0.0005154462045977234
2026-01-15 02:15:00,1.16404,1.16406,1.16368,1.1637,268,8,0,1,1,0.000300764801924957,0.00040388416258483326
2026-01-15 02:30:00,1.1637,1.16394,1.16358,1.16388,249,8,0,1,1,0.00014606316802419792,0.0005584768189160733
2026-01-15 02:45:00,1.16388,1.16401,1.16383,1.164,209,8,0,1,1,4.295532646057175e-05,0.0005498281786941357
2026-01-15 03:00:00,1.164,1.164,1.16369,1.1637,190,8,0,1,1,0.000300764801924957,0.00040388416258483326
2026-01-15 03:15:00,1.1637,1.16395,1.16366,1.16395,262,8,0,1,1,8.591434339962111e-05,0.0005928089694573283
2026-01-15 03:30:00,1.1639599999999999,1.16411,1.16381,1.16411,223,8,0,1,1,1.7180506996874027e-05,0.0004552834354141099
2026-01-15 03:45:00,1.16411,1.16411,1.1637,1.1638600000000001,195,8,0,1,1,0.00016324987541449352,0.0005413022184799979
2026-01-15 04:00:00,1.16387,1.16391,1.16358,1.1635900000000001,170,8,0,1,1,0.0003953282513599334,0.00030938732715143474
2026-01-15 04:15:00,1.1635900000000001,1.16361,1.16343,1.16351,177,8,0,1,1,0.00046411289976019536,0.00024065113320904675
2026-01-15 04:30:00,1.16351,1.16366,1.16351,1.1635900000000001,146,8,0,1,1,0.0003953282513599334,0.00030938732715143474
2026-01-15 04:45:00,1.1635900000000001,1.1636199999999999,1.1634,1.16344,153,8,0,1,1,0.0005243072268445295,0.00018049920924159688
2026-01-15 05:00:00,1.16342,1.16375,1.16332,1.16367,245,8,0,1,1,0.0003265530605756331,0.0003781140701401565
2026-01-15 05:15:00,1.16366,1.16372,1.16357,1.16369,184,8,0,1,1,0.00030936074040349064,0.00039529427940422705
2026-01-15 05:30:00,1.16369,1.16372,1.1635,1.16357,176,8,0,1,1,0.0004125235267324149,0.00029220416476877795
2026-01-15 05:45:00,1.16356,1.16373,1.16345,1.1635,248,8,0,1,1,0.00047271164589604683,0.00023205844434894066
2026-01-15 06:00:00,1.16351,1.16379,1.1633499999999999,1.16337,344,8,0,1,1,0.0005759130801034481,0.00012034004658881438
2026-01-15 06:15:00,1.16337,1.16355,1.16328,1.16347,325,8,0,1,1,0.0004985087711759005,0.00020627949152106885
2026-01-15 06:30:00,1.16347,1.16348,1.16295,1.16296,354,8,0,1,1,0.00022356744857942402,4.299374011133957e-05
2026-01-15 06:45:00,1.16297,1.16336,1.16297,1.16329,343,8,0,1,1,0.0005071822159563552,5.157785247010546e-05
2026-01-15 07:00:00,1.1633,1.1636199999999999,1.16303,1.16311,581,8,0,1,1,0.00035250320262057884,0.00010317166905958849
2026-01-15 07:15:00,1.16313,1.16326,1.16257,1.16269,521,8,0,1,1,8.600744824558147e-06,2.5802234473483467e-05
2026-01-15 07:30:00,1.16268,1.16315,1.16263,1.16289,411,8,0,1,1,0.0001633860468315253,1.719853124554431e-05
2026-01-15 07:45:00,1.1629,1.16295,1.16268,1.16285,366,8,0,1,1,0.0001289934213354022,5.159736853435183e-05
2026-01-15 08:00:00,1.16283,1.16303,1.16266,1.16288,513,8,0,1,1,0.00015478811227284583,2.5798018712331915e-05
2026-01-15 08:15:00,1.16285,1.16345,1.16273,1.16334,432,8,0,1,1,0.0005501401138102136,9.455533206118117e-05
2026-01-15 08:30:00,1.16334,1.16352,1.16306,1.16313,509,8,0,1,1,0.0003696921238382042,8.597491252051704e-05
2026-01-15 08:45:00,1.16313,1.16334,1.16291,1.16305,383,8,0,1,1,0.0003009328919649632,0.00012037315678587074
2026-01-15 09:00:00,1.16306,1.16345,1.16302,1.16316,423,8,0,1,1,0.0003954743973313258,6.018088655044405e-05
2026-01-15 09:15:00,1.16316,1.16344,1.1631,1.16316,586,8,0,1,1,0.0003954743973313258,6.018088655044405e-05
2026-01-15 09:30:00,1.16316,1.16365,1.1629800000000001,1.1636,495,8,0,1,1,0.00038673083533865714,0.00031797868683394764
2026-01-15 09:45:00,1.1636,1.16394,1.16343,1.16355,418,8,0,1,1,0.0004297193932361694,0.0002750204116712629
2026-01-15 10:00:00,1.16354,1.16368,1.16326,1.16363,454,8,0,1,1,0.0003609394738878226,0.00034375187989305533
2026-01-15 10:15:00,1.1636199999999999,1.16389,1.16351,1.16382,389,8,0,1,1,0.00019762506229481573,0.000506951246756449
2026-01-15 10:30:00,1.16381,1.16405,1.16366,1.1638600000000001,461,8,0,1,1,0.00016324987541449352,0.0005413022184799979
2026-01-15 10:45:00,1.16385,1.16387,1.16338,1.16354,387,8,0,1,1,0.00043831754817196694,0.0002664283135947475
2026-01-15 11:00:00,1.16357,1.16376,1.16344,1.16373,379,8,0,1,1,0.0002749778728743764,0.00042965292636603416
2026-01-15 11:15:00,1.16372,1.16372,1.16324,1.16337,370,8,0,1,1,0.0005759130801034481,0.00012034004658881438
2026-01-15 11:30:00,1.16336,1.16361,1.16322,1.16329,349,8,0,1,1,0.0005071822159563552,5.157785247010546e-05
2026-01-15 11:45:00,1.16329,1.16334,1.16299,1.16306,426,8,0,1,1,0.00030952831324258074,0.0001289701305176624
2026-01-15 12:00:00,1.16304,1.16344,1.163,1.16327,405,8,0,1,1,0.0004899980228149608,3.438582616249022e-05
2026-01-15 12:15:00,1.1632500000000001,1.16343,1.16315,1.16337,321,8,0,1,1,0.0005759130801034481,0.00012034004658881438
2026-01-15 12:30:00,1.16338,1.16347,1.16314,1.16317,262,8,0,1,1,0.0004040681929554325,5.1583173568738e-05
2026-01-15 12:45:00,1.16317,1.16319,1.16199,1.16225,563,8,0,1,1,3.4416003441634765e-05,0.00010324801032490429
2026-01-15 13:00:00,1.16225,1.16247,1.16177,1.16229,621,8,0,1,1,0.0,0.00013765927608441956
2026-01-15 13:15:00,1.16228,1.16236,1.1617,1.16194,576,8,0,1,1,0.000301220372824821,3.4425185465721126e-05
2026-01-15 13:30:00,1.16192,1.16192,1.16029,1.16061,1364,8,0,1,1,0.0003618786672524491,0.00040495946097327483
2026-01-15 13:45:00,1.16061,1.1608,1.15984,1.16009,911,8,0,1,1,8.620020860449533e-05,0.0008533820651846377
2026-01-15 14:00:00,1.16011,1.16076,1.15966,1.16069,930,8,0,1,1,0.0004307782439755188,0.00033600703030103857
2026-01-15 14:15:00,1.16067,1.16104,1.16045,1.16061,710,8,0,1,1,0.0003618786672524491,0.00040495946097327483
2026-01-15 14:30:00,1.16061,1.16083,1.15928,1.15953,865,8,0,1,1,0.0005691961398153605,0.001336748510172365
2026-01-15 14:45:00,1.15953,1.16018,1.15939,1.16009,940,8,0,1,1,8.620020860449533e-05,0.0008533820651846377
2026-01-15 15:00:00,1.16008,1.16069,1.15993,1.16017,854,8,0,1,1,1.7238852926839193e-05,0.0007843678081662071
2026-01-15 15:15:00,1.16017,1.16036,1.15967,1.16007,757,8,0,1,1,0.00010344203367048542,0.0008706371167258679
2026-01-15 15:30:00,1.16005,1.1605,1.15979,1.16046,612,8,0,1,1,0.00023266635644485158,0.0005342708925771374
2026-01-15 15:45:00,1.16048,1.1609099999999999,1.16006,1.16021,798,8,0,1,1,1.7238258591038675e-05,0.0007498642487137229
2026-01-15 16:00:00,1.16021,1.16051,1.15979,1.16051,691,8,0,1,1,0.00027574083807970287,0.0004911633678298175
2026-01-15 16:15:00,1.1605,1.16105,1.16046,1.16085,498,8,0,1,1,0.0005685489081275642,0.00019813068010524575
2026-01-15 16:30:00,1.16085,1.16105,1.16063,1.16075,526,8,0,1,1,0.0004824466939477872,0.00028429894464799784
2026-01-15 16:45:00,1.16076,1.16099,1.16042,1.16042,457,8,0,1,1,0.00019820409851601357,0.00056875958704616
2026-01-15 17:00:00,1.16043,1.16095,1.16032,1.16086,493,8,0,1,1,0.0005771583136639633,0.0001895146701584248
2026-01-15 17:15:00,1.16086,1.16123,1.16061,1.16123,420,8,0,1,1,0.0008956020771078338,0.00012917337650583644
2026-01-15 17:30:00,1.16123,1.16133,1.16074,1.16075,388,8,0,1,1,0.0004824466939477872,0.00028429894464799784
2026-01-15 17:45:00,1.16074,1.16109,1.16064,1.16087,383,8,0,1,1,0.0005857675708735809,0.00018089880865216905
2026-01-15 18:00:00,1.16087,1.16147,1.16086,1.16123,415,8,0,1,1,0.0008956020771078338,0.00012917337650583644
2026-01-15 18:15:00,1.16123,1.16129,1.16096,1.16115,329,8,0,1,1,0.0008267665676267924,6.0285062222617625e-05
2026-01-15 18:30:00,1.16115,1.16143,1.16104,1.16141,311,8,0,1,1,0.000757699692615004,0.00012054313291604944
2026-01-15 18:45:00,1.1614,1.16147,1.16126,1.16144,287,8,0,1,1,0.0007318501170960338,9.471001515364935e-05
2026-01-15 19:00:00,1.16143,1.16149,1.16109,1.16137,376,8,0,1,1,0.0007921678707044542,0.00015498936600744724
2026-01-15 19:15:00,1.16137,1.1616900000000001,1.16137,1.16158,319,8,0,1,1,0.0006112364193598275,2.582689095884441e-05
2026-01-15 19:30:00,1.16159,1.16165,1.16128,1.16138,368,8,0,1,1,0.0007835506035922491,0.00014637758528647252
2026-01-15 19:45:00,1.1614,1.16144,1.1611799999999999,1.16134,306,8,0,1,1,0.0008180205624537227,0.00018082559801612232
2026-01-15 20:00:00,1.16134,1.16151,1.1612,1.16129,269,8,0,1,1,0.0008611113503088049,0.000180833383564675
2026-01-15 20:15:00,1.16129,1.16134,1.16055,1.16068,401,8,0,1,1,0.0004221663162972391,0.00034462556432451495
2026-01-15 20:30:00,1.16069,1.16069,1.16025,1.16038,362,8,0,1,1,0.0001637394646580538,0.0006032506592669168
2026-01-15 20:45:00,1.16038,1.16062,1.16037,1.1604,279,8,0,1,1,0.00018097207859362588,0.0005860048259221078
2026-01-15 21:00:00,1.16037,1.16053,1.16029,1.1604700000000001,220,8,0,1,1,0.00024128154971697497,0.000525649090454729
2026-01-15 21:15:00,1.16048,1.16083,1.16044,1.16074,168,8,0,1,1,0.00047383565656395954,0.0002929165876940632
2026-01-15 21:30:00,1.16074,1.16098,1.16063,1.16078,188,8,0,1,1,0.0005082789159012633,0.00025844690639069336
2026-01-15 21:45:00,1.16079,1.16102,1.16067,1.16082,193,8,0,1,1,0.0005427198015195366,0.00022397960062727124
2026-01-15 22:00:00,1.16082,1.16087,1.1606,1.16062,46,20,0,1,1,0.0003704916337818842,0.00039633988730172407
2026-01-15 22:15:00,1.16062,1.16083,1.1606,1.16065,88,20,0,1,1,0.0003963296428724464,0.0003704820574679296
2026-01-15 22:30:00,1.16065,1.1608,1.16059,1.16063,101,20,0,1,1,0.00037910445189250313,0.00038772046216284384
2026-01-15 22:45:00,1.16062,1.1608,1.16059,1.16074,115,8,0,1,1,0.00047383565656395954,0.0002929165876940632
2026-01-15 23:00:00,1.16073,1.16094,1.16069,1.16083,139,8,0,1,1,0.0005513296520592799,0.00021536314533573693
2026-01-15 23:15:00,1.16083,1.16088,1.16075,1.16084,103,8,0,1,1,0.0005599393542607417,0.0002067468384962768
2026-01-15 23:30:00,1.16084,1.16084,1.16067,1.16084,96,8,0,1,1,0.0005599393542607417,0.0002067468384962768
2026-01-15 23:45:00,1.16084,1.16097,1.16073,1.16089,115,8,0,1,1,0.0006029856403276132,0.00016366753094620033
2026-01-16 00:00:00,1.16086,1.16094,1.16064,1.16082,228,8,0,1,1,0.0005427198015195366,0.00022397960062727124
2026-01-16 00:15:00,1.16082,1.16083,1.16061,1.16065,153,8,0,1,1,0.0003963296428724464,0.0003704820574679296
2026-01-16 00:30:00,1.16065,1.16069,1.16051,1.16054,167,8,0,1,1,0.0003015837454976567,0.0004653006359110475
2026-01-16 00:45:00,1.16054,1.16055,1.16024,1.16036,424,8,0,1,1,0.0001465062566789647,0.000620497087110943
2026-01-16 01:00:00,1.16034,1.16059,1.16021,1.16055,312,8,0,1,1,0.00031019775106623233,0.0004566800224032928
2026-01-16 01:15:00,1.16056,1.1606,1.16039,1.16054,249,8,0,1,1,0.0003015837454976567,0.0004653006359110475
2026-01-16 01:30:00,1.16053,1.16068,1.1604700000000001,1.16063,220,8,0,1,1,0.00037910445189250313,0.00038772046216284384
2026-01-16 01:45:00,1.16063,1.16083,1.1605699999999999,1.16065,293,8,0,1,1,0.0003963296428724464,0.0003704820574679296
2026-01-16 02:00:00,1.16065,1.16084,1.16059,1.1607,260,8,0,1,1,0.0004393900232618337,0.00032738864478336084
2026-01-16 02:15:00,1.16069,1.16095,1.1605699999999999,1.1609099999999999,302,8,0,1,1,0.0006202031165205157,0.00014643684695646135
2026-01-16 02:30:00,1.16089,1.16138,1.16084,1.16138,445,8,0,1,1,0.0007835506035922491,0.00014637758528647252
2026-01-16 02:45:00,1.16136,1.16137,1.16082,1.16094,310,8,0,1,1,0.000646028218512609,0.0001205919341223741
2026-01-16 03:00:00,1.16093,1.16107,1.16085,1.16095,205,8,0,1,1,0.0006546362892457659,0.0001119772600027439
2026-01-16 03:15:00,1.16095,1.16095,1.16067,1.16085,221,8,0,1,1,0.0005685489081275642,0.00019813068010524575
2026-01-16 03:30:00,1.16085,1.1611,1.16079,1.1610800000000001,207,8,0,1,1,0.0007665277155752035,0.0
2026-01-16 03:45:00,1.1610800000000001,1.16122,1.16095,1.16117,206,8,0,1,1,0.0008439763342146119,7.750803069311425e-05
2026-01-16 04:00:00,1.16117,1.16124,1.16096,1.16109,149,8,0,1,1,0.0007751337105649872,8.612596783921546e-06
2026-01-16 04:15:00,1.1611,1.16124,1.16107,1.16122,139,8,0,1,1,0.0008869981571105083,0.0001205628563061323
2026-01-16 04:30:00,1.16122,1.16132,1.16113,1.1611799999999999,166,8,0,1,1,0.0008525809951943923,8.611929244369259e-05
2026-01-16 04:45:00,1.1611799999999999,1.16123,1.16106,1.1610800000000001,107,8,0,1,1,0.0007665277155752035,0.0
2026-01-16 05:00:00,1.1610800000000001,1.1610800000000001,1.16071,1.16074,187,8,0,1,1,0.00047383565656395954,0.0002929165876940632
2026-01-16 05:15:00,1.16074,1.16099,1.16072,1.16092,144,8,0,1,1,0.0006288116321537207,0.00013782172759549323
2026-01-16 05:30:00,1.16092,1.16106,1.16085,1.16087,190,8,0,1,1,0.0005857675708735809,0.00018089880865216905
2026-01-16 05:45:00,1.16087,1.1609,1.1605699999999999,1.16064,218,8,0,1,1,0.000387717121587951,0.0003791011855529863
2026-01-16 06:00:00,1.16065,1.16084,1.16059,1.16082,196,8,0,1,1,0.0005427198015195366,0.00022397960062727124
2026-01-16 06:15:00,1.16082,1.16089,1.16059,1.1608,212,8,0,1,1,0.0005254996554100615,0.00024121295658171776
2026-01-16 06:30:00,1.1608,1.1608,1.16045,1.1604700000000001,216,8,0,1,1,0.00024128154971697497,0.000525649090454729
2026-01-16 06:45:00,1.16046,1.16094,1.1604,1.16093,237,8,0,1,1,0.000637419999483141,0.0001292067566520759
2026-01-16 07:00:00,1.1609099999999999,1.1614,1.16077,1.16132,449,8,0,1,1,0.0008352564323357365,0.00019805049426529684
2026-01-16 07:15:00,1.16132,1.16137,1.16087,1.16122,405,8,0,1,1,0.0008869981571105083,0.0001205628563061323
2026-01-16 07:30:00,1.16122,1.16129,1.16088,1.16127,487,8,0,1,1,0.0008783487044356789,0.00016361397435558694
2026-01-16 07:45:00,1.16129,1.16145,1.16103,1.1611799999999999,522,8,0,1,1,0.0008525809951943923,8.611929244369259e-05
2026-01-16 08:00:00,1.1612,1.16137,1.1609099999999999,1.16104,527,8,0,1,1,0.0007321022531523612,3.4451870736615446e-05
2026-01-16 08:15:00,1.16104,1.1614200000000001,1.16082,1.16093,454,8,0,1,1,0.000637419999483141,0.0001292067566520759
2026-01-16 08:30:00,1.16093,1.16137,1.16088,1.16103,486,8,0,1,1,0.0007234955169116662,4.306520934007348e-05
2026-01-16 08:45:00,1.16103,1.16123,1.16089,1.1609,383,8,0,1,1,0.0006115944525798849,0.00015505211473862434
2026-01-16 09:00:00,1.1609,1.16122,1.16079,1.16121,338,8,0,1,1,0.0008783940889245019,0.00011195218780406943
2026-01-16 09:15:00,1.16121,1.16148,1.1610800000000001,1.16123,359,8,0,1,1,0.0008956020771078338,0.00012917337650583644
2026-01-16 09:30:00,1.16123,1.1613,1.16106,1.1611,342,8,0,1,1,0.000783739557316309,1.72250452156653e-05
2026-01-16 09:45:00,1.1611,1.16117,1.1608100000000001,1.1608100000000001,363,8,0,1,1,0.0005341098026378691,0.00023259620437452507
2026-01-16 10:00:00,1.16083,1.16113,1.16076,1.16096,341,8,0,1,1,0.000663244211686826,0.00010336273428896776
2026-01-16 10:15:00,1.16096,1.16139,1.16083,1.16139,407,8,0,1,1,0.0007749334848759873,0.00013776595286696115
2026-01-16 10:30:00,1.16138,1.16171,1.1611799999999999,1.16159,392,8,0,1,1,0.0006026222677538073,3.443555815719657e-05
2026-01-16 10:45:00,1.1616,1.16166,1.16125,1.16125,326,8,0,1,1,0.0008955866523144473,0.0001463939720127289
2026-01-16 11:00:00,1.16125,1.16183,1.16122,1.16183,386,8,0,1,1,0.00039592711498250775,0.00012910666792912432
2026-01-16 11:15:00,1.16187,1.1621,1.16182,1.16194,436,8,0,1,1,0.000301220372824821,3.4425185465721126e-05
2026-01-16 11:30:00,1.16193,1.16218,1.16175,1.16206,418,8,0,1,1,0.00019792437567763493,6.0237853466940125e-05
2026-01-16 11:45:00,1.16206,1.16229,1.16185,1.16188,345,8,0,1,1,0.000352876372775176,8.606740799393138e-05
2026-01-16 12:00:00,1.16188,1.16217,1.16185,1.16198,440,8,0,1,1,0.00026678600320145996,0.0
2026-01-16 12:15:00,1.162,1.16208,1.16163,1.16164,391,8,0,1,1,0.0005595537343755719,7.747667091347015e-05
2026-01-16 12:30:00,1.16164,1.16182,1.1615,1.1617,383,8,0,1,1,0.0005078763880520706,0.00012912111560632906
2026-01-16 12:45:00,1.1617,1.16198,1.16131,1.16186,512,8,0,1,1,0.0003700962250186361,0.0001032826674471279
2026-01-16 13:00:00,1.16184,1.16208,1.16139,1.1615199999999999,587,8,0,1,1,0.0006629244438323572,2.582822508454141e-05
2026-01-16 13:15:00,1.16154,1.16178,1.16112,1.16156,595,8,0,1,1,0.0006284651675334201,8.609111883883285e-06
2026-01-16 13:30:00,1.16156,1.16192,1.16154,1.16182,577,8,0,1,1,0.00040453770807867865,0.0001377149644522714
2026-01-16 13:45:00,1.16183,1.16192,1.16162,1.1618,515,8,0,1,1,0.00042175933895687853,0.00015493200206581943
2026-01-16 14:00:00,1.1618,1.16187,1.16138,1.16153,449,8,0,1,1,0.0006543094022540046,1.7218668480479217e-05
2026-01-16 14:15:00,1.1615199999999999,1.16166,1.16122,1.16145,464,8,0,1,1,0.0007232338886735992,8.609927246113821e-05
2026-01-16 14:30:00,1.16147,1.1617,1.16135,1.16151,631,8,0,1,1,0.0006715396337526176,3.443792993606599e-05
2026-01-16 14:45:00,1.16153,1.1620300000000001,1.16144,1.16178,689,8,0,1,1,0.0004389815627743725,0.00017214963246051573
2026-01-16 15:00:00,1.1618,1.16248,1.1618,1.16245,607,8,0,1,1,0.00013764032861623122,0.00023226805453997374
2026-01-16 15:15:00,1.16245,1.1627,1.16016,1.16023,2656,8,0,1,1,3.4475922877395e-05,0.0007326133611439261
2026-01-16 15:30:00,1.16022,1.16048,1.15841,1.15894,1604,8,0,1,1,0.0010785717983674507,0.001251143286106419
2026-01-16 15:45:00,1.15895,1.15975,1.15885,1.15934,1584,8,0,1,1,0.0007331757724222553,0.0015008539341350034
2026-01-16 16:00:00,1.1593499999999999,1.16048,1.1593499999999999,1.16048,1012,8,0,1,1,0.00024989659451253056,0.0005170274369227871
2026-01-16 16:15:00,1.16045,1.16048,1.1596,1.15982,840,8,0,1,1,0.0003190150195719865,0.0010863754720560421
2026-01-16 16:30:00,1.15979,1.16032,1.15956,1.1602999999999999,732,8,0,1,1,9.480306817188008e-05,0.0006722399379472766
2026-01-16 16:45:00,1.16028,1.16055,1.15964,1.15981,705,8,0,1,1,0.00032763987204804837,0.0010950069407921162
2026-01-16 17:00:00,1.15982,1.16023,1.15964,1.1602000000000001,514,8,0,1,1,8.619203585645156e-06,0.0007584899155317978
2026-01-16 17:15:00,1.1602000000000001,1.16024,1.15974,1.15987,451,8,0,1,1,0.00027589298800736117,0.001043220360902649
2026-01-16 17:30:00,1.15987,1.16018,1.15957,1.1596,502,8,0,1,1,0.0005087961365989052,0.0012763021731632873
2026-01-16 17:45:00,1.1596,1.15985,1.15946,1.15953,474,8,0,1,1,0.0005691961398153605,0.001336748510172365
2026-01-16 18:00:00,1.15951,1.15956,1.1589,1.1591,413,8,0,1,1,0.0009403847812958635,0.001389008713657244
2026-01-16 18:15:00,1.1591,1.15951,1.15903,1.15948,333,8,0,1,1,0.0006123434643115779,0.0013799289336599559
2026-01-16 18:30:00,1.15948,1.1597,1.15931,1.15967,288,8,0,1,1,0.0004484034251123819,0.0012158631334777423
2026-01-16 18:45:00,1.15967,1.15989,1.15951,1.15953,340,8,0,1,1,0.0005691961398153605,0.001336748510172365
2026-01-16 19:00:00,1.15951,1.15963,1.15918,1.15923,362,8,0,1,1,0.0008281359178075722,0.0015009963510261768
2026-01-16 19:15:00,1.15923,1.15952,1.15912,1.15945,253,8,0,1,1,0.0006382336452628081,0.0014058389753762734
2026-01-16 19:30:00,1.15944,1.15968,1.15932,1.15947,366,8,0,1,1,0.0006209733757665605,0.0013885654652557732
2026-01-16 19:45:00,1.15949,1.15972,1.15949,1.1596,295,8,0,1,1,0.0005087961365989052,0.0012763021731632873
2026-01-16 20:00:00,1.15962,1.15993,1.15958,1.15992,250,8,0,1,1,0.00023277467411544973,0.001000068970273855
2026-01-16 20:15:00,1.15992,1.15998,1.15978,1.15997,216,8,0,1,1,0.0001896600774158892,0.0009569212996889285
2026-01-16 20:30:00,1.15997,1.15998,1.15952,1.15979,281,8,0,1,1,0.00034489002319381605,0.0011122703248001907
2026-01-16 20:45:00,1.15979,1.16018,1.15978,1.1599,271,8,0,1,1,0.00025002155358231184,0.0010173290800932675
2026-01-16 21:00:00,1.15992,1.16019,1.1598600000000001,1.16002,169,8,0,1,1,0.00014654919742763356,0.0009137773486664547
2026-01-16 21:15:00,1.16002,1.16016,1.16,1.16005,136,8,0,1,1,0.00012068445325635015,0.0008878927632430382
2026-01-16 21:30:00,1.16007,1.16012,1.15972,1.15979,203,8,0,1,1,0.00034489002319381605,0.0011122703248001907
2026-01-16 21:45:00,1.1598,1.15989,1.15974,1.15983,206,8,0,1,1,0.00031039031582226533,0.001077744152160399
2026-01-18 22:00:00,1.1577,1.15817,1.15749,1.15817,132,48,0,1,1,0.0017441308270807678,0.0005871331497103309
2026-01-18 22:15:00,1.15817,1.15817,1.15753,1.15772,91,48,0,0,1,0.0021335037832981825,0.00019866634419391088
2026-01-18 22:30:00,1.15773,1.15833,1.15773,1.15804,186,48,0,1,1,0.0018565852647577773,0.0004749404165659653
2026-01-18 22:45:00,1.15804,1.1585,1.15804,1.15827,129,48,0,1,1,0.0016576445906396125,0.0006734181149472947
2026-01-18 23:00:00,1.15843,1.16078,1.15775,1.15981,1391,8,0,1,1,0.00032763987204804837,0.0010950069407921162
2026-01-18 23:15:00,1.15982,1.16124,1.15965,1.16116,839,8,0,1,1,0.0008353715250266246,6.889662062063623e-05
2026-01-18 23:30:00,1.16116,1.16268,1.16105,1.16255,829,8,0,1,1,0.00012902670852874674,0.0001462302696658238
2026-01-18 23:45:00,1.16255,1.16263,1.16174,1.16239,633,8,0,1,1,8.60296458159387e-05,0.00022367707912159343
2026-01-19 00:00:00,1.16238,1.16242,1.16082,1.16113,1031,8,0,1,1,0.0008095562081764667,4.306150043482079e-05
2026-01-19 00:15:00,1.16113,1.16248,1.16044,1.16225,1436,8,0,1,1,3.4416003441634765e-05,0.00010324801032490429
2026-01-19 00:30:00,1.16225,1.16376,1.16209,1.1635900000000001,1028,8,0,1,1,0.0003953282513599334,0.00030938732715143474
2026-01-19 00:45:00,1.16357,1.16368,1.16303,1.16316,857,8,0,1,1,0.0003954743973313258,6.018088655044405e-05
2026-01-19 01:00:00,1.16316,1.16342,1.1626400000000001,1.16267,783,8,0,1,1,2.5802678317987467e-05,4.300446386324879e-05
2026-01-19 01:15:00,1.16267,1.16299,1.16235,1.16245,636,8,0,1,1,0.00013764032861623122,0.00023226805453997374
2026-01-19 01:30:00,1.16244,1.16276,1.16236,1.16252,458,8,0,1,1,0.0001548360458315289,0.00017204005092383612
2026-01-19 01:45:00,1.16252,1.1629,1.16217,1.16223,467,8,0,1,1,5.1624893523613205e-05,8.604148920627675e-05
2026-01-19 02:00:00,1.16225,1.16235,1.16199,1.16223,589,8,0,1,1,5.1624893523613205e-05,8.604148920627675e-05
2026-01-19 02:15:00,1.16221,1.16224,1.16155,1.162,428,8,0,1,1,0.000249569707401139,1.721170395861358e-05
2026-01-19 02:30:00,1.16198,1.16217,1.16173,1.16182,406,8,0,1,1,0.00040453770807867865,0.0001377149644522714
2026-01-19 02:45:00,1.16182,1.1619,1.16165,1.16174,313,8,0,1,1,0.0004734277893505005,0.0001635477817755371
2026-01-19 03:00:00,1.16175,1.16193,1.16158,1.16166,270,8,0,1,1,0.0005423273591241245,9.469207857706426e-05
2026-01-19 03:15:00,1.16167,1.16226,1.16157,1.16216,371,8,0,1,1,0.00011186067322912806,2.5814001514590533e-05
2026-01-19 03:30:00,1.16215,1.16235,1.16191,1.16211,324,8,0,1,1,0.00015489067300003355,1.7210074777696587e-05
2026-01-19 03:45:00,1.16211,1.16258,1.16211,1.16242,254,8,0,1,1,0.00011183565320621074,0.0002494795340755695
2026-01-19 04:00:00,1.16242,1.16272,1.16242,1.16253,235,8,0,1,1,0.00014623278539048753,0.00016343664249517212
2026-01-19 04:15:00,1.16254,1.16299,1.16248,1.16292,277,8,0,1,1,0.0001891789632991839,8.599043786196357e-06
2026-01-19 04:30:00,1.16292,1.1629800000000001,1.1627,1.16296,196,8,0,1,1,0.00022356744857942402,4.299374011133957e-05
2026-01-19 04:45:00,1.16296,1.16334,1.16293,1.16326,427,8,0,1,1,0.000481405704657509,2.578959132092094e-05
2026-01-19 05:00:00,1.16328,1.16349,1.1632,1.16342,282,8,0,1,1,0.0005415069364461076,0.00016331161575347894
2026-01-19 05:15:00,1.16342,1.16371,1.1632500000000001,1.1636199999999999,292,8,0,1,1,0.0003695364466064115,0.0003351609632009509
2026-01-19 05:30:00,1.16361,1.16365,1.163,1.16312,333,8,0,1,1,0.00036109773712073126,9.45732168650307e-05
2026-01-19 05:45:00,1.16312,1.16317,1.16265,1.16275,313,8,0,1,1,4.300150505257663e-05,2.580090303158417e-05
2026-01-19 06:00:00,1.16273,1.16305,1.1627,1.16286,310,8,0,1,1,0.00013759179952869475,4.299743735282452e-05
2026-01-19 06:15:00,1.16286,1.1632,1.16271,1.16312,304,8,0,1,1,0.00036109773712073126,9.45732168650307e-05
2026-01-19 06:30:00,1.1631,1.1631,1.16256,1.16256,386,8,0,1,1,0.00012042389210021761,0.0001376273052573097
2026-01-19 06:45:00,1.16255,1.16297,1.16246,1.16275,372,8,0,1,1,4.300150505257663e-05,2.580090303158417e-05
2026-01-19 07:00:00,1.16278,1.16413,1.1627,1.16395,853,8,0,1,1,8.591434339962111e-05,0.0005928089694573283
2026-01-19 07:15:00,1.16393,1.16399,1.16324,1.16352,624,8,0,1,1,0.00045551430143007373,0.00024924367436754283
2026-01-19 07:30:00,1.1635,1.16351,1.16234,1.16251,674,8,0,1,1,0.00016343945428437992,0.00018064360736685576
2026-01-19 07:45:00,1.16252,1.16269,1.16227,1.16258,587,8,0,1,1,0.00010321870322912833,0.00012042182043388755
2026-01-19 08:00:00,1.16259,1.16276,1.16192,1.16211,689,8,0,1,1,0.00015489067300003355,1.7210074777696587e-05
2026-01-19 08:15:00,1.16212,1.16266,1.16192,1.16192,645,8,0,1,1,0.0003184384467088796,5.163866703383105e-05
2026-01-19 08:30:00,1.16192,1.1625,1.16182,1.16235,524,8,0,1,1,5.1619563814641874e-05,0.00018927173398727493
2026-01-19 08:45:00,1.16235,1.16248,1.1621299999999999,1.16247,530,8,0,1,1,0.00015484270561807786,0.00021505931335869614
2026-01-19 09:00:00,1.16247,1.16294,1.1617,1.16173,620,8,0,1,1,0.0004820397166296093,0.00015494133748792486
2026-01-19 09:15:00,1.16173,1.16186,1.1610800000000001,1.16149,590,8,0,1,1,0.0006887704586351445,5.165778439777444e-05
2026-01-19 09:30:00,1.16148,1.16241,1.16136,1.1623999999999999,507,8,0,1,1,9.463179628340714e-05,0.00023227804542325575
2026-01-19 09:45:00,1.1623999999999999,1.16263,1.16223,1.16239,547,8,0,1,1,8.60296458159387e-05,0.00022367707912159343
2026-01-19 10:00:00,1.1623999999999999,1.16281,1.16226,1.16276,443,8,0,1,1,5.160136227592021e-05,3.440090818401046e-05
2026-01-19 10:15:00,1.16276,1.16276,1.16226,1.16229,384,8,0,1,1,0.0,0.00013765927608441956
2026-01-19 10:30:00,1.16231,1.16247,1.16217,1.16226,340,8,0,1,1,2.581178049659671e-05,0.00011185104881884046
2026-01-19 10:45:00,1.16226,1.1627399999999999,1.16215,1.16237,566,8,0,1,1,6.882490084900503e-05,0.00020647470254739713
2026-01-19 11:00:00,1.16238,1.16252,1.16206,1.16228,401,8,0,1,1,8.603778779696383e-06,0.00012905668169468158
2026-01-19 11:15:00,1.16228,1.16229,1.16198,1.16219,367,8,0,1,1,8.604445056315145e-05,5.162667033804372e-05
2026-01-19 11:30:00,1.16219,1.16249,1.16207,1.16241,319,8,0,1,1,0.00010323379874562157,0.00024087886374003838
2026-01-19 11:45:00,1.16241,1.16286,1.1623999999999999,1.16276,349,8,0,1,1,5.160136227592021e-05,3.440090818401046e-05
2026-01-19 12:00:00,1.16276,1.16292,1.16259,1.1629,394,8,0,1,1,0.0001719838335196302,8.599191676038792e-06
2026-01-19 12:15:00,1.1629,1.16322,1.16284,1.16292,382,8,0,1,1,0.0001891789632991839,8.599043786196357e-06
2026-01-19 12:30:00,1.16292,1.16329,1.16286,1.16316,401,8,0,1,1,0.0003954743973313258,6.018088655044405e-05
2026-01-19 12:45:00,1.16314,1.16316,1.16246,1.16254,447,8,0,1,1,0.0001376296729576273,0.0001548333820772352
2026-01-19 13:00:00,1.16254,1.16312,1.16254,1.16299,502,8,0,1,1,0.0002493572601655229,6.878820970073515e-05
2026-01-19 13:15:00,1.1630099999999999,1.16339,1.16295,1.16318,429,8,0,1,1,0.0004126618408157258,4.298560841820137e-05
2026-01-19 13:30:00,1.16316,1.16349,1.16316,1.16331,484,8,0,1,1,0.0005243658182255799,6.876928763621047e-05
2026-01-19 13:45:00,1.16331,1.1635,1.16297,1.16317,424,8,0,1,1,0.0004040681929554325,5.1583173568738e-05
2026-01-19 14:00:00,1.16314,1.16342,1.16303,1.16309,434,8,0,1,1,0.00033531369025603387,0.00012036901701504527
2026-01-19 14:15:00,1.16309,1.16351,1.16299,1.16348,362,8,0,1,1,0.0004899095815999926,0.00021487262350885575
2026-01-19 14:30:00,1.16347,1.1637,1.16323,1.1636199999999999,432,8,0,1,1,0.0003695364466064115,0.0003351609632009509
2026-01-19 14:45:00,1.16361,1.16422,1.16352,1.16393,597,8,0,1,1,0.0001030989836159563,0.0006014107377590774
2026-01-19 15:00:00,1.16394,1.16431,1.16373,1.16373,646,8,0,1,1,0.0002749778728743764,0.00042965292636603416
2026-01-19 15:15:00,1.16373,1.16394,1.16347,1.16354,443,8,0,1,1,0.00043831754817196694,0.0002664283135947475
2026-01-19 15:30:00,1.16356,1.16366,1.16333,1.16339,475,8,0,1,1,0.0005673076096580725,0.0001375291174927909
2026-01-19 15:45:00,1.16339,1.16411,1.16315,1.16394,648,8,0,1,1,9.450658968680044e-05,0.0006014055707338204
2026-01-19 16:00:00,1.16394,1.16435,1.16372,1.16433,450,8,0,1,1,0.00017177260742227542,0.0002662475415043934
2026-01-19 16:15:00,1.16433,1.16455,1.16413,1.16454,354,8,0,1,1,0.0003520703453722495,8.587081594448365e-05
2026-01-19 16:30:00,1.16453,1.16469,1.16412,1.16433,321,8,0,1,1,0.00017177260742227542,0.0002662475415043934
2026-01-19 16:45:00,1.16433,1.1646,1.16415,1.16417,268,8,0,1,1,3.435924306571889e-05,0.0004037211060240089
2026-01-19 17:00:00,1.16418,1.1643,1.16403,1.16424,252,8,0,1,1,9.448223733923628e-05,0.0003435717721431629
2026-01-19 17:15:00,1.16425,1.16425,1.16394,1.16406,311,8,0,1,1,8.590622476560927e-06,0.0004982561036371002
2026-01-19 17:30:00,1.16406,1.1645,1.16406,1.16448,182,8,0,1,1,0.000300563341577228,0.00013740038472102395
2026-01-19 17:45:00,1.16448,1.16465,1.16425,1.1645699999999999,252,8,0,1,1,0.00037782185699423304,6.0108022703671314e-05
2026-01-19 18:00:00,1.16456,1.16482,1.16452,1.16477,238,8,0,1,1,0.0005494647011856194,0.00011161001742849276
2026-01-19 18:15:00,1.16477,1.1648399999999999,1.16466,1.1647,150,8,0,1,1,0.0004893964110929505,5.151541169414529e-05
2026-01-19 18:30:00,1.16469,1.16478,1.16449,1.1645,148,8,0,1,1,0.0003177329325890781,0.00012022327179030222
2026-01-19 18:45:00,1.1645,1.16451,1.16429,1.1643,116,8,0,1,1,0.00014601047839885034,0.0002920209567980821
2026-01-19 19:00:00,1.1643,1.16463,1.16424,1.16462,151,8,0,1,1,0.0004207380948291111,1.7172983462338772e-05
2026-01-19 19:15:00,1.16462,1.16464,1.16449,1.16461,89,8,0,1,1,0.00041215514206456577,2.5759696379023445e-05
2026-01-19 19:30:00,1.16461,1.16461,1.16428,1.16437,103,8,0,1,1,0.00020612004775096915,0.000231885053720031
2026-01-19 19:45:00,1.16437,1.16442,1.1642299999999999,1.16428,143,8,0,1,1,0.00012883498814707155,0.00030920397155316244
2026-01-19 20:00:00,1.16428,1.16442,1.16415,1.16421,149,8,0,1,1,6.871612509758374e-05,0.0003693491724001086
2026-01-19 20:15:00,1.16421,1.16427,1.16415,1.16425,80,8,0,1,1,0.0001030706463387571,0.00033497960060115134
2026-01-19 20:30:00,1.16425,1.16442,1.16425,1.16435,96,8,0,1,1,0.0001889466225790243,0.0002490660024905754
2026-01-19 20:45:00,1.16435,1.16449,1.16426,1.16449,109,8,0,1,1,0.0003091482108046578,0.0001288117545018613
2026-01-19 21:00:00,1.16449,1.16452,1.16437,1.16443,93,8,0,1,1,0.0002576367836623644,0.00018034574856352158
2026-01-19 21:15:00,1.16443,1.16446,1.16427,1.1643,85,8,0,1,1,0.00014601047839885034,0.0002920209567980821
2026-01-19 21:30:00,1.1643,1.1646,1.16426,1.16459,125,8,0,1,1,0.0003949887943395572,4.2933564602034596e-05
2026-01-19 21:45:00,1.16459,1.1646,1.16437,1.1644,132,8,0,1,1,0.00023187907935416733,0.0002061147372035348
2026-01-19 22:00:00,1.1644,1.16453,1.1642299999999999,1.16448,92,20,0,1,1,0.000300563341577228,0.00013740038472102395
2026-01-19 22:15:00,1.16449,1.16449,1.16435,1.16438,71,20,0,1,1,0.00021470653910223592,0.00022329480066638637
2026-01-19 22:30:00,1.16437,1.16442,1.1643,1.16442,90,48,0,1,1,0.0002490510296971037,0.00018893526390811473
2026-01-19 22:45:00,1.16442,1.16459,1.16438,1.16448,68,20,0,1,1,0.000300563341577228,0.00013740038472102395
2026-01-19 23:00:00,1.16454,1.16463,1.16416,1.16418,198,8,0,1,1,4.2948684911167924e-05,0.0003951279011835841
2026-01-19 23:15:00,1.1642000000000001,1.16421,1.16395,1.16399,110,8,0,1,1,5.154683459475509e-05,0.0005584240414434981
2026-01-19 23:30:00,1.16399,1.16412,1.16381,1.16389,168,8,0,1,1,0.00013747003582807477,0.0005670638977911185
2026-01-19 23:45:00,1.16389,1.16402,1.16382,1.1639,118,8,0,1,1,0.0001288770512931476,0.0005756508291089857
2026-01-20 00:00:00,1.16392,1.16394,1.16357,1.1636199999999999,213,8,0,1,1,0.0003695364466064115,0.0003351609632009509
2026-01-20 00:15:00,1.1636199999999999,1.16379,1.16356,1.16358,195,8,0,1,1,0.00040392581515664625,0.00030079581979758374
2026-01-20 00:30:00,1.16358,1.1636199999999999,1.16323,1.16336,226,8,0,1,1,0.0005673222390316694,0.00011174528950622635
2026-01-20 00:45:00,1.16336,1.16406,1.1632500000000001,1.16398,467,8,0,1,1,6.013849035208036e-05,0.0005670200518908254
2026-01-20 01:00:00,1.16399,1.1643,1.16391,1.16414,562,8,0,1,1,8.590032126585693e-06,0.00042950160633596044
2026-01-20 01:15:00,1.16414,1.1642000000000001,1.16391,1.16406,346,8,0,1,1,8.590622476560927e-06,0.0004982561036371002
2026-01-20 01:30:00,1.16405,1.1641,1.1638600000000001,1.16392,317,8,0,1,1,0.00011169152519070337,0.0005928242490893527
2026-01-20 01:45:00,1.16392,1.16435,1.16385,1.16432,327,8,0,1,1,0.00016318537859000314,0.00027483853236213063
2026-01-20 02:00:00,1.16433,1.16442,1.16404,1.16409,260,8,0,1,1,3.436160434334115e-05,0.0004724720597203209
2026-01-20 02:15:00,1.16409,1.1644,1.16401,1.16438,272,8,0,1,1,0.00021470653910223592,0.00022329480066638637
2026-01-20 02:30:00,1.16438,1.16461,1.16427,1.16459,259,8,0,1,1,0.0003949887943395572,4.2933564602034596e-05
2026-01-20 02:45:00,1.1646,1.1646,1.16436,1.16439,236,8,0,1,1,0.00022329288296870202,0.0002147046951621548
2026-01-20 03:00:00,1.16438,1.16466,1.16435,1.16466,222,8,0,1,1,0.0004550684319886657,1.717239366006476e-05
2026-01-20 03:15:00,1.16466,1.16553,1.16464,1.16549,402,8,0,1,1,0.00046332443864829985,0.00019734189053527055
2026-01-20 03:30:00,1.16549,1.16582,1.16544,1.16556,368,8,0,1,1,0.0004032396444629127,0.0002573870071038531
2026-01-20 03:45:00,1.16556,1.16584,1.16551,1.1656,234,8,0,1,1,0.00036890871654096815,0.00023164035689772863
2026-01-20 04:00:00,1.1656,1.16587,1.16556,1.1658,223,8,0,1,1,0.00019728941499414524,6.004460456340238e-05
2026-01-20 04:15:00,1.1658,1.16621,1.16572,1.16618,277,8,0,1,1,5.145003344247799e-05,0.00026582517278639015
2026-01-20 04:30:00,1.16619,1.16636,1.16608,1.1661,318,8,0,1,1,1.7151187719861955e-05,0.00019723865877707957
2026-01-20 04:45:00,1.1661,1.1666400000000001,1.16583,1.16651,346,8,0,1,1,0.0003343306101104066,0.00036862092909632364
2026-01-20 05:00:00,1.16651,1.16721,1.16646,1.16708,357,8,0,1,1,0.00022277821571798764,0.00011995750077098996
2026-01-20 05:15:00,1.16709,1.16709,1.16656,1.16661,387,8,0,1,1,0.00042002040099080193,0.0002828708823001376
2026-01-20 05:30:00,1.16661,1.16669,1.16639,1.16645,289,8,0,1,1,0.0002829096832268348,0.000420078014488492
2026-01-20 05:45:00,1.16645,1.16652,1.16626,1.1663000000000001,307,8,0,1,1,0.00015433421932613305,0.0003686873017235295
2026-01-20 06:00:00,1.16631,1.1666400000000001,1.16619,1.1665,320,8,0,1,1,0.0003257608229747509,0.00037719674239176677
2026-01-20 06:15:00,1.1665,1.1667399999999999,1.1662,1.1663000000000001,467,8,0,1,1,0.00015433421932613305,0.0003686873017235295
2026-01-20 06:30:00,1.16628,1.16673,1.16628,1.16648,435,8,0,1,1,0.00030862080790062065,0.0003943488100954384
2026-01-20 06:45:00,1.16648,1.16686,1.16627,1.16681,395,8,0,1,1,0.00045422990889702823,0.00011141488331449468
2026-01-20 07:00:00,1.1668,1.16684,1.16637,1.16668,558,8,0,1,1,0.00047999451434831657,0.0002228545959476026
2026-01-20 07:15:00,1.16667,1.16787,1.16667,1.16754,667,8,0,1,1,0.0001541703067989696,0.0005139010226629785
2026-01-20 07:30:00,1.16753,1.16934,1.16751,1.16916,951,8,0,1,1,8.55314926956011e-05,0.0003934448663997271
2026-01-20 07:45:00,1.16916,1.16916,1.1686,1.16885,1026,8,0,1,1,0.00017966377208370919,0.0001283312657739423
2026-01-20 08:00:00,1.16887,1.16996,1.16867,1.16993,1058,8,0,1,1,8.547519937146251e-06,0.00013676031899358083
2026-01-20 08:15:00,1.16993,1.17016,1.16922,1.1696,921,8,0,1,1,0.0001367989056087021,0.00041894664842689937
2026-01-20 08:30:00,1.16958,1.17145,1.16958,1.1708,1524,8,0,1,1,0.000529552442774227,4.27058421592975e-05
2026-01-20 08:45:00,1.1708,1.17215,1.1708,1.17161,1312,8,0,1,1,9.388789785001365e-05,3.4141053763658555e-05
2026-01-20 09:00:00,1.17161,1.17282,1.17161,1.17187,1302,8,0,1,1,0.0001280005461355547,4.266684871197788e-05
2026-01-20 09:15:00,1.17185,1.17245,1.17154,1.17243,1071,8,0,1,1,2.5587881579262293e-05,0.00013646870175612868
2026-01-20 09:30:00,1.17245,1.17324,1.17244,1.1727400000000001,846,8,0,1,1,0.00028991933420878193,7.674335317284604e-05
2026-01-20 09:45:00,1.17272,1.17272,1.17221,1.17254,729,8,0,1,1,0.00011939891176403956,4.264246848730578e-05
2026-01-20 10:00:00,1.17258,1.17304,1.17181,1.1719,1098,8,0,1,1,0.00015359672326977297,1.7066302585656647e-05
2026-01-20 10:15:00,1.17191,1.17203,1.17151,1.17182,1008,8,0,1,1,8.533733849907748e-05,8.533733849907748e-05
2026-01-20 10:30:00,1.17182,1.17269,1.17171,1.17249,700,8,0,1,1,7.675971650071512e-05,8.52885738897466e-05
2026-01-20 10:45:00,1.17249,1.17316,1.17226,1.17304,648,8,0,1,1,0.0005455909431903208,9.377344336069737e-05
2026-01-20 11:00:00,1.17306,1.17321,1.17231,1.17241,703,8,0,1,1,8.529439359817356e-06,0.00015352990847917452
2026-01-20 11:15:00,1.17241,1.17298,1.17219,1.1726,650,8,0,1,1,0.00017056114617088348,8.528057308600982e-06
2026-01-20 11:30:00,1.1726,1.17368,1.17249,1.17355,617,8,0,1,1,0.00016190192152009924,0.0003408461505689387
2026-01-20 11:45:00,1.17353,1.17387,1.1733500000000001,1.17344,650,8,0,1,1,0.0002556585764930179,0.00024713662394338314
2026-01-20 12:00:00,1.17342,1.17393,1.17302,1.17379,545,8,0,1,1,4.2597057395175864e-05,0.0005452423346594996
2026-01-20 12:15:00,1.17379,1.17433,1.17375,1.17418,622,8,0,1,1,3.406632713897359e-05,0.0006302270520703495
2026-01-20 12:30:00,1.17419,1.17423,1.17342,1.17355,700,8,0,1,1,0.00016190192152009924,0.0003408461505689387
2026-01-20 12:45:00,1.17355,1.1736,1.17252,1.17255,787,8,0,1,1,0.00012792631444277213,3.411368385146903e-05
2026-01-20 13:00:00,1.17256,1.17301,1.17246,1.17279,677,8,0,1,1,0.0003325403524926802,3.4106702819805766e-05
2026-01-20 13:15:00,1.17279,1.17328,1.17182,1.17216,990,8,0,1,1,0.00020475020475022008,0.000136500136500273
2026-01-20 13:30:00,1.17217,1.17692,1.1718,1.17353,4488,8,0,1,1,0.00017894727872320561,0.00032380936149910695
2026-01-20 13:45:00,1.17353,1.17454,1.17327,1.17329,2044,8,0,1,1,0.0003835368919875406,0.00011932258861835437
2026-01-20 14:00:00,1.17329,1.17367,1.17207,1.17241,1749,8,0,1,1,8.529439359817356e-06,0.00015352990847917452
2026-01-20 14:15:00,1.17241,1.17331,1.17233,1.1726,1209,8,0,1,1,0.00017056114617088348,8.528057308600982e-06
2026-01-20 14:30:00,1.17262,1.17268,1.1715,1.17198,1373,8,0,1,1,0.00022184678919429253,8.532568815223393e-06
2026-01-20 14:45:00,1.17196,1.17251,1.17168,1.17191,1150,8,0,1,1,0.00016212849109565792,8.533078478778671e-06
2026-01-20 15:00:00,1.17192,1.17299,1.17159,1.17232,1221,8,0,1,1,6.824075337798554e-05,0.00023031254265046443
2026-01-20 15:15:00,1.17233,1.17282,1.17207,1.17232,1046,8,0,1,1,6.824075337798554e-05,0.00023031254265046443
2026-01-20 15:30:00,1.17232,1.17323,1.17222,1.17293,906,8,0,1,1,0.0004518598722855749,8.525657967652714e-05
2026-01-20 15:45:00,1.17293,1.1736900000000001,1.17253,1.17268,1038,8,0,1,1,0.00023876931473192683,7.67472797352419e-05
2026-01-20 16:00:00,1.17267,1.1736900000000001,1.17267,1.17334,804,8,0,1,1,0.0003409071539365878,0.00016193089812001167
2026-01-20 16:15:00,1.17334,1.17359,1.17302,1.17329,811,8,0,1,1,0.0003835368919875406,0.00011932258861835437
2026-01-20 16:30:00,1.17328,1.1734,1.17266,1.17323,851,8,0,1,1,0.00043469737391646176,6.818782335951179e-05
2026-01-20 16:45:00,1.17323,1.1739,1.17295,1.17384,740,8,0,1,1,8.519048592652234e-05,0.0005878143528931366
2026-01-20 17:00:00,1.17383,1.17422,1.17362,1.17393,682,8,0,1,1,0.0001618495140254636,0.0006644348470522118
2026-01-20 17:15:00,1.1739,1.17407,1.17316,1.1733,669,8,0,1,1,0.0003750106537117497,0.0001278445410381782
2026-01-20 17:30:00,1.17329,1.17366,1.17299,1.17324,640,8,0,1,1,0.000426170263543644,7.671064743798841e-05
2026-01-20 17:45:00,1.17325,1.17343,1.17293,1.17311,466,8,0,1,1,0.0005370340377286941,3.409739922071925e-05
2026-01-20 18:00:00,1.1731,1.17337,1.17286,1.17305,476,8,0,1,1,0.0005541110779590106,8.524785814755466e-05
2026-01-20 18:15:00,1.17306,1.17337,1.17303,1.17307,355,8,0,1,1,0.0005711509117102546,6.819712378618323e-05
2026-01-20 18:30:00,1.1730800000000001,1.17322,1.17289,1.17307,344,8,0,1,1,0.0005711509117102546,6.819712378618323e-05
2026-01-20 18:45:00,1.17307,1.17331,1.17261,1.17263,455,8,0,1,1,0.00019614030000934007,3.4111356523404656e-05
2026-01-20 19:00:00,1.17264,1.17279,1.172,1.17216,556,8,0,1,1,0.00020475020475022008,0.000136500136500273
2026-01-20 19:15:00,1.17216,1.17249,1.17201,1.1722,387,8,0,1,1,0.00017061934823426038,0.00017061934823407097
2026-01-20 19:30:00,1.1722,1.17226,1.17156,1.17163,456,8,0,1,1,7.681605967766746e-05,5.121070645165196e-05
2026-01-20 19:45:00,1.17163,1.17183,1.17111,1.17118,592,8,0,1,1,0.00046107344729246137,6.830717737654156e-05
2026-01-20 20:00:00,1.17118,1.17188,1.17105,1.1715,535,8,0,1,1,0.00018779342723014,0.0
2026-01-20 20:15:00,1.17148,1.1719,1.17118,1.1718899999999999,584,8,0,1,1,0.00014506480983691425,2.559967232436196e-05
2026-01-20 20:30:00,1.17191,1.17201,1.17153,1.17188,510,8,0,1,1,0.00013653275079354368,3.413318769843329e-05
2026-01-20 20:45:00,1.17188,1.17199,1.17167,1.17191,422,8,0,1,1,0.00016212849109565792,8.533078478778671e-06
2026-01-20 21:00:00,1.1718899999999999,1.1723,1.17171,1.17222,217,8,0,1,1,0.00015355479346886163,0.00018767808090640748
2026-01-20 21:15:00,1.1722299999999999,1.17237,1.17217,1.17229,160,8,0,1,1,9.383343711884815e-05,0.0002473790614951279
2026-01-20 21:30:00,1.17231,1.1724700000000001,1.17214,1.17221,137,8,0,1,1,0.00016208699806360166,0.00017914878733336475
2026-01-20 21:45:00,1.17221,1.17261,1.17216,1.17252,186,8,0,1,1,0.00010234367004392076,5.970047419235023e-05
2026-01-20 22:00:00,1.17248,1.17254,1.17206,1.17208,99,20,0,1,1,0.0002730189065593628,6.825472663988807e-05
2026-01-20 22:15:00,1.17209,1.17224,1.17199,1.1722299999999999,103,58,0,1,1,0.00014502273444650412,0.00019620722895673416
2026-01-20 22:30:00,1.17224,1.17238,1.17215,1.1723,182,48,0,1,1,8.530239699753565e-05,0.0002473769512924367
2026-01-20 22:45:00,1.1723,1.1724999999999999,1.17203,1.17218,114,20,0,1,1,0.00018768448531804758,0.0001535600334420217
2026-01-20 23:00:00,1.17224,1.17244,1.17214,1.17216,245,8,0,1,1,0.00020475020475022008,0.000136500136500273
2026-01-20 23:15:00,1.17217,1.17242,1.17215,1.17241,118,8,0,1,1,8.529439359817356e-06,0.00015352990847917452
2026-01-20 23:30:00,1.17241,1.17254,1.17232,1.1724999999999999,117,8,0,1,1,8.528784648167757e-05,7.675906183381281e-05
2026-01-20 23:45:00,1.1724999999999999,1.1728399999999999,1.1724999999999999,1.17269,238,8,0,1,1,0.00024729468145878405,8.527402808925546e-05
2026-01-21 00:00:00,1.17267,1.17267,1.17216,1.17233,331,8,0,1,1,5.971014987248854e-05,0.00022178055666913492
2026-01-21 00:15:00,1.17233,1.17234,1.17184,1.17198,312,8,0,1,1,0.00022184678919429253,8.532568815223393e-06
2026-01-21 00:30:00,1.17198,1.1721,1.17178,1.17182,185,8,0,1,1,8.533733849907748e-05,8.533733849907748e-05
2026-01-21 00:45:00,1.17182,1.17233,1.17163,1.17233,382,8,0,1,1,5.971014987248854e-05,0.00022178055666913492
2026-01-21 01:00:00,1.17235,1.17263,1.1722299999999999,1.1724999999999999,427,8,0,1,1,8.528784648167757e-05,7.675906183381281e-05
2026-01-21 01:15:00,1.17248,1.17316,1.17231,1.17314,472,8,0,1,1,0.0005114479090304089,8.52413181704099e-06
2026-01-21 01:30:00,1.17315,1.17339,1.17307,1.17327,392,8,0,1,1,0.0004005898045632893,0.00010227824797371449
2026-01-21 01:45:00,1.17327,1.17336,1.17276,1.17287,436,8,0,1,1,0.00040072642321823423,3.41043764441413e-05
2026-01-21 02:00:00,1.17287,1.17296,1.17259,1.17281,344,8,0,1,1,0.00034958774225987113,1.7053060598162553e-05
2026-01-21 02:15:00,1.17282,1.17289,1.17244,1.17246,283,8,0,1,1,5.1174453712663104e-05,0.00011087798304416651
2026-01-21 02:30:00,1.17246,1.17313,1.17239,1.17289,319,8,0,1,1,0.00041777148752217123,5.1155692349622715e-05
2026-01-21 02:45:00,1.17287,1.17294,1.17256,1.17261,268,8,0,1,1,0.00017908767620932915,1.7055969162730133e-05
2026-01-21 03:00:00,1.17261,1.17287,1.17203,1.1721300000000001,330,8,0,1,1,0.0002303498758670049,0.00011090919949168224
2026-01-21 03:15:00,1.1721300000000001,1.17218,1.1711,1.17117,714,8,0,1,1,0.0004696158542312819,7.68462306923192e-05
2026-01-21 03:30:00,1.17117,1.17154,1.171,1.17145,464,8,0,1,1,0.00023048358871483412,4.268214605820433e-05
2026-01-21 03:45:00,1.17145,1.1718600000000001,1.17141,1.17184,265,8,0,1,1,0.00010240305843792494,6.826870562540962e-05
2026-01-21 04:00:00,1.17184,1.17193,1.17136,1.17142,318,8,0,1,1,0.0002560994348740751,6.829318263311197e-05
2026-01-21 04:15:00,1.17142,1.17167,1.17141,1.17146,240,8,0,1,1,0.0002219452648832645,3.414542536667066e-05
2026-01-21 04:30:00,1.17146,1.17175,1.17137,1.17167,238,8,0,1,1,4.267413179487869e-05,2.560447907685141e-05
2026-01-21 04:45:00,1.17168,1.17202,1.17153,1.17178,323,8,0,1,1,5.120415094979346e-05,6.827220126651761e-05
2026-01-21 05:00:00,1.17177,1.17212,1.17174,1.17201,272,8,0,1,1,0.0002474381617903443,8.532350406622394e-06
2026-01-21 05:15:00,1.17201,1.17208,1.17185,1.17187,272,8,0,1,1,0.0001280005461355547,4.266684871197788e-05
2026-01-21 05:30:00,1.1718600000000001,1.17192,1.17164,1.17166,273,8,0,1,1,5.120939521718846e-05,3.41395968113958e-05
2026-01-21 05:45:00,1.17167,1.17178,1.17153,1.17172,227,8,0,1,1,0.0,1.70689243165014e-05
2026-01-21 06:00:00,1.17172,1.172,1.17151,1.17187,315,8,0,1,1,0.0001280005461355547,4.266684871197788e-05
2026-01-21 06:15:00,1.1718600000000001,1.17203,1.17183,1.17199,290,8,0,1,1,0.00023037739229856265,8.532496010924552e-06
2026-01-21 06:30:00,1.172,1.17238,1.1718899999999999,1.1722,330,8,0,1,1,0.00017061934823426038,0.00017061934823407097
2026-01-21 06:45:00,1.17221,1.17246,1.17208,1.17232,309,8,0,1,1,6.824075337798554e-05,0.00023031254265046443
2026-01-21 07:00:00,1.1723,1.17232,1.17134,1.1714,640,8,0,1,1,0.0002731773945706829,8.536793580330287e-05
2026-01-21 07:15:00,1.1714,1.17251,1.1714,1.17232,616,8,0,1,1,6.824075337798554e-05,0.00023031254265046443
2026-01-21 07:30:00,1.17232,1.17234,1.17096,1.17133,719,8,0,1,1,0.000332954846200569,5.976112624112291e-05
2026-01-21 07:45:00,1.17131,1.17194,1.17122,1.17165,728,8,0,1,1,5.974480433577817e-05,4.267486023973325e-05
2026-01-21 08:00:00,1.17167,1.17184,1.17095,1.17118,788,8,0,1,1,0.00046107344729246137,6.830717737654156e-05
2026-01-21 08:15:00,1.17118,1.17141,1.17069,1.17083,700,8,0,1,1,0.0005551617228803835,6.832759666226523e-05
2026-01-21 08:30:00,1.17083,1.17105,1.17046,1.17089,629,8,0,1,1,0.0006063763461981813,0.0001195671668560061
2026-01-21 08:45:00,1.17089,1.17121,1.17076,1.17097,448,8,0,1,1,0.0006404946326550026,5.977949904781036e-05
2026-01-21 09:00:00,1.17097,1.17117,1.17078,1.17086,539,8,0,1,1,0.0005807696906547443,9.394803819419443e-05
2026-01-21 09:15:00,1.17086,1.1712500000000001,1.17076,1.17112,464,8,0,1,1,0.0005123300771911982,6.831067695868738e-05
2026-01-21 09:30:00,1.17112,1.17112,1.17042,1.17056,458,8,0,1,1,0.00032463094587210136,0.0001452296336796093
2026-01-21 09:45:00,1.17056,1.17064,1.1701,1.17033,482,8,0,1,1,0.00012816897798065033,0.00012816897798065033
2026-01-21 10:00:00,1.17033,1.17082,1.17022,1.17057,564,8,0,1,1,0.00033317101924712955,0.00013668554635770433
2026-01-21 10:15:00,1.17057,1.17076,1.17038,1.17042,537,8,0,1,1,0.0002050545957861434,0.0002050545957861434
2026-01-21 10:30:00,1.17042,1.17082,1.17009,1.17073,451,8,0,1,1,0.0004697923517805561,0.0
2026-01-21 10:45:00,1.17072,1.17081,1.17052,1.17066,436,8,0,1,1,0.00041002511403826554,5.9795329130588295e-05
2026-01-21 11:00:00,1.17066,1.17085,1.17043,1.17052,521,8,0,1,1,0.0002904691931791058,0.00017940744284595178
2026-01-21 11:15:00,1.17053,1.17159,1.17034,1.17122,533,8,0,1,1,0.00042690527825700294,3.4152422260582987e-05
2026-01-21 11:30:00,1.1712,1.17165,1.17109,1.1714,522,8,0,1,1,0.0002731773945706829,8.536793580330287e-05
2026-01-21 11:45:00,1.1714,1.172,1.17117,1.17138,626,8,0,1,1,0.00029025593744131447,0.00010244327203802178
2026-01-21 12:00:00,1.17139,1.1721300000000001,1.17115,1.17201,590,8,0,1,1,0.0002474381617903443,8.532350406622394e-06
2026-01-21 12:15:00,1.17202,1.17242,1.1718600000000001,1.17242,498,8,0,1,1,1.705873321839356e-05,0.00014499923235700813
2026-01-21 12:30:00,1.17241,1.17313,1.17237,1.173,560,8,0,1,1,0.0005115089514065933,0.00012787723785155367
2026-01-21 12:45:00,1.17301,1.17355,1.17298,1.17343,496,8,0,1,1,0.000264182780395961,0.00023861670487379562
2026-01-21 13:00:00,1.1734499999999999,1.17394,1.17318,1.17354,632,8,0,1,1,0.00017042452749797875,0.00033232782862119097
2026-01-21 13:15:00,1.17355,1.17365,1.17282,1.17306,606,8,0,1,1,0.00056263106746448,7.672241829055928e-05
2026-01-21 13:30:00,1.17306,1.1735,1.1728399999999999,1.17347,570,8,0,1,1,0.00023008683647642673,0.00027269550989807834
2026-01-21 13:45:00,1.17349,1.17427,1.17315,1.17392,1019,8,0,1,1,0.0001533324246968013,0.0006559220389806455
2026-01-21 14:00:00,1.17391,1.17403,1.1715,1.17241,3066,8,0,1,1,8.529439359817356e-06,0.00015352990847917452
2026-01-21 14:15:00,1.1724,1.17278,1.1715200000000001,1.17236,1848,8,0,1,1,3.411921252860896e-05,0.00019618547203926478
2026-01-21 14:30:00,1.17237,1.17282,1.17222,1.17259,1292,8,0,1,1,0.0001620344707015346,0.0
2026-01-21 14:45:00,1.17259,1.17295,1.17203,1.17246,1139,8,0,1,1,5.1174453712663104e-05,0.00011087798304416651
2026-01-21 15:00:00,1.17243,1.17283,1.17198,1.172,1123,8,0,1,1,0.00023890784982921157,0.0
2026-01-21 15:15:00,1.17202,1.17227,1.17042,1.17083,1335,8,0,1,1,0.0005551617228803835,6.832759666226523e-05
2026-01-21 15:30:00,1.17083,1.17155,1.17066,1.17132,1099,8,0,1,1,0.000341495065396457,5.12242598094022e-05
2026-01-21 15:45:00,1.17132,1.17144,1.17003,1.17016,1085,8,0,1,1,1.7091679770210037e-05,1.7091679770210037e-05
2026-01-21 16:00:00,1.17016,1.17082,1.17012,1.17078,822,8,0,1,1,0.0005124788602469584,2.5623943012328956e-05
2026-01-21 16:15:00,1.17079,1.1709,1.16943,1.17023,865,8,0,1,1,4.2726643480431636e-05,4.2726643480431636e-05
2026-01-21 16:30:00,1.17022,1.17104,1.1701,1.17019,1003,8,0,1,1,8.545620796678754e-06,8.545620796678754e-06
2026-01-21 16:45:00,1.17018,1.17071,1.16964,1.1703000000000001,1579,8,0,1,1,0.00010253781081784158,0.00010253781081784158
2026-01-21 17:00:00,1.17033,1.17093,1.17008,1.1709,851,8,0,1,1,0.0006149116064566179,0.00011956614569991372
2026-01-21 17:15:00,1.17092,1.17111,1.17071,1.17073,613,8,0,1,1,0.0004697923517805561,0.0
2026-01-21 17:30:00,1.17073,1.17073,1.16965,1.16983,775,8,0,1,1,8.548250600380798e-06,0.0002222545156135071
2026-01-21 17:45:00,1.16983,1.17035,1.16967,1.17026,601,8,0,1,1,6.836087707012118e-05,6.836087707012118e-05
2026-01-21 18:00:00,1.17025,1.17032,1.16978,1.16989,564,8,0,1,1,4.273906093725347e-05,0.0001709562437493935
2026-01-21 18:15:00,1.16989,1.1700599999999999,1.16965,1.16993,415,8,0,1,1,8.547519937146251e-06,0.00013676031899358083
2026-01-21 18:30:00,1.16992,1.17015,1.16932,1.16965,528,8,0,1,1,0.00014534262386184198,0.00037618090881887394
2026-01-21 18:45:00,1.16965,1.16996,1.16955,1.16966,374,8,0,1,1,0.00013679188824116412,0.00036762819964789126
2026-01-21 19:00:00,1.16967,1.16978,1.16943,1.16971,383,8,0,1,1,9.404040317690239e-05,0.00032486684733826925
2026-01-21 19:15:00,1.1697,1.1705,1.16797,1.16856,1779,8,0,1,1,0.00042787704525222917,5.990278633533109e-05
2026-01-21 19:30:00,1.16855,1.1687,1.16767,1.168,1966,8,0,1,1,0.00021404109589029234,0.0001626712328768275
2026-01-21 19:45:00,1.16799,1.16914,1.16779,1.1691,892,8,0,1,1,3.42143529210846e-05,0.00034214352921046613
2026-01-21 20:00:00,1.16912,1.16917,1.16832,1.16841,694,8,0,1,1,0.0005563115687130712,3.4234558074682696e-05
2026-01-21 20:15:00,1.16841,1.16868,1.1676,1.16797,723,8,0,1,1,0.00018836100242291065,0.00018836100242310076
2026-01-21 20:30:00,1.1679599999999999,1.16852,1.1679599999999999,1.16843,586,8,0,1,1,0.0005391850602945049,5.135095812344002e-05
2026-01-21 20:45:00,1.16844,1.16892,1.16837,1.16864,491,8,0,1,1,0.00035939211391026066,8.556955092965728e-06
2026-01-21 21:00:00,1.16866,1.1687,1.1684,1.16856,226,8,0,1,1,0.00042787704525222917,5.990278633533109e-05
2026-01-21 21:15:00,1.16856,1.16871,1.16835,1.16837,253,8,0,1,1,0.0005306538168558273,0.0
2026-01-21 21:30:00,1.16839,1.1689,1.16839,1.1688,156,8,0,1,1,0.00022245037645442074,8.555783709786873e-05
2026-01-21 21:45:00,1.1688,1.1689,1.16848,1.16848,206,8,0,1,1,0.0004963713542380058,9.413939476931954e-05
2026-01-21 22:00:00,1.16842,1.16846,1.16819,1.1682,84,48,0,1,1,0.000385208012326519,8.560178051569481e-06
2026-01-21 22:15:00,1.16827,1.16846,1.16822,1.16846,98,48,0,1,1,0.0005134963969668913,7.702445954516673e-05
2026-01-21 22:30:00,1.16845,1.16849,1.16837,1.16848,122,48,0,1,1,0.0004963713542380058,9.413939476931954e-05
2026-01-21 22:45:00,1.16849,1.16855,1.16836,1.16855,102,8,0,1,1,0.00043643832099611525,6.846091309749691e-05
2026-01-21 23:00:00,1.16854,1.16854,1.16802,1.16804,214,8,0,1,1,0.0002482791685215416,0.00012842025958023228
2026-01-21 23:15:00,1.16804,1.1681300000000001,1.16764,1.16765,171,8,0,1,1,5.994947116003468e-05,0.00046246734894873025
2026-01-21 23:30:00,1.16765,1.16766,1.16694,1.16745,427,8,0,1,1,9.422245064033105e-05,0.00043684954387769104
2026-01-21 23:45:00,1.16745,1.16751,1.16714,1.16727,191,8,0,1,1,5.996898746649404e-05,0.0002827109409133632
2026-01-22 00:00:00,1.16726,1.1679,1.16724,1.1678,346,8,0,1,1,4.2815550607881035e-05,0.0003339612947423467
2026-01-22 00:15:00,1.1678,1.16794,1.16757,1.16775,254,8,0,1,1,0.0,0.00037679297794904383
2026-01-22 00:30:00,1.16777,1.16871,1.16777,1.16855,691,8,0,1,1,0.00043643832099611525,6.846091309749691e-05
2026-01-22 00:45:00,1.16855,1.16894,1.16841,1.16868,445,8,0,1,1,0.00032515316425372814,1.711332443451674e-05
2026-01-22 01:00:00,1.16868,1.16871,1.16819,1.16835,480,8,0,1,1,0.0005135447425856412,1.7118158086112022e-05
2026-01-22 01:15:00,1.16835,1.1685,1.16808,1.1685,405,8,0,1,1,0.00047924689773204437,0.00011125374411635726
2026-01-22 01:30:00,1.1685,1.16864,1.16837,1.16859,365,8,0,1,1,0.00040219409715979977,3.4229284864700195e-05
2026-01-22 01:45:00,1.1685699999999999,1.16898,1.16851,1.16885,385,8,0,1,1,0.00017966377208370919,0.0001283312657739423
2026-01-22 02:00:00,1.16885,1.16932,1.16876,1.16912,328,8,0,1,1,5.132065143009185e-05,0.0003592445600108329
2026-01-22 02:15:00,1.16912,1.16914,1.1684,1.16851,305,8,0,1,1,0.00047068488930351513,0.00010269488493904204
2026-01-22 02:30:00,1.16851,1.1687,1.1683,1.1685,308,8,0,1,1,0.00047924689773204437,0.00011125374411635726
2026-01-22 02:45:00,1.1685,1.1687,1.16837,1.16853,303,8,0,1,1,0.000453561312075787,8.557760605203887e-05
2026-01-22 03:00:00,1.16853,1.16868,1.16846,1.16865,244,8,0,1,1,0.0003508321567620943,1.7113763744413622e-05
2026-01-22 03:15:00,1.16865,1.16881,1.16853,1.16876,201,8,0,1,1,0.00025668229576642507,5.133645915324702e-05
2026-01-22 03:30:00,1.16877,1.16878,1.16854,1.16864,195,8,0,1,1,0.00035939211391026066,8.556955092965728e-06
2026-01-22 03:45:00,1.16864,1.16899,1.16858,1.16887,237,8,0,1,1,0.00016255015527809975,0.00014543961261731712
2026-01-22 04:00:00,1.16886,1.16966,1.16885,1.1696,308,8,0,1,1,0.0001367989056087021,0.00041894664842689937
2026-01-22 04:15:00,1.16961,1.1696900000000001,1.1693500000000001,1.16941,244,8,0,1,1,2.5653962254448387e-05,0.0005814898111013365
2026-01-22 04:30:00,1.16941,1.16942,1.16904,1.16906,214,8,0,1,1,0.0,0.00030793971224737476
2026-01-22 04:45:00,1.16906,1.16923,1.16896,1.16912,156,8,0,1,1,5.132065143009185e-05,0.0003592445600108329
2026-01-22 05:00:00,1.1691,1.16916,1.16894,1.16915,218,8,0,1,1,7.697900183887737e-05,0.0003848950091945768
2026-01-22 05:15:00,1.16915,1.16917,1.16873,1.1688,251,8,0,1,1,0.00022245037645442074,8.555783709786873e-05
2026-01-22 05:30:00,1.1688,1.16892,1.16865,1.16867,175,8,0,1,1,0.0003337126819374934,2.567020630286949e-05
2026-01-22 05:45:00,1.16867,1.16887,1.1684,1.1688,316,8,0,1,1,0.00022245037645442074,8.555783709786873e-05
2026-01-22 06:00:00,1.1688,1.16901,1.16844,1.16867,372,8,0,1,1,0.0003337126819374934,2.567020630286949e-05
2026-01-22 06:15:00,1.16867,1.1690800000000001,1.16864,1.16898,358,8,0,1,1,6.843573029485536e-05,0.00023952505603161385
2026-01-22 06:30:00,1.16897,1.16916,1.16864,1.16864,353,8,0,1,1,0.00035939211391026066,8.556955092965728e-06
2026-01-22 06:45:00,1.16864,1.16892,1.16838,1.1688,348,8,0,1,1,0.00022245037645442074,8.555783709786873e-05
2026-01-22 07:00:00,1.1688,1.16888,1.16845,1.16848,530,8,0,1,1,0.0004963713542380058,9.413939476931954e-05
2026-01-22 07:15:00,1.1685,1.16909,1.16843,1.16887,514,8,0,1,1,0.00016255015527809975,0.00014543961261731712
2026-01-22 07:30:00,1.16887,1.16927,1.16865,1.16896,535,8,0,1,1,8.554612647138395e-05,0.0002224199288255603
2026-01-22 07:45:00,1.16896,1.16956,1.16893,1.16903,623,8,0,1,1,2.5662301224069948e-05,0.00028228531346495935
2026-01-22 08:00:00,1.16902,1.16921,1.16858,1.16862,641,8,0,1,1,0.0003765124676969382,8.557101538622916e-06
2026-01-22 08:15:00,1.16861,1.16947,1.16861,1.16897,755,8,0,1,1,7.699085519724499e-05,0.0002309725655919249
2026-01-22 08:30:00,1.16895,1.16907,1.16837,1.16861,589,8,0,1,1,0.0003850728643431611,1.71143495264725e-05
2026-01-22 08:45:00,1.16861,1.16898,1.16842,1.16885,501,8,0,1,1,0.00017966377208370919,0.0001283312657739423
2026-01-22 09:00:00,1.16887,1.16916,1.16872,1.16897,524,8,0,1,1,7.699085519724499e-05,0.0002309725655919249
2026-01-22 09:15:00,1.16898,1.16971,1.16879,1.16925,569,8,0,1,1,0.00016249732734651483,0.0004703870002136656
2026-01-22 09:30:00,1.16926,1.16949,1.16893,1.1693,510,8,0,1,1,0.00011972975284360642,0.0005131275121867219
2026-01-22 09:45:00,1.1693,1.16953,1.169,1.16925,540,8,0,1,1,0.00016249732734651483,0.0004703870002136656
2026-01-22 10:00:00,1.16923,1.16951,1.16876,1.16879,439,8,0,1,1,0.00023100813661991674,7.700271220657558e-05
2026-01-22 10:15:00,1.16879,1.16887,1.16863,1.16875,389,8,0,1,1,0.00026524064171125773,4.27807486630019e-05
2026-01-22 10:30:00,1.1687400000000001,1.16938,1.16872,1.16909,364,8,0,1,1,2.5660984184258262e-05,0.00033359279439554735
2026-01-22 10:45:00,1.16909,1.16949,1.16864,1.16948,460,8,0,1,1,3.420323562612443e-05,0.0005215993432978755
2026-01-22 11:00:00,1.16948,1.16982,1.16919,1.16936,524,8,0,1,1,6.841349114052132e-05,0.0005644113019086362
2026-01-22 11:15:00,1.16939,1.16992,1.169,1.16973,920,8,0,1,1,7.694083249993206e-05,0.00030776332999934855
2026-01-22 11:30:00,1.16975,1.17022,1.16962,1.17013,868,8,0,1,1,4.273029492458575e-05,3.418423593944089e-05
2026-01-22 11:45:00,1.17013,1.17037,1.17005,1.17017,545,8,0,1,1,8.545766854444664e-06,8.545766854444664e-06
2026-01-22 12:00:00,1.17016,1.17042,1.17008,1.17035,428,8,0,1,1,0.00014525569274149056,0.00014525569274149056
2026-01-22 12:15:00,1.17035,1.17086,1.17031,1.17063,419,8,0,1,1,0.00038440839547940973,8.54240878842922e-05
2026-01-22 12:30:00,1.17062,1.17072,1.17016,1.1703000000000001,592,8,0,1,1,0.00010253781081784158,0.00010253781081784158
2026-01-22 12:45:00,1.17029,1.17049,1.16997,1.17033,484,8,0,1,1,0.00012816897798065033,0.00012816897798065033
2026-01-22 13:00:00,1.17032,1.17113,1.17024,1.17087,560,8,0,1,1,0.0005893053883010747,0.00010248789361766891
2026-01-22 13:15:00,1.17086,1.17182,1.17086,1.1713,751,8,0,1,1,0.00035857594126192005,3.4150089644019465e-05
2026-01-22 13:30:00,1.17129,1.17173,1.17066,1.17138,1224,8,0,1,1,0.00029025593744131447,0.00010244327203802178
2026-01-22 13:45:00,1.17139,1.17143,1.17097,1.17135,750,8,0,1,1,0.00031587484526418536,7.683442182091048e-05
2026-01-22 14:00:00,1.17137,1.17187,1.17131,1.17137,686,8,0,1,1,0.0002987954275763187,9.390713438115583e-05
2026-01-22 14:15:00,1.17138,1.1716199999999999,1.17103,1.17138,796,8,0,1,1,0.00029025593744131447,0.00010244327203802178
2026-01-22 14:30:00,1.17138,1.17252,1.17135,1.17206,1079,8,0,1,1,0.00029008753818064514,5.119191850261166e-05
2026-01-22 14:45:00,1.17208,1.17238,1.17182,1.17195,971,8,0,1,1,0.00019625410640381624,1.7065574469822925e-05
2026-01-22 15:00:00,1.17199,1.17264,1.1718,1.17255,894,8,0,1,1,0.00012792631444277213,3.411368385146903e-05
2026-01-22 15:15:00,1.17256,1.17293,1.1724700000000001,1.17278,791,8,0,1,1,0.00032401643957078477,4.2633742048897084e-05
2026-01-22 15:30:00,1.17278,1.17319,1.17237,1.17313,748,8,0,1,1,0.0005199764731956385,1.704840895715648e-05
2026-01-22 15:45:00,1.17311,1.17336,1.1727400000000001,1.17336,801,8,0,1,1,0.00032385627599376747,0.00017897320515446538
2026-01-22 16:00:00,1.17336,1.1745700000000001,1.17329,1.17448,802,8,0,1,1,6.811525100476807e-05,0.0003746338805258463
2026-01-22 16:15:00,1.1745,1.1750099999999999,1.17413,1.17414,806,8,0,1,1,6.813497538630828e-05,0.0006643160100158439
2026-01-22 16:30:00,1.17414,1.17459,1.17392,1.17416,827,8,0,1,1,5.110036110917505e-05,0.0006472712407166586
2026-01-22 16:45:00,1.17417,1.17443,1.17383,1.17383,598,8,0,1,1,7.66720905070781e-05,0.0005793002393873167
2026-01-22 17:00:00,1.17381,1.17402,1.17263,1.17376,1253,8,0,1,1,1.703925845139465e-05,0.0005196973827699014
2026-01-22 17:15:00,1.17377,1.17417,1.17336,1.1741,691,8,0,1,1,0.00010220594497923518,0.0006984072906907785
2026-01-22 17:30:00,1.1741,1.17475,1.17394,1.17473,491,8,0,1,1,0.00014471410451763678,0.00016173929328433976
2026-01-22 17:45:00,1.17473,1.17475,1.17452,1.17465,436,8,0,1,1,7.66185672327276e-05,0.00022985570169837183
2026-01-22 18:00:00,1.17463,1.17465,1.17427,1.1745,476,8,0,1,1,5.10855683269042e-05,0.00035759897828851843
2026-01-22 18:15:00,1.17449,1.17483,1.17445,1.17455,332,8,0,1,1,8.513898940075359e-06,0.00031501426078070873
2026-01-22 18:30:00,1.17453,1.17476,1.1745,1.1745700000000001,268,8,0,1,1,8.513753969593562e-06,0.0002979813889336952
2026-01-22 18:45:00,1.1745700000000001,1.17479,1.17452,1.1747,270,8,0,1,1,0.00011917936494426576,0.00018728185919799687
2026-01-22 19:00:00,1.1747,1.17477,1.17429,1.17434,352,8,0,1,1,7.663879285379318e-05,0.0004938944428359972
2026-01-22 19:15:00,1.17434,1.17438,1.17418,1.17427,304,8,0,1,1,1.7031858090480876e-05,0.0005535353879431812
2026-01-22 19:30:00,1.17426,1.17442,1.17409,1.17427,364,8,0,1,1,1.7031858090480876e-05,0.0005535353879431812
2026-01-22 19:45:00,1.17427,1.17446,1.17416,1.17436,316,8,0,1,1,9.366804046463988e-05,0.0004768554787287492
2026-01-22 20:00:00,1.17436,1.17466,1.17415,1.17466,277,8,0,1,1,8.513101663459127e-05,0.0002213406432498995
2026-01-22 20:15:00,1.1746699999999999,1.17481,1.17459,1.17466,290,8,0,1,1,8.513101663459127e-05,0.0002213406432498995
2026-01-22 20:30:00,1.17466,1.17506,1.17454,1.17503,322,8,0,1,1,8.510421010526453e-05,9.361463111584768e-05
2026-01-22 20:45:00,1.17502,1.17524,1.17472,1.17487,361,8,0,1,1,5.1069480027534095e-05,4.255790002288208e-05
2026-01-22 21:00:00,1.17486,1.1749100000000001,1.17468,1.17485,226,8,0,1,1,6.809379920847769e-05,5.958207430737073e-05
2026-01-22 21:15:00,1.17485,1.17546,1.1748,1.17545,252,8,0,1,1,0.00021268450380712364,5.955166106598706e-05
2026-01-22 21:30:00,1.17545,1.17545,1.17524,1.17537,157,8,0,1,1,0.00014463530632907382,2.5523877587461386e-05
2026-01-22 21:45:00,1.17539,1.17555,1.1752,1.1752,292,8,0,1,1,0.0,5.105513955067136e-05
2026-01-22 22:00:00,1.17521,1.17524,1.17493,1.17506,114,48,0,1,1,0.00011063264854557511,6.808162987428728e-05
2026-01-22 22:15:00,1.17505,1.17526,1.17505,1.17525,130,48,0,1,1,4.254413954467856e-05,7.65794511807237e-05
2026-01-22 22:30:00,1.17525,1.17534,1.17512,1.17531,143,48,0,1,1,9.359232883243952e-05,2.5525180590630974e-05
2026-01-22 22:45:00,1.17531,1.17548,1.17522,1.17546,88,20,0,1,1,0.00022119000221183788,5.104384666443012e-05
2026-01-22 23:00:00,1.17554,1.1759,1.17553,1.17568,245,8,0,1,1,0.0004082743603701993,8.505715841100904e-06
2026-01-22 23:15:00,1.17567,1.17574,1.17555,1.1756199999999999,146,8,0,1,1,0.00035725829774915785,4.2530749732146037e-05
2026-01-22 23:30:00,1.1756199999999999,1.17564,1.17531,1.17538,139,8,0,1,1,0.00015314196259938828,3.4031547244329496e-05
2026-01-22 23:45:00,1.17537,1.17547,1.17529,1.17535,199,8,0,1,1,0.00012762155953534903,8.508103968897323e-06
2026-01-23 00:00:00,1.17535,1.17535,1.17486,1.17489,287,8,0,1,1,3.404574045233171e-05,2.5534305339201534e-05
2026-01-23 00:15:00,1.17487,1.17513,1.17485,1.17509,234,8,0,1,1,9.360985116038304e-05,4.2549932345697366e-05
2026-01-23 00:30:00,1.17509,1.17522,1.17483,1.17488,262,8,0,1,1,4.255753779118337e-05,3.40460302329089e-05
2026-01-23 00:45:00,1.17488,1.17496,1.17476,1.17477,302,8,0,1,1,0.00013619687257926058,0.00012768456804299774
2026-01-23 01:00:00,1.17477,1.17492,1.17466,1.17473,317,8,0,1,1,0.00014471410451763678,0.00016173929328433976
2026-01-23 01:15:00,1.17473,1.17536,1.17473,1.17511,612,8,0,1,1,7.658857468655996e-05,2.5529524895519985e-05
2026-01-23 01:30:00,1.17511,1.17517,1.17485,1.17496,401,8,0,1,1,2.5532784094755984e-05,3.4043712126404306e-05
2026-01-23 01:45:00,1.17495,1.1752,1.17475,1.17489,304,8,0,1,1,3.404574045233171e-05,2.5534305339201534e-05
2026-01-23 02:00:00,1.17487,1.17497,1.1745700000000001,1.17482,336,8,0,1,1,9.363136480486756e-05,8.511942254982805e-05
2026-01-23 02:15:00,1.17482,1.17488,1.17473,1.17479,174,8,0,1,1,0.0001191702346802654,0.00011065807506019245
2026-01-23 02:30:00,1.1748,1.17496,1.17437,1.17449,248,8,0,1,1,5.960033716763403e-05,0.0003661163568867597
2026-01-23 02:45:00,1.17449,1.17469,1.17441,1.1745,344,8,0,1,1,5.10855683269042e-05,0.00035759897828851843
2026-01-23 03:00:00,1.17449,1.17484,1.17449,1.17464,357,8,0,1,1,6.810597289370188e-05,0.00023837090512842914
2026-01-23 03:15:00,1.17464,1.17475,1.17441,1.17445,285,8,0,1,1,9.366086253144408e-05,0.00040018732172503765
2026-01-23 03:30:00,1.17444,1.17452,1.17435,1.17446,232,8,0,1,1,8.514551368287466e-05,0.00039166936294118566
2026-01-23 03:45:00,1.17446,1.17462,1.17432,1.17435,204,8,0,1,1,8.515348916420913e-05,0.0004853748882360109
2026-01-23 04:00:00,1.17435,1.17447,1.17429,1.17445,188,8,0,1,1,9.366086253144408e-05,0.00040018732172503765
2026-01-23 04:15:00,1.17446,1.1746,1.17441,1.17446,115,8,0,1,1,8.514551368287466e-05,0.00039166936294118566
2026-01-23 04:30:00,1.17446,1.17481,1.17442,1.1748,158,8,0,1,1,0.00011065713312901215,0.00010214504596518383
2026-01-23 04:45:00,1.17482,1.17507,1.17469,1.17497,229,8,0,1,1,3.4043422385286435e-05,4.2554277981655286e-05
2026-01-23 05:00:00,1.17497,1.17519,1.17495,1.17508,184,8,0,1,1,0.00010212070667539233,5.106035333779065e-05
2026-01-23 05:15:00,1.17508,1.17536,1.17499,1.17503,249,8,0,1,1,8.510421010526453e-05,9.361463111584768e-05
2026-01-23 05:30:00,1.17504,1.17523,1.175,1.17519,236,8,0,1,1,8.509262332104181e-06,4.2546311660143015e-05
2026-01-23 05:45:00,1.17519,1.1752,1.17494,1.17505,240,8,0,1,1,0.00010212331390144928,7.659248542627592e-05
2026-01-23 06:00:00,1.17505,1.17527,1.17464,1.17474,302,8,0,1,1,0.00015322539455526072,0.00015322539455544972
2026-01-23 06:15:00,1.17474,1.17477,1.17433,1.17435,482,8,0,1,1,8.515348916420913e-05,0.0004853748882360109
2026-01-23 06:30:00,1.17435,1.17478,1.17435,1.17443,501,8,0,1,1,0.00011069199526575741,0.000417223674463254
2026-01-23 06:45:00,1.17441,1.1746,1.17411,1.17419,570,8,0,1,1,2.5549527759540184e-05,0.0006217051754825858
2026-01-23 07:00:00,1.17419,1.17444,1.17403,1.17419,558,8,0,1,1,2.5549527759540184e-05,0.0006217051754825858
2026-01-23 07:15:00,1.17419,1.17421,1.17353,1.17366,482,8,0,1,1,6.816284102728219e-05,0.00043453811154849824
2026-01-23 07:30:00,1.17367,1.17463,1.17348,1.17427,1155,8,0,1,1,1.7031858090480876e-05,0.0005535353879431812
2026-01-23 07:45:00,1.17425,1.17471,1.1735,1.17358,1556,8,0,1,1,0.00013633497503360483,0.00036640024540308497
2026-01-23 08:00:00,1.17357,1.17392,1.17313,1.17347,974,8,0,1,1,0.00023008683647642673,0.00027269550989807834
2026-01-23 08:15:00,1.17349,1.17349,1.17281,1.17309,651,8,0,1,1,0.0005540921838904428,5.114697082060966e-05
2026-01-23 08:30:00,1.17312,1.17449,1.17312,1.17448,797,8,0,1,1,6.811525100476807e-05,0.0003746338805258463
2026-01-23 08:45:00,1.17448,1.17448,1.17391,1.174,601,8,0,1,1,0.0001873935264055443,0.0007240204429301682
2026-01-23 09:00:00,1.1739600000000001,1.17431,1.1736,1.17377,744,8,0,1,1,2.5558669926795277e-05,0.0005282125118209401
2026-01-23 09:15:00,1.17377,1.17436,1.17359,1.1741,514,8,0,1,1,0.00010220594497923518,0.0006984072906907785
2026-01-23 09:30:00,1.17412,1.17447,1.17382,1.17417,626,8,0,1,1,4.25832715876794e-05,0.0006387490738138672
2026-01-23 09:45:00,1.17419,1.17428,1.17347,1.17352,637,8,0,1,1,0.00018747017519949298,0.0003152907491989753
2026-01-23 10:00:00,1.17354,1.17358,1.1730800000000001,1.1731,490,8,0,1,1,0.0005455630381041462,4.262211235178882e-05
2026-01-23 10:15:00,1.17311,1.1733,1.17297,1.17317,390,8,0,1,1,0.00048586308889586285,1.7047827680669486e-05
2026-01-23 10:30:00,1.17317,1.17346,1.17309,1.17314,304,8,0,1,1,0.0005114479090304089,8.52413181704099e-06
2026-01-23 10:45:00,1.17313,1.17355,1.17304,1.17343,444,8,0,1,1,0.000264182780395961,0.00023861670487379562
2026-01-23 11:00:00,1.17344,1.17354,1.17304,1.17346,521,8,0,1,1,0.00023861060453705962,0.0002641760264517176
2026-01-23 11:15:00,1.17346,1.17384,1.17329,1.17367,487,8,0,1,1,5.964197772799381e-05,0.0004430546916936413
2026-01-23 11:30:00,1.17366,1.17384,1.17353,1.17367,370,8,0,1,1,5.964197772799381e-05,0.0004430546916936413
2026-01-23 11:45:00,1.17367,1.174,1.17349,1.17371,545,8,0,1,1,2.55599764847999e-05,0.0004771195610501026
2026-01-23 12:00:00,1.17372,1.17395,1.17362,1.1738,421,8,0,1,1,5.1116033395765025e-05,0.0005537570284546256
2026-01-23 12:15:00,1.1738,1.17393,1.17371,1.17386,280,8,0,1,1,0.0001022268413608931,0.000604842144719122
2026-01-23 12:30:00,1.17385,1.17429,1.17374,1.17397,429,8,0,1,1,0.00019591642035141654,0.0006984846290791442
2026-01-23 12:45:00,1.17399,1.17442,1.17395,1.1742,437,8,0,1,1,1.7032873445861884e-05,0.0006131834440470567
2026-01-23 13:00:00,1.17421,1.17444,1.17404,1.17444,451,8,0,1,1,0.00010217635639123329,0.000408705425564555
2026-01-23 13:15:00,1.17444,1.1747,1.1741,1.17433,486,8,0,1,1,6.81239515298766e-05,0.0005024141425322255
2026-01-23 13:30:00,1.17431,1.1743999999999999,1.1738,1.17416,507,8,0,1,1,5.110036110917505e-05,0.0006472712407166586
2026-01-23 13:45:00,1.17417,1.17417,1.17324,1.17338,546,8,0,1,1,0.0003068059793075695,0.00019601493122447502
2026-01-23 14:00:00,1.17339,1.17391,1.17315,1.17388,553,8,0,1,1,0.00011926261628107557,0.0006218693563227242
2026-01-23 14:15:00,1.17387,1.1745,1.17374,1.17439,524,8,0,1,1,0.00011921082434287501,0.0004512981207264362
2026-01-23 14:30:00,1.17441,1.1745,1.17394,1.17404,650,8,0,1,1,0.00015331675241053882,0.0007495485673401179
2026-01-23 14:45:00,1.17405,1.17478,1.17404,1.17464,669,8,0,1,1,6.810597289370188e-05,0.00023837090512842914
2026-01-23 15:00:00,1.17466,1.17514,1.17454,1.17472,688,8,0,1,1,0.00013620266957227082,0.00017025333696538578
2026-01-23 15:15:00,1.17472,1.17533,1.17468,1.17495,709,8,0,1,1,1.7022000936132584e-05,2.553300140429337e-05
2026-01-23 15:30:00,1.17495,1.1752,1.17479,1.17487,499,8,0,1,1,5.1069480027534095e-05,4.255790002288208e-05
2026-01-23 15:45:00,1.17489,1.1761,1.17484,1.17575,778,8,0,1,1,0.0004252604720390771,6.804167552632788e-05
2026-01-23 16:00:00,1.17575,1.17585,1.17468,1.17468,694,8,0,1,1,0.00010215548064144956,0.00020431096128308815
2026-01-23 16:15:00,1.17466,1.17632,1.17461,1.17631,933,8,0,1,1,5.100696245033111e-05,0.00026353597266029575
2026-01-23 16:30:00,1.17632,1.1768399999999999,1.17626,1.17671,861,8,0,1,1,0.00011897578842707975,7.648443541732753e-05
2026-01-23 16:45:00,1.17671,1.1775,1.17657,1.17703,1005,8,0,1,1,0.00015292728307695556,0.0001359353627349668
2026-01-23 17:00:00,1.17702,1.17839,1.17685,1.17831,1058,8,0,1,1,0.00025460192988260047,0.00122208926343652
2026-01-23 17:15:00,1.17829,1.17932,1.17795,1.17923,1202,8,0,1,0,0.0003052839564800047,0.002001305936924873
2026-01-23 17:30:00,1.17923,1.17983,1.17824,1.17854,1604,8,0,1,1,5.939552327457235e-05,0.0014170074838357955
2026-01-23 17:45:00,1.17856,1.17977,1.17847,1.17939,1242,8,0,1,0,0.00019501606762814037,0.00213669778444777
2026-01-23 18:00:00,1.17939,1.17951,1.17776,1.17779,1211,8,0,1,1,3.396191171585594e-05,0.00078112396946808
2026-01-23 18:15:00,1.17777,1.17927,1.17767,1.17902,1162,8,0,1,1,0.0001272243049311059,0.0018235483706806283
2026-01-23 18:30:00,1.17901,1.17904,1.17851,1.17884,846,8,0,1,1,0.0,0.00167113433544843
2026-01-23 18:45:00,1.17884,1.17919,1.17846,1.17916,573,8,0,1,1,0.0002459377862206159,0.0019420604498116484
2026-01-23 19:00:00,1.1791800000000001,1.18003,1.1791,1.17986,676,8,0,1,0,0.00020341396436866915,0.002534198972759333
2026-01-23 19:15:00,1.17985,1.18002,1.17926,1.17958,628,8,0,1,0,3.391037487903996e-05,0.0022974278980654045
2026-01-23 19:30:00,1.17958,1.17985,1.1795,1.17977,513,8,0,1,0,0.000127143426261131,0.0024581062410469015
2026-01-23 19:45:00,1.17976,1.18147,1.1796,1.18113,1023,8,0,1,0,0.001278436751246791,0.003606715602854834
2026-01-23 20:00:00,1.18113,1.18159,1.18094,1.18155,708,8,0,1,0,0.0016334475900302223,0.003960898819347481
2026-01-23 20:15:00,1.18158,1.18263,1.18152,1.18217,869,8,0,0,0,0.002157050170449303,0.004483280746423832
2026-01-23 20:30:00,1.18218,1.18218,1.18128,1.18177,717,8,0,1,0,0.0018193049408938256,0.004146322888548453
2026-01-23 20:45:00,1.18177,1.18232,1.18144,1.18207,627,8,0,0,0,0.002072635292326227,0.004399062661263607
2026-01-23 21:00:00,1.18208,1.1831,1.18203,1.18286,575,8,0,0,0,0.0027391238185416125,0.005063997429957848
2026-01-23 21:15:00,1.18285,1.18331,1.18245,1.1829,649,8,0,0,0,0.002772846394454452,0.0050976413898047
2026-01-23 21:30:00,1.18289,1.18316,1.18214,1.18258,500,8,0,0,0,0.0025030019110758458,0.004828425983865685
2026-01-23 21:45:00,1.1825700000000001,1.18298,1.18237,1.18275,448,8,0,0,0,0.00264637497357859,0.0049714648065947034
